Name,FileSource,Secondary,Storage,Bus,VolumeGroup,DuckGroup,Duck,ReverbSend,CenterSend,VolMin,VolMax,DistMin,DistMaxDry,DistMaxWet,DryMinCurve,DryMaxCurve,WetMinCurve,WetMaxCurve,LimitCount,EntityLimitCount,LimitType,EntityLimitType,PitchMin,PitchMax,PriorityMin,PriorityMax,PriorityThresholdMin,PriorityThresholdMax,PanType,Pan,Looping,RandomizeType,Probability,StartDelay,EnvelopMin,EnvelopMax,EnvelopPercent,OcclusionLevel,IsBig,DistanceLpf,FluxType,FluxTime,Subtitle,Doppler,ContextType,ContextValue,Timescale,IsMusic,IsCinematic,FadeIn,FadeOut,Pauseable,StopOnEntDeath,StopOnPlay,DopplerScale,FutzPatch,VoiceLimit,IgnoreMaxDist,NeverPlayTwice
zmqol_wf_start,raw\sound\zmb\level\zm_tomb\random_perk_machine\rand_perk_mach_start.SN50.pc.snd.flac,,streamed,bus_fx,grp_ambience,snp_ambience,,60,0,87,87,37,250,300,allon,default,allon,default,6,8,priority,oldest,-50,50,10,50,0,1,3d,default,nonlooping,,1,0,0,0,0,0.3,no,yes,none,0,,no,,,no,no,no,0,0,yes,no,,0,,no,no,no
zmqol_wf_loop,raw\sound\zmb\level\zm_tomb\random_perk_machine\rand_perk_mach_loop.SL50.pc.snd.flac,,streamed,bus_fx,grp_ambience,snp_ambience,,60,0,90,90,37,250,300,allon,default,allon,default,6,8,priority,oldest,-50,50,10,50,0,1,3d,default,looping,,1,0,0,0,0,0.3,no,yes,none,0,,no,,,no,no,no,300,1000,yes,no,,0,,no,no,no
zmqol_wf_stop,raw\sound\zmb\level\zm_tomb\random_perk_machine\rand_perk_mach_stop.SN50.pc.snd.flac,,streamed,bus_fx,grp_ambience,snp_ambience,,60,0,87,87,37,250,300,allon,default,allon,default,6,8,priority,oldest,-50,50,10,50,0,1,3d,default,nonlooping,,1,0,0,0,0,0.3,no,yes,none,0,,no,,,no,no,no,0,0,yes,no,,0,,no,no,no
zmqol_wf_leave,raw\sound\zmb\level\zm_tomb\random_perk_machine\rand_perk_mach_leave.SN50.pc.snd.flac,,streamed,bus_fx,grp_ambience,snp_ambience,,60,0,87,87,75,350,400,allon,default,allon,default,6,8,priority,oldest,-50,50,10,50,0,1,3d,default,nonlooping,,1,0,0,0,0,0.3,no,yes,none,0,,no,,,no,no,no,0,0,yes,no,,0,,no,no,no
zmqol_cherry_zap,raw\sound\wpn\grenade\taser_mine\explode\tazer_mine.LN50.pc.snd.wav,,loaded,bus_hdrfx,grp_hdrfx,snp_hdrfx,,60,0,89,89,125,625,750,allon,default,allon,default,8,8,priority,oldest,0,0,95,100,0.25,1,3d,default,nonlooping,,1,0,37,50,95,0,no,no,none,0,,no,,,no,no,no,0,0,yes,no,,0,,no,no,no
zmqol_vult_stink_start,raw\sound\zmb\powerup\vulture\stink\start.LN50.pc.snd.wav,,loaded,bus_hdrfx,grp_hdrfx,snp_hdrfx,,19.234,0,81,81,0,5000,5000,allon,default,allon,default,8,8,priority,oldest,0,0,95,100,0,1,2d,quad,nonlooping,,1,0,0,0,0,0,no,yes,none,0,,no,,,no,no,no,0,0,yes,no,,0,,no,no,no
zmqol_vult_stink_stop,raw\sound\zmb\powerup\vulture\stink\stop.LN50.pc.snd.wav,,loaded,bus_hdrfx,grp_hdrfx,snp_hdrfx,,19.234,0,81,81,0,5000,5000,allon,default,allon,default,8,8,priority,oldest,0,0,95,100,0,1,2d,quad,nonlooping,,1,0,0,0,0,0,no,yes,none,0,,no,,,no,no,no,0,0,yes,no,,0,,no,no,no
zmqol_vult_stink_ploop,raw\sound\zmb\powerup\vulture\stink\loop.LL50.pc.snd.wav,,loaded,bus_hdrfx,grp_hdrfx,snp_hdrfx,,19.234,0,74,74,0,5000,5000,allon,default,allon,default,8,8,priority,oldest,0,0,95,100,0,1,2d,quad,looping,,1,0,0,0,0,0,no,yes,none,0,,no,,,no,no,no,0,0,yes,no,,0,,no,no,no
zmqol_vult_stink_loop,raw\sound\amb\insects\loud_flies\flies_loop.LL50.pc.snd.wav,,loaded,bus_fx,grp_ambience,snp_ambience,,60,0,68,68,75,225,275,allon,default,allon,default,7,8,priority,oldest,0,0,10,50,0,1,3d,default,looping,,1,0,0,0,0,0.1,no,yes,none,0,,no,,,no,no,no,0,0,yes,no,,0,,no,no,no
zmqol_vult_drop_spawn,raw\sound\zmb\powerup\vulture\drop.LN50.pc.snd.wav,,loaded,bus_fx,grp_ambience,snp_ambience,,60,0,80,80,75,225,275,allon,default,allon,default,6,8,priority,oldest,-50,50,10,50,0,1,3d,default,nonlooping,,1,0,0,0,0,0.1,no,yes,none,0,,no,,,no,no,no,0,0,yes,no,,0,,no,no,no
zmqol_vult_drop_loop,raw\sound\zmb\powerup\vulture\loop.LL50.pc.snd.wav,,loaded,bus_fx,grp_ambience,snp_ambience,,60,0,80,80,75,225,375,allon,default,allon,default,7,8,priority,oldest,0,0,10,50,0,1,3d,default,looping,,1,0,0,0,0,0.1,no,yes,none,0,,no,,,no,no,no,0,0,yes,no,,0,,no,no,no
zmqol_vult_pickup_ammo,raw\sound\fly\pickups\weapon\fly_weapon_pickup_01.LN50.pc.snd.wav,zmqol_vult_pickup,loaded,bus_hdrfx,grp_hdrfx,snp_hdrfx,,19.234,0,85,85,0,5000,5000,allon,default,allon,default,8,8,priority,oldest,0,0,95,100,0,1,2d,quad,nonlooping,,1,0,0,0,0,0,no,yes,none,0,,no,,,no,no,no,0,0,yes,no,,0,,no,no,no
zmqol_vult_pickup_money,raw\sound\zmb\powerup\vulture\money.LN50.pc.snd.wav,zmqol_vult_pickup,loaded,bus_hdrfx,grp_hdrfx,snp_hdrfx,,19.234,0,85,85,0,5000,5000,allon,default,allon,default,8,8,priority,oldest,0,0,95,100,0,1,2d,quad,nonlooping,,1,0,0,0,0,0,no,yes,none,0,,no,,,no,no,no,0,0,yes,no,,0,,no,no,no
zmqol_vult_pickup,raw\sound\zmb\powerup\vulture\pickup.LN50.pc.snd.wav,,loaded,bus_hdrfx,grp_hdrfx,snp_hdrfx,,19.234,0,80,80,75,225,275,allon,default,allon,default,8,8,priority,oldest,0,0,95,100,0,1,2d,quad,nonlooping,,1,0,0,0,0,0,no,yes,none,0,,no,,,no,no,no,0,0,yes,no,,0,,no,no,no
zmqol_wf_bolt,raw\sound\zmb\level\zm_tomb\random_perk_machine\electricity\random_perk_bolt.SN50.pc.snd.flac,,streamed,bus_fx,grp_ambience,snp_ambience,,60,0,77,77,1500,2000,2000,allon,default,allon,default,6,1,priority,reject,-50,50,10,50,0,1,3d,default,nonlooping,,1,0,0,0,0,0,no,no,none,0,,no,,,no,no,no,0,0,yes,no,,0,,no,no,no
zmqol_wf_sparks,raw\sound\zmb\level\zm_tomb\random_perk_machine\electricity\sparks\random_perk_sparks_00.LN50.pc.snd.wav,,loaded,bus_fx,grp_ambience,snp_ambience,,60,0,74,77,75,550,550,allon,default,allon,default,6,1,priority,reject,-50,50,10,50,0,1,3d,default,nonlooping,,1,0,0,0,0,0,no,yes,none,0,,no,,,no,no,no,0,0,yes,no,,0,,no,no,no
zmqol_wf_sparks,raw\sound\zmb\level\zm_tomb\random_perk_machine\electricity\sparks\random_perk_sparks_001.LN50.pc.snd.wav,,loaded,bus_fx,grp_ambience,snp_ambience,,60,0,74,77,75,550,550,allon,default,allon,default,6,1,priority,reject,-50,50,10,50,0,1,3d,default,nonlooping,,1,0,0,0,0,0,no,yes,none,0,,no,,,no,no,no,0,0,yes,no,,0,,no,no,no
zmqol_wf_sparks,raw\sound\zmb\level\zm_tomb\random_perk_machine\electricity\sparks\random_perk_sparks_002.LN50.pc.snd.wav,,loaded,bus_fx,grp_ambience,snp_ambience,,60,0,74,77,75,550,550,allon,default,allon,default,6,1,priority,reject,-50,50,10,50,0,1,3d,default,nonlooping,,1,0,0,0,0,0,no,yes,none,0,,no,,,no,no,no,0,0,yes,no,,0,,no,no,no
zmqol_wf_strike,raw\sound\zmb\level\zm_tomb\random_perk_machine\electricity\random_perk_strike.SN50.pc.snd.flac,,streamed,bus_fx,grp_ambience,snp_ambience,,60,0,78,78,1500,2000,2000,allon,default,allon,default,6,1,priority,reject,-50,50,10,50,0,1,3d,default,nonlooping,,1,0,0,0,0,0,no,no,none,0,,no,,,no,no,no,0,0,yes,no,,0,,no,no,no
zmqol_ww_activate,raw\sound\mus\zombie\perksacola\mus_whoswho_sting.SN65.pc.snd.flac,,streamed,bus_hdrfx,grp_hdrfx,snp_scripted_moment,,19.234,0,91,91,0,5000,5000,allon,default,allon,default,8,8,priority,oldest,0,0,95,100,0,1,2d,quad,nonlooping,,1,0,0,0,0,0,no,yes,none,0,,no,,,no,no,no,0,0,yes,no,,0,,no,no,no
zmqol_ww_looper,raw\sound\zmb\level\zm_highrise\ww\ww_looper.SL65.pc.snd.flac,,streamed,bus_hdrfx,grp_hdrfx,snp_scripted_moment,,19.234,0,80,80,0,5000,5000,allon,default,allon,default,8,8,priority,oldest,0,0,95,100,0,1,2d,quad,looping,,1,0,0,0,0,0,no,yes,none,0,,no,,,no,no,no,3,2,yes,yes,,0,,no,no,no
vox_zmba_qol_powerup_zombie_blood_0,raw\sound\zmb\qol\vox_zmba_powerup_zombie_blood_d_0.SN40.pc.snd.flac,,streamed,bus_voice,grp_voice,snp_never_duck,,0,0,84,84,0,5000,5000,allon,default,allon,default,8,8,priority,oldest,0,0,100,100,0,1,2d,quad,nonlooping,,1,0,0,0,0,0,no,yes,none,0,,no,mature,,yes,no,no,0,0,yes,yes,,0,,no,no,no
vox_zmba_qol_powerup_blood_money_0,raw\sound\zmb\qol\vox_zmba_powerup_blood_money_d_0.SN40.pc.snd.flac,,streamed,bus_voice,grp_voice,snp_never_duck,,0,0,84,84,0,5000,5000,allon,default,allon,default,8,8,priority,oldest,0,0,100,100,0,1,2d,quad,nonlooping,,1,0,0,0,0,0,no,yes,none,0,,no,mature,,yes,no,no,0,0,yes,yes,,0,,no,no,no
vox_zmba_qol_powerup_death_machine_0,raw\sound\zmb\qol\death_machine.SN65.pc.snd.flac,,streamed,bus_voice,grp_voice,snp_never_duck,,0,0,84,84,0,5000,5000,allon,default,allon,default,8,8,priority,oldest,0,0,100,100,0,1,2d,quad,nonlooping,,1,0,0,0,0,0,no,yes,none,0,,no,,,yes,no,no,0,0,yes,yes,,0,,no,no,no
zmqol_zombieblood_start,raw\sound\zmb\level\zm_tomb\zombie_blood\start.SN50.pc.snd.flac,,streamed,bus_hdrfx,grp_hdrfx,snp_scripted_moment,,19.234,0,90,90,0,5000,5000,allon,default,allon,default,8,8,priority,oldest,0,0,95,100,0,1,2d,quad,nonlooping,,1,0,0,0,0,0,no,yes,none,0,,no,,,no,no,no,0,0,yes,no,,0,,no,no,no
zmqol_zombieblood_loop,raw\sound\zmb\level\zm_tomb\zombie_blood\loop.SL50.pc.snd.flac,,streamed,bus_hdrfx,grp_hdrfx,snp_scripted_moment,zmqol_zombieblood,19.234,0,86,86,0,5000,5000,allon,default,allon,default,8,8,priority,oldest,0,0,95,100,0,1,2d,quad,looping,,1,0,0,0,0,0,no,yes,none,0,,no,,,no,no,no,0,0,yes,no,,0,,no,no,no
zmqol_zombieblood_stop,raw\sound\zmb\level\zm_tomb\zombie_blood\stop.SN50.pc.snd.flac,,streamed,bus_hdrfx,grp_hdrfx,snp_scripted_moment,,19.234,0,90,90,0,5000,5000,allon,default,allon,default,8,8,priority,oldest,0,0,95,100,0,1,2d,quad,nonlooping,,1,0,0,0,0,0,no,yes,none,0,,no,,,no,no,no,0,0,yes,no,,0,,no,no,no
zmqol_zombieblood_3rd_loop,raw\sound\zmb\level\zm_tomb\zombie_blood\3rd_person_loop.LL50.pc.snd.wav,,loaded,bus_hdrfx,grp_hdrfx,snp_hdrfx,,60,0,84,84,125,400,625,allon,default,allon,default,8,8,priority,oldest,0,0,50,75,0.25,1,3d,default,looping,,1,0,0,0,0,0,no,no,none,0,,no,,,no,no,no,0,0,yes,yes,,0,,no,no,no
vox_zmba_qol_powerup_zombie_blood,raw\sound\zmb\qol\vox_zmba_powerup_zombie_blood_d_0.SN40.pc.snd.flac,,streamed,bus_voice,grp_voice,snp_never_duck,,0,0,84,84,0,5000,5000,allon,default,allon,default,8,8,priority,oldest,0,0,100,100,0,1,2d,quad,nonlooping,,1,0,0,0,0,0,no,yes,none,0,,no,mature,,yes,no,no,0,0,yes,yes,,0,,no,no,no
vox_zmba_qol_powerup_blood_money,raw\sound\zmb\qol\vox_zmba_powerup_blood_money_d_0.SN40.pc.snd.flac,,streamed,bus_voice,grp_voice,snp_never_duck,,0,0,84,84,0,5000,5000,allon,default,allon,default,8,8,priority,oldest,0,0,100,100,0,1,2d,quad,nonlooping,,1,0,0,0,0,0,no,yes,none,0,,no,mature,,yes,no,no,0,0,yes,yes,,0,,no,no,no
vox_zmba_qol_powerup_death_machine,raw\sound\zmb\qol\death_machine.SN65.pc.snd.flac,,streamed,bus_voice,grp_voice,snp_never_duck,,0,0,84,84,0,5000,5000,allon,default,allon,default,8,8,priority,oldest,0,0,100,100,0,1,2d,quad,nonlooping,,1,0,0,0,0,0,no,yes,none,0,,no,,,yes,no,no,0,0,yes,yes,,0,,no,no,no
vox_zmba_qol_powerup_bonfire_sale_0,raw\sound\zmb\qol\bonfire_sale.SN65.pc.snd.flac,,streamed,bus_voice,grp_voice,snp_never_duck,,0,0,84,84,0,5000,5000,allon,default,allon,default,8,8,priority,oldest,0,0,100,100,0,1,2d,quad,nonlooping,,1,0,0,0,0,0,no,yes,none,0,,no,,,yes,no,no,0,0,yes,yes,,0,,no,no,no
vox_zmba_qol_powerup_bonfire_sale,raw\sound\zmb\qol\bonfire_sale.SN65.pc.snd.flac,,streamed,bus_voice,grp_voice,snp_never_duck,,0,0,84,84,0,5000,5000,allon,default,allon,default,8,8,priority,oldest,0,0,100,100,0,1,2d,quad,nonlooping,,1,0,0,0,0,0,no,yes,none,0,,no,,,yes,no,no,0,0,yes,yes,,0,,no,no,no
zmb_buildable_piece_add,raw\sound\zmb\buildable\add\zmb_build_add_piece.LN65.pc.snd.wav,,loaded,bus_hdrfx,grp_hdrfx,snp_hdrfx,,60,0,90,90,75,150,375,allon,default,allon,default,8,8,priority,oldest,0,0,95,100,0.25,1,3d,default,nonlooping,,1,0,0,0,0,0,no,no,none,0,,no,,,yes,no,no,0,0,yes,no,,0,,no,no,no
zmb_buildable_complete,raw\sound\zmb\buildable\complete\zmb_build_completed.LN65.pc.snd.wav,,loaded,bus_hdrfx,grp_hdrfx,snp_hdrfx,,60,0,87,87,75,150,375,allon,default,allon,default,8,8,priority,oldest,0,0,95,100,0.25,1,3d,default,nonlooping,,1,0,50,150,98,0,no,no,none,0,,no,,,yes,no,no,0,0,yes,no,,0,,no,no,no
zmb_buildable_loop,raw\sound\zmb\buildable\loop\zmb_building_lp.SL65.pc.snd.flac,,streamed,bus_hdrfx,grp_hdrfx,snp_hdrfx,,60,0,85,85,75,150,375,allon,default,allon,default,8,8,priority,oldest,0,0,95,100,0.25,1,3d,default,looping,,1,0,50,150,98,0,no,no,none,0,,no,,,yes,no,no,0,250,yes,no,,0,,no,no,no
wpn_tesla_fire_plr,raw\sound\wpn\energy\dg2\plr\shot\shot_00_F.wav,wpn_tesla_fire_rear,loaded,bus_fx,grp_weapon,snp_wpn_1p,,70,0,92,92,0,5000,5000,allon,default,allon,default,2,8,oldest,oldest,0,0,90,90,0.25,1,2d,wpn_all,nonlooping,,1,0,50,300,0,0.25,no,no,none,0,,no,,,yes,no,no,0,0,yes,no,,0,,no,no,no
wpn_tesla_fire_plr_last,raw\sound\wpn\energy\dg2\plr\shot\shot_last_00_F.wav,wpn_tesla_fire_rear,loaded,bus_hdrfx,grp_weapon,snp_wpn_1p,,70,0,96,96,0,5000,5000,allon,default,allon,default,2,8,oldest,oldest,0,0,100,100,0.25,1,2d,wpn_all,nonlooping,,1,0,50,300,0,0.25,no,no,none,0,,no,,,yes,no,no,0,0,yes,no,,0,,no,no,no
wpn_tesla_fire_rear,raw\sound\wpn\energy\dg2\plr\shot\shot_00_RS.wav,wpn_tesla_flux_left,loaded,bus_hdrfx,grp_weapon,snp_wpn_1p,,70,0,93,93,0,5000,5000,allon,default,allon,default,2,8,oldest,oldest,0,0,80,90,0.25,1,2d,wpn_rear,nonlooping,,1,200,50,175,0,0.25,no,no,none,0,,no,,,yes,no,no,0,0,yes,no,,0,,no,no,no
wpn_tesla_fire_npc,raw\sound\wpn\energy\dg2\npc\shot\shot_00.wav,wpn_tesla_flux_left,loaded,bus_fx,grp_weapon,snp_wpn_3p,,65,0,88,88,900,900,901,cosdelay,alloff,cosdelay,default,6,2,priority,oldest,0,0,50,90,0.25,1,3d,default,nonlooping,,1,0,25,150,93,0.25,no,no,none,0,,no,,,yes,no,no,0,0,yes,no,,0,,no,no,no
wpn_tesla_fire_npc_last,raw\sound\wpn\energy\dg2\npc\shot\shot_last_00.wav,wpn_tesla_flux_left,loaded,bus_fx,grp_weapon,snp_wpn_3p,,98,0,96,96,100,2100,4000,cosdelay,alloff,cosdelay,default,6,2,priority,oldest,0,0,80,90,0.25,1,3d,default,nonlooping,,1,0,25,150,93,0.25,no,no,none,0,,no,,,yes,no,no,0,0,yes,no,,0,,no,no,no
wpn_tesla_flux_left,raw\sound\wpn\energy\dg2\flux\wpn_tesla_flux_l.wav,wpn_tesla_flux_right,loaded,bus_fx,grp_explosion,snp_explosion,,70,0,98,100,100,1550,2500,allon,default,allon,default,2,3,priority,oldest,-182,195,75,85,0.25,1,3d,default,nonlooping,,1,50,25,75,86,0.4,no,no,left_shot,5000,,no,,,yes,no,no,0,0,yes,no,,0,,no,no,no
wpn_tesla_flux_right,raw\sound\wpn\energy\dg2\flux\wpn_tesla_flux_r.wav,,loaded,bus_fx,grp_explosion,snp_explosion,,98,0,98,100,100,1550,2500,allon,default,allon,default,2,3,priority,oldest,-175,200,75,85,0.25,1,3d,default,nonlooping,,1,50,25,75,86,0.4,no,no,right_shot,5000,,no,,,yes,no,no,0,0,yes,no,,0,,no,no,no
wpn_tesla_proj_loop,raw\sound\wpn\energy\dg2\projectile\loop\proj_loop_l.wav,,loaded,bus_fx,grp_ambience,snp_ambience,,98,0,96,96,200,700,700,allon,default,allon,default,6,8,priority,oldest,0,0,25,35,0.25,1,3d,default,looping,,1,0,50,100,99,0.1,no,yes,none,0,,no,,,yes,no,no,0,0,yes,no,,0,,no,no,no
wpn_tesla_proj_impact,raw\sound\wpn\energy\dg2\projectile\impact\proj_impact.wav,wpn_tesla_proj_flux_left,loaded,bus_fx,grp_ambience,snp_ambience,,60,0,90,94,200,550,550,allon,default,allon,default,6,8,priority,oldest,-182,165,80,90,0.25,1,3d,default,nonlooping,,1,0,25,50,99,0.5,no,yes,none,0,,no,,,yes,no,no,0,0,yes,no,,0,,no,no,no
wpn_tesla_proj_flux_left,raw\sound\wpn\energy\dg2\projectile\flux\wpn_tesla_flux_l.wav,wpn_tesla_proj_flux_right,loaded,bus_fx,grp_explosion,snp_explosion,,70,0,98,100,100,1550,2500,allon,default,allon,default,2,3,priority,oldest,-182,195,75,85,0.25,1,3d,default,nonlooping,,1,50,25,75,86,0.4,no,no,left_shot,5000,,no,,,yes,no,no,0,0,yes,no,,0,,no,no,no
wpn_tesla_proj_flux_right,raw\sound\wpn\energy\dg2\projectile\flux\wpn_tesla_flux_r.wav,,loaded,bus_fx,grp_explosion,snp_explosion,,98,0,98,100,100,1550,2500,allon,default,allon,default,2,3,priority,oldest,-175,200,75,85,0.25,1,3d,default,nonlooping,,1,50,25,75,86,0.4,no,no,right_shot,5000,,no,,,yes,no,no,0,0,yes,no,,0,,no,no,no
wpn_imp_tesla,raw\sound\amb\industrial\power\arcs\short\arc_00.wav,wpn_tesla_sizzle,loaded,bus_fx,grp_ambience,snp_ambience,,60,0,90,94,200,550,550,allon,default,allon,default,6,8,priority,oldest,-182,165,80,90,0.25,1,3d,default,nonlooping,,1,0,25,50,99,0.5,no,yes,none,0,,no,,,yes,no,no,0,0,yes,no,,0,,no,no,no
wpn_tesla_imp_water,raw\sound\wpn\energy\dg2\projectile\impact\water\imp_water.wav,,loaded,bus_fx,grp_ambience,snp_ambience,,60,0,90,94,200,550,550,allon,default,allon,default,6,8,priority,oldest,-182,165,80,90,0.25,1,3d,default,nonlooping,,1,0,25,50,99,0.5,no,yes,none,0,,no,,,yes,no,no,0,0,yes,no,,0,,no,no,no
wpn_tesla_sizzle,raw\sound\fly\body_burn\sizzle\sizzle_00.wav,wpn_tesla_proj_impact,loaded,bus_fx,grp_ambience,snp_ambience,,98,0,90,95,500,3500,3525,allon,default,allon,default,8,8,priority,oldest,-182,165,80,90,0.25,1,3d,default,nonlooping,,1,290,50,100,99,0,no,yes,none,0,,no,,,yes,no,no,0,0,yes,no,,0,,no,no,no
wpn_tesla_bounce,raw\sound\wpn\energy\dg2\effects\bounce\bounce_00.wav,,loaded,bus_fx,grp_ambience,snp_ambience,,98,0,90,95,500,3500,3525,allon,default,allon,default,8,8,priority,oldest,-182,165,80,90,0.25,1,3d,default,nonlooping,,1,0,50,100,99,0,no,yes,none,0,,no,,,yes,no,no,0,0,yes,no,,0,,no,no,no
wpn_tesla_idle,raw\sound\wpn\energy\dg2\idle\tesla_idle_00_l.wav,,loaded,bus_fx,grp_ambience,snp_ambience,,98,0,89,89,50,300,325,allon,default,allon,default,7,8,priority,oldest,-182,165,80,90,0,1,3d,default,looping,,1,0,50,100,99,0,no,yes,none,0,,no,,,no,no,no,0,0,yes,no,,0,,no,no,no
wpn_tesla_sweeps,raw\sound\wpn\energy\dg2\effects\sweets\sweets_00.wav,,loaded,bus_fx,grp_ambience,snp_ambience,,60,0,90,94,200,550,550,allon,default,allon,default,6,8,priority,oldest,-182,165,80,90,0.25,1,3d,default,nonlooping,,1,0,25,50,99,0.5,no,yes,none,0,,no,,,yes,no,no,0,0,yes,no,,0,,no,no,no
wpn_tesla_sweeps_idle,raw\sound\wpn\energy\dg2\effects\idle\idle_00.wav,wpn_tesla_sweeps,loaded,bus_fx,grp_ambience,snp_ambience,,60,0,90,94,200,550,550,allon,default,allon,default,6,8,priority,oldest,-182,165,80,90,0.25,1,3d,default,nonlooping,,1,0,25,50,99,0.5,no,yes,none,0,,no,,,yes,no,no,0,0,yes,no,,0,,no,no,no
wpn_tesla_happy,raw\sound\wpn\energy\dg2\effects\happy\happy_00.wav,,loaded,bus_fx,grp_ambience,snp_ambience,,60,0,90,94,200,550,550,allon,default,allon,default,6,8,priority,oldest,-182,165,80,90,0.25,1,3d,default,nonlooping,,1,0,25,50,99,0.5,no,yes,none,0,,no,,,yes,no,no,0,0,yes,no,,0,,no,no,no
wpn_tesla_effects,raw\sound\wpn\energy\dg2\effects\calm\calm_00.wav,,loaded,bus_fx,grp_ambience,snp_ambience,,60,0,90,94,200,550,550,allon,default,allon,default,6,8,priority,oldest,-182,165,80,90,0.25,1,3d,default,nonlooping,,1,0,25,50,99,0.5,no,yes,none,0,,no,,,yes,no,no,0,0,yes,no,,0,,no,no,no
wpn_elec_vocals_tesla,raw\sound\vox\zmb\standard\elec\elec_00.wav,,loaded,bus_fx,grp_ambience,snp_ambience,,60,0,90,94,200,550,550,allon,default,allon,default,6,8,priority,oldest,-182,165,80,90,0.25,1,3d,default,nonlooping,,1,0,25,50,99,0.5,no,yes,none,0,,no,,,yes,no,no,0,0,yes,no,,0,,no,no,no
wpn_tesla_pickup_plr,raw\sound\fly\pickups\weapon\pickup_00.wav,,loaded,bus_fx,grp_foley,snp_foley,,30,0,96,96,0,5000,5000,allon,default,allon,default,8,8,priority,oldest,0,0,80,90,0.25,1,2d,front,nonlooping,,1,0,50,100,99,0.25,no,yes,none,0,,no,,,yes,no,no,0,0,yes,no,,0,,no,no,no
wpn_tesla_1straise_plr,raw\sound\fly\gear\rattle\rattle_00.wav,,loaded,bus_fx,grp_foley,snp_foley,,30,0,96,96,0,5000,5000,allon,default,allon,default,8,8,priority,oldest,0,0,80,90,0.25,1,2d,front,nonlooping,,1,0,50,100,99,0.25,no,yes,none,0,,no,,,yes,no,no,0,0,yes,no,,0,,no,no,no
wpn_tesla_raise_plr,raw\sound\fly\gear\rattle\rattle_00.wav,,loaded,bus_fx,grp_foley,snp_foley,,30,0,96,96,0,5000,5000,allon,default,allon,default,8,8,priority,oldest,0,0,80,90,0.25,1,2d,front,nonlooping,,1,0,50,100,99,0.25,no,yes,none,0,,no,,,yes,no,no,0,0,yes,no,,0,,no,no,no
wpn_tesla_pickup_npc,raw\sound\fly\pickups\weapon\pickup_00.wav,,loaded,bus_fx,grp_foley,snp_foley,,30,0,75,75,75,500,500,allon,default,allon,default,2,1,priority,reject,-50,50,15,30,0.25,1,3d,default,nonlooping,,1,0,25,250,75,0.25,no,yes,none,0,,no,,,yes,no,no,0,0,yes,no,,0,,no,no,no
wpn_tesla_1straise_npc,raw\sound\fly\gear\rattle\rattle_00.wav,,loaded,bus_fx,grp_foley,snp_foley,,30,0,75,75,75,500,500,allon,default,allon,default,2,1,priority,reject,-50,50,15,30,0.25,1,3d,default,nonlooping,,1,0,25,250,75,0.25,no,yes,none,0,,no,,,yes,no,no,0,0,yes,no,,0,,no,no,no
wpn_tesla_raise_npc,raw\sound\fly\gear\rattle\rattle_00.wav,,loaded,bus_fx,grp_foley,snp_foley,,30,0,62,62,0,5000,5000,allon,default,allon,default,2,8,reject,oldest,-88,84,70,70,0.25,1,2d,front,nonlooping,,1,0,0,0,0,0.25,no,yes,none,0,,no,,,yes,no,no,0,0,yes,no,,0,,no,no,no
wpn_tesla_foley,raw\sound\wpn\energy\dg2\reload\plr\tesla_start_reload.wav,,loaded,bus_fx,grp_foley,snp_foley,,30,0,96,96,0,5000,5000,allon,default,allon,default,8,8,priority,oldest,0,0,80,90,0.25,1,2d,front,nonlooping,,1,0,50,100,99,0.25,no,yes,none,0,,no,,,yes,no,no,0,0,yes,no,,0,,no,no,no
wpn_tesla_switch_flip_off,raw\sound\wpn\energy\dg2\reload\plr\tesla_switch_flip_off.wav,,loaded,bus_fx,grp_foley,snp_foley,,30,0,96,96,0,5000,5000,allon,default,allon,default,8,8,priority,oldest,0,0,80,90,0.25,1,2d,front,nonlooping,,1,0,50,100,99,0.25,no,yes,none,0,,no,,,yes,no,no,0,0,yes,no,,0,,no,no,no
wpn_tesla_handle_pullback,raw\sound\wpn\energy\dg2\reload\plr\tesla_handle_pullback.wav,,loaded,bus_fx,grp_foley,snp_foley,,30,0,96,96,0,5000,5000,allon,default,allon,default,8,8,priority,oldest,0,0,80,90,0.25,1,2d,front,nonlooping,,1,0,50,100,99,0.25,no,yes,none,0,,no,,,yes,no,no,0,0,yes,no,,0,,no,no,no
wpn_tesla_clip_in,raw\sound\wpn\energy\dg2\reload\plr\tesla_clip_in.wav,,loaded,bus_fx,grp_foley,snp_foley,,30,0,96,96,0,5000,5000,allon,default,allon,default,8,8,priority,oldest,0,0,80,90,0.25,1,2d,front,nonlooping,,1,0,50,100,99,0.25,no,yes,none,0,,no,,,yes,no,no,0,0,yes,no,,0,,no,no,no
wpn_tesla_handle_release,raw\sound\wpn\energy\dg2\reload\plr\tesla_handle_release.wav,,loaded,bus_fx,grp_foley,snp_foley,,30,0,96,96,0,5000,5000,allon,default,allon,default,8,8,priority,oldest,0,0,80,90,0.25,1,2d,front,nonlooping,,1,0,50,100,99,0.25,no,yes,none,0,,no,,,yes,no,no,0,0,yes,no,,0,,no,no,no
wpn_tesla_switch_flip_on,raw\sound\wpn\energy\dg2\reload\plr\tesla_switch_flip_on.wav,,loaded,bus_fx,grp_foley,snp_foley,,30,0,96,96,0,5000,5000,allon,default,allon,default,8,8,priority,oldest,0,0,80,90,0.25,1,2d,front,nonlooping,,1,0,50,100,99,0.25,no,yes,none,0,,no,,,yes,no,no,0,0,yes,no,,0,,no,no,no
wpn_tesla_to_idle,raw\sound\evt\zombie_global\perksacola\bottle\belch\belchmn_00.LN65.pc.snd.wav,,loaded,bus_fx,grp_ambience,snp_ambience,,98,0,89,89,50,300,325,allon,default,allon,default,7,8,priority,oldest,-182,165,80,90,0,1,3d,default,looping,,1,0,50,100,99,0,no,yes,none,0,,no,,,no,no,no,0,0,yes,no,,0,,no,no,no
wpn_thundergun_fire_plr,raw\sound\wpn\energy\thundergun\plr\shot\wpn_thundergun_fire_plr.wav,wpn_thundergun_fire_rear,loaded,bus_fx,grp_weapon,snp_wpn_1p,,70,0,92,92,0,5000,5000,allon,default,allon,default,2,8,oldest,oldest,0,0,90,90,0.25,1,2d,wpn_all,nonlooping,,1,0,50,300,0,0.25,no,no,none,0,,no,,,yes,no,no,0,0,yes,no,,0,,no,no,no
wpn_thundergun_fire_plr_last,raw\sound\wpn\energy\thundergun\plr\shot\wpn_thundergun_fire_last_plr.wav,fly_thundergun_cell_eject,loaded,bus_hdrfx,grp_weapon,snp_wpn_1p,,70,0,98,98,0,5000,5000,allon,default,allon,default,2,8,oldest,oldest,0,0,100,100,0.25,1,2d,wpn_all,nonlooping,,1,0,50,300,0,0.25,no,no,none,0,,no,,,yes,no,no,0,0,yes,no,,0,,no,no,no
wpn_thundergun_fire_rear,raw\sound\wpn\energy\thundergun\plr\shot\wpn_thundergun_fire_rear_plr.wav,wpn_thundergun_flux_left,loaded,bus_hdrfx,grp_weapon,snp_wpn_1p,,70,0,93,93,0,5000,5000,allon,default,allon,default,2,8,oldest,oldest,0,0,80,90,0.25,1,2d,wpn_rear,nonlooping,,1,200,50,175,0,0.25,no,no,none,0,,no,,,yes,no,no,0,0,yes,no,,0,,no,no,no
wpn_thundergun_fire_npc,raw\sound\wpn\energy\thundergun\npc\shot\shot_00.wav,wpn_thundergun_flux_left,loaded,bus_fx,grp_weapon,snp_wpn_3p,,65,0,88,88,900,900,901,cosdelay,alloff,cosdelay,default,6,2,priority,oldest,0,0,50,90,0.25,1,3d,default,nonlooping,,1,0,25,150,93,0.25,no,no,none,0,,no,,,yes,no,no,0,0,yes,no,,0,,no,no,no
wpn_thundergun_fire_npc_last,raw\sound\wpn\energy\thundergun\npc\shot\shot_last_00.wav,wpn_thundergun_flux_left,loaded,bus_fx,grp_weapon,snp_wpn_3p,,80,0,96,96,100,2100,4000,cosdelay,alloff,cosdelay,default,6,2,priority,oldest,0,0,80,90,0.25,1,3d,default,nonlooping,,1,0,25,150,93,0.25,no,no,none,0,,no,,,yes,no,no,0,0,yes,no,,0,,no,no,no
wpn_thundergun_flux_left,raw\sound\wpn\energy\thundergun\flux\wpn_thundergun_flux_l.wav,wpn_thundergun_flux_right,loaded,bus_fx,grp_explosion,snp_explosion,,70,0,98,100,100,1550,2500,allon,default,allon,default,2,3,priority,oldest,-182,195,75,85,0.25,1,3d,default,nonlooping,,1,50,25,75,86,0.4,no,no,left_shot,6000,,no,,,yes,no,no,0,0,yes,no,,0,,no,no,no
wpn_thundergun_flux_right,raw\sound\wpn\energy\thundergun\flux\wpn_thundergun_flux_r.wav,,loaded,bus_fx,grp_explosion,snp_explosion,,70,0,98,100,100,1550,2500,allon,default,allon,default,2,3,priority,oldest,-175,200,75,85,0.25,1,3d,default,nonlooping,,1,50,25,75,86,0.4,no,no,right_shot,6000,,no,,,yes,no,no,0,0,yes,no,,0,,no,no,no
wpn_thundergun_proj_impact,raw\sound\wpn\energy\thundergun\projectile\impact\impact_00.wav,,loaded,bus_fx,grp_ambience,snp_ambience,,60,0,90,94,200,550,550,allon,default,allon,default,6,8,priority,oldest,-182,165,80,90,0.25,1,3d,default,nonlooping,,1,0,25,50,99,0.1,no,yes,left_player,3000,,no,,,yes,no,no,0,0,yes,no,,0,,no,no,no
wpn_thundergun_proj_impact_zombie,raw\sound\wpn\energy\thundergun\projectile\impact\impact_00.wav,,loaded,bus_fx,grp_ambience,snp_ambience,,60,0,90,94,200,550,550,allon,default,allon,default,6,8,priority,oldest,-182,165,80,90,0.25,1,3d,default,nonlooping,,1,0,25,50,99,0.1,no,yes,none,3000,,no,,,yes,no,no,0,0,yes,no,,0,,no,no,no
wpn_thundergun_proj_flux_gen,raw\sound\wpn\energy\thundergun\projectile\flux\imp_thundergun_flux_gen_00.wav,wpn_thundergun_flux_right,loaded,bus_fx,grp_explosion,snp_explosion,,98,0,92,94,175,2000,2025,allon,default,allon,default,2,3,priority,oldest,-300,300,75,85,0.25,1,3d,default,nonlooping,,1,50,25,75,86,0.1,no,no,left_shot,8000,,no,,,yes,no,no,0,0,yes,no,,0,,no,no,no
fly_thundergun_forcehit,raw\sound\wpn\energy\thundergun\effects\hit_ground\fly_hit_ground_00.wav,,loaded,bus_fx,grp_foley,snp_foley,,98,0,90,95,500,3500,3525,allon,default,allon,default,8,8,priority,oldest,-182,165,80,90,0.25,1,3d,default,nonlooping,,1,0,50,100,99,0,no,yes,none,0,,no,,,yes,no,no,0,0,yes,no,,0,,no,no,no
vox_thundergun_forcehit,raw\sound\vox\zmb\standard\elec\elec_00.wav,,loaded,bus_fx,grp_foley,snp_foley,,98,0,90,95,500,3500,3525,allon,default,allon,default,8,8,priority,oldest,-182,165,80,90,0.25,1,3d,default,nonlooping,,1,0,50,100,99,0,no,yes,none,0,,no,,,yes,no,no,0,0,yes,no,,0,,no,no,no
wpn_thundergun_sizzle,raw\sound\fly\body_burn\sizzle\sizzle_00.wav,,loaded,bus_fx,grp_foley,snp_foley,,98,0,90,95,500,3500,3525,allon,default,allon,default,8,8,priority,oldest,-182,165,80,90,0.25,1,3d,default,nonlooping,,1,290,50,100,99,0,no,yes,none,0,,no,,,yes,no,no,0,0,yes,no,,0,,no,no,no
fly_thundergun_cell_eject,raw\sound\wpn\energy\thundergun\reload\plr\fly_thundergun_eject.wav,wpn_thundergun_flux_left,loaded,bus_fx,grp_foley,snp_foley,,30,0,100,100,0,5000,5000,allon,default,allon,default,8,8,priority,oldest,0,0,80,90,0.25,1,2d,front,nonlooping,,1,450,50,100,99,0.25,no,yes,none,0,,no,,,yes,no,no,0,0,yes,no,,0,,no,no,no
fly_thundergun_cell_replace,raw\sound\wpn\energy\thundergun\reload\plr\fly_thundergun_cell_replace.wav,,loaded,bus_fx,grp_foley,snp_foley,,30,0,100,100,0,5000,5000,allon,default,allon,default,8,8,priority,oldest,0,0,80,90,0.25,1,2d,front,nonlooping,,1,0,50,100,99,0.25,no,yes,none,0,,no,,,yes,no,no,0,0,yes,no,,0,,no,no,no
fly_thundergun_cell_lock,raw\sound\wpn\energy\thundergun\reload\plr\fly_thundergun_cell_slide_lock.wav,fly_thundergun_cell_on,loaded,bus_fx,grp_foley,snp_foley,,30,0,100,100,0,5000,5000,allon,default,allon,default,8,8,priority,oldest,0,0,80,90,0.25,1,2d,front,nonlooping,,1,0,50,100,99,0.25,no,yes,none,0,,no,,,yes,no,no,0,0,yes,no,,0,,no,no,no
fly_thundergun_cell_on,raw\sound\wpn\energy\thundergun\reload\plr\fly_thundergun_cell_on.wav,,loaded,bus_fx,grp_foley,snp_foley,,30,0,100,100,0,5000,5000,allon,default,allon,default,8,8,priority,oldest,0,0,80,90,0.25,1,2d,front,nonlooping,,1,540,50,100,99,0.25,no,yes,none,0,,no,,,yes,no,no,0,0,yes,no,,0,,no,no,no
wpn_thundergun_idle,raw\sound\sfx\weapon\zombie_wpns\thundergun\idle\wpn_thunder_idle.wav,,loaded,bus_fx,grp_ambience,snp_ambience,,98,0,89,89,50,300,325,allon,default,allon,default,7,8,priority,oldest,-182,165,80,90,0,1,3d,default,looping,,1,0,50,100,99,0,no,yes,none,0,,no,,,no,no,no,0,0,yes,no,,0,,no,no,no
tesla_idle,raw\sound\wpn\energy\dg2\idle\tesla_idle_00_l.wav,,loaded,bus_fx,grp_ambience,snp_ambience,,98,0,89,89,50,300,325,allon,default,allon,default,7,8,priority,oldest,-182,165,80,90,0,1,3d,default,looping,,1,0,50,100,99,0,no,yes,none,0,,no,,,no,no,no,0,0,yes,no,,0,,no,no,no
tesla_foley,raw\sound\wpn\energy\dg2\reload\plr\tesla_start_reload.wav,,loaded,bus_fx,grp_foley,snp_foley,,30,0,96,96,0,5000,5000,allon,default,allon,default,8,8,priority,oldest,0,0,80,90,0.25,1,2d,front,nonlooping,,1,0,50,100,99,0.25,no,yes,none,0,,no,,,yes,no,no,0,0,yes,no,,0,,no,no,no
wpn_freezegun_fire_plr,raw\sound\wpn\energy\freezegun\plr\shot_plr_fnt.wav,wpn_freezegun_fire_rear,loaded,bus_fx,grp_weapon,snp_wpn_1p,,65,0,87,87,0,5000,5000,allon,default,allon,default,3,8,oldest,oldest,0,0,90,90,0.25,1,2d,wpn_all,nonlooping,,1,0,0,0,0,0,no,no,none,0,,no,,,yes,no,no,0,0,yes,no,,0,,no,no,no
wpn_freezegun_fire_plr_last,raw\sound\wpn\energy\freezegun\plr\shot_plr_fnt.wav,wpn_freezegun_flux_left,loaded,bus_fx,grp_weapon,snp_wpn_1p,,0,0,92,92,0,5000,5000,allon,default,allon,default,3,8,oldest,oldest,0,0,100,100,0.25,1,2d,wpn_all,nonlooping,,1,0,0,0,0,0,no,no,none,0,,no,,,yes,no,no,0,0,yes,no,,0,,no,no,no
wpn_freezegun_fire_rear,raw\sound\wpn\energy\freezegun\plr\shot_plr_rear.wav,wpn_freezegun_flux_left,loaded,bus_hdrfx,grp_weapon,snp_wpn_1p,,0,0,88,88,0,5000,5000,allon,default,allon,default,2,8,oldest,oldest,0,0,80,90,0.25,1,2d,wpn_rear,nonlooping,,1,200,0,0,0,0,no,no,none,0,,no,,,yes,no,no,0,0,yes,no,,0,,no,no,no
wpn_freezegun_fire_npc,raw\sound\wpn\energy\freezegun\npc\shot_npc.wav,wpn_freezegun_flux_left,loaded,bus_fx,grp_weapon,snp_wpn_3p,,65,0,83,83,900,900,901,allon,default,default,rcurve1,1,3,oldest,oldest,0,0,50,90,0.25,1,3d,default,nonlooping,,1,0,50,300,93,0,no,no,none,0,,no,,,yes,no,no,0,0,yes,no,,0,,no,no,no
wpn_freezegun_fire_npc_last,raw\sound\wpn\energy\freezegun\npc\shot_npc.wav,wpn_freezegun_flux_left,loaded,bus_fx,grp_weapon,snp_wpn_3p,,98,0,90,90,100,1550,2100,allon,default,default,rcurve1,1,3,oldest,oldest,0,0,80,90,0.25,1,3d,default,nonlooping,,1,0,50,300,93,0,no,no,none,0,,no,,,yes,no,no,0,0,yes,no,,0,,no,no,no
wpn_freezegun_flux_left,raw\sound\wpn\energy\freezegun\flux\flux_l.wav,wpn_freezegun_flux_right,loaded,bus_fx,grp_explosion,snp_explosion,,98,0,92,94,150,2000,2000,allon,default,allon,default,2,3,priority,oldest,-182,195,75,85,0.25,1,3d,default,nonlooping,,1,0,25,75,86,0.4,no,no,left_shot,6000,,no,,,yes,no,no,0,0,yes,no,,0,,no,no,no
wpn_freezegun_flux_right,raw\sound\wpn\energy\freezegun\flux\flux_r.wav,,loaded,bus_fx,grp_explosion,snp_explosion,,98,0,92,94,150,2000,2000,allon,default,allon,default,2,3,priority,oldest,-175,200,75,85,0.25,1,3d,default,nonlooping,,1,50,25,75,86,0.4,no,no,right_shot,6000,,no,,,yes,no,no,0,0,yes,no,,0,,no,no,no
wpn_freezegun_impact_zombie,raw\sound\wpn\energy\freezegun\projectile\impact\impact_00.wav,wpn_freezegun_freeze_zombie,loaded,bus_fx,grp_weapon,snp_wpn_1p,,98,0,94,94,150,2500,2500,allon,rcurve1,allon,default,8,2,priority,oldest,-182,165,80,90,0.25,1,3d,front_mostly,nonlooping,,1,0,50,100,99,0,no,no,none,0,,no,,,yes,no,no,0,0,yes,no,,0,,no,no,no
wpn_freezegun_freeze_zombie,raw\sound\wpn\energy\freezegun\projectile\freeze\freeze_00.wav,,loaded,bus_fx,grp_weapon,snp_wpn_3p,,98,0,94,94,150,2500,2500,allon,rcurve1,allon,default,8,2,priority,oldest,-182,165,80,90,0.25,1,3d,front_mostly,nonlooping,,1,0,50,100,99,0,no,no,none,0,,no,,,yes,no,no,0,0,yes,no,,0,,no,no,no
wpn_freezegun_shatter_zombie,raw\sound\wpn\energy\freezegun\zombie\shatter\shatter_00.wav,,loaded,bus_fx,grp_weapon,snp_wpn_3p,,98,0,94,94,150,2500,2500,allon,rcurve1,allon,default,8,2,priority,oldest,-182,165,80,90,0.25,1,3d,front_mostly,nonlooping,,1,0,50,100,99,0,no,no,none,0,,no,,,yes,no,no,0,0,yes,no,,0,,no,no,no
wpn_freezegun_collapse_zombie,raw\sound\wpn\energy\freezegun\zombie\collapse\collapse_00.wav,,loaded,bus_fx,grp_weapon,snp_wpn_3p,,98,0,94,94,150,2500,2500,allon,rcurve1,allon,default,8,2,priority,oldest,-182,165,80,90,0.25,1,3d,front_mostly,nonlooping,,1,0,50,100,99,0,no,no,none,0,,no,,,yes,no,no,0,0,yes,no,,0,,no,no,no
fly_freeze_open,raw\sound\wpn\energy\freezegun\reload\fly_freeze_open.wav,,loaded,bus_fx,grp_foley,snp_foley,,0,0,94,94,0,5000,5000,allon,default,allon,default,8,8,priority,oldest,0,0,70,70,0.25,1,2d,front,nonlooping,,1,0,0,0,0,0,no,yes,none,0,,no,,,yes,no,no,0,0,yes,no,,0,,no,no,no
fly_freeze_twist,raw\sound\wpn\energy\freezegun\reload\fly_freeze_twist.wav,,loaded,bus_fx,grp_foley,snp_foley,,0,0,94,94,0,5000,5000,allon,default,allon,default,8,8,priority,oldest,0,0,70,70,0.25,1,2d,front,nonlooping,,1,0,0,0,0,0,no,yes,none,0,,no,,,yes,no,no,0,0,yes,no,,0,,no,no,no
fly_freeze_off,raw\sound\wpn\energy\freezegun\reload\fly_freeze_off.wav,,loaded,bus_fx,grp_foley,snp_foley,,0,0,94,94,0,5000,5000,allon,default,allon,default,8,8,priority,oldest,0,0,70,70,0.25,1,2d,front,nonlooping,,1,0,0,0,0,0,no,yes,none,0,,no,,,yes,no,no,0,0,yes,no,,0,,no,no,no
fly_freeze_backon,raw\sound\wpn\energy\freezegun\reload\fly_freeze_backon.wav,,loaded,bus_fx,grp_foley,snp_foley,,0,0,94,94,0,5000,5000,allon,default,allon,default,8,8,priority,oldest,0,0,70,70,0.25,1,2d,front,nonlooping,,1,0,0,0,0,0,no,yes,none,0,,no,,,yes,no,no,0,0,yes,no,,0,,no,no,no
fly_freeze_finish,raw\sound\wpn\energy\freezegun\reload\fly_freeze_finish.wav,,loaded,bus_fx,grp_foley,snp_foley,,0,0,94,94,0,5000,5000,allon,default,allon,default,8,8,priority,oldest,0,0,70,70,0.25,1,2d,front,nonlooping,,1,0,0,0,0,0,no,yes,none,0,,no,,,yes,no,no,0,0,yes,no,,0,,no,no,no
fly_freezegun_pickup_plr,raw\sound\fly\pickups\weapon\pickup_00.wav,,loaded,bus_fx,grp_foley,snp_foley,,0,0,94,94,0,5000,5000,allon,default,allon,default,4,8,oldest,oldest,0,0,70,70,0,1,2d,front,nonlooping,,1,0,0,0,0,0,no,yes,none,0,,no,,,yes,no,no,0,0,yes,no,,0,,no,no,no
fly_freezegun_pickup_npc,raw\sound\fly\pickups\weapon\pickup_00.wav,,loaded,bus_fx,grp_foley,snp_foley,,30,0,71,71,75,500,500,allon,default,allon,default,2,1,priority,reject,-50,50,15,30,0.25,1,3d,default,nonlooping,,1,0,25,250,75,0.25,no,yes,none,0,,no,,,yes,no,no,0,0,yes,no,,0,,no,no,no
wpn_freezegun_1straise_plr,raw\sound\fly\gear\rattle\rattle_00.wav,,loaded,bus_fx,grp_foley,snp_foley,,75,0,76,76,0,5000,5000,allon,default,allon,default,3,8,oldest,oldest,-10,10,70,70,0,1,2d,front,nonlooping,,1,70,0,0,0,0.25,no,yes,none,0,,no,,,yes,no,no,0,0,yes,no,,0,,no,no,no
wpn_freezegun_1straise_npc,raw\sound\fly\gear\rattle\rattle_00.wav,,loaded,bus_fx,grp_foley,snp_foley,,30,0,71,71,75,500,500,allon,default,allon,default,4,8,priority,oldest,-90,90,15,30,0.25,1,3d,default,nonlooping,,1,0,25,250,75,0.25,no,yes,none,0,,no,,,yes,no,no,0,0,yes,no,,0,,no,no,no
wpn_freezegun_raise_plr,raw\sound\fly\gear\rattle\rattle_00.wav,,loaded,bus_fx,grp_foley,snp_foley,,75,0,76,76,0,5000,5000,allon,default,allon,default,3,8,oldest,oldest,-10,10,70,70,0,1,2d,front,nonlooping,,1,70,0,0,0,0.25,no,yes,none,0,,no,,,yes,no,no,0,0,yes,no,,0,,no,no,no
wpn_freezegun_raise_npc,raw\sound\fly\gear\rattle\rattle_00.wav,,loaded,bus_fx,grp_foley,snp_foley,,30,0,71,71,75,500,500,allon,default,allon,default,4,8,priority,oldest,-90,90,15,30,0.25,1,3d,default,nonlooping,,1,0,25,250,75,0.25,no,yes,none,0,,no,,,yes,no,no,0,0,yes,no,,0,,no,no,no
wpn_freezegun_dryfire_npc,raw\sound\wpn\lmg\dry_fire\npc\dry_fire_00.wav,,loaded,bus_fx,grp_weapon,snp_wpn_3p,,0,0,94,94,900,900,901,cosdelay,alloff,cosdelay,default,8,2,priority,oldest,-125,125,40,90,0.25,0.8,3d,default,nonlooping,,1,0,0,0,0,0.25,no,no,none,0,,no,,,yes,no,no,0,0,yes,no,,0,,no,no,no
wpn_freezegun_dryfire_plr,raw\sound\wpn\lmg\dry_fire\plr\dry_fire_00.wav,,loaded,bus_fx,grp_weapon,snp_wpn_1p,,0,0,94,94,0,5000,5000,allon,default,allon,default,3,8,oldest,oldest,0,0,90,90,0.25,1,2d,front_mostly,nonlooping,,1,0,0,0,0,0.25,no,no,none,0,,no,,,yes,no,no,0,0,yes,no,,0,,no,no,no
wpn_ammo_pickup_npc,raw\sound\fly\pickups\ammo\fly_ammo_pickup_00.LN65.pc.snd.wav,,loaded,bus_fx,grp_foley,snp_foley,,30,0,75,75,75,500,500,allon,default,allon,default,2,1,priority,reject,-50,50,15,30,0.25,1,3d,default,nonlooping,,1,0,25,250,75,0.25,no,yes,none,0,,no,,,yes,no,no,0,0,yes,no,,0,,no,no,no
wpn_ammo_pickup_npc,raw\sound\fly\pickups\ammo\fly_ammo_pickup_01.LN65.pc.snd.wav,,loaded,bus_fx,grp_foley,snp_foley,,30,0,75,75,75,500,500,allon,default,allon,default,2,1,priority,reject,-50,50,15,30,0.25,1,3d,default,nonlooping,,1,0,25,250,75,0.25,no,yes,none,0,,no,,,yes,no,no,0,0,yes,no,,0,,no,no,no
wpn_ammo_pickup_npc,raw\sound\fly\pickups\ammo\pickup_00.LN65.pc.snd.wav,,loaded,bus_fx,grp_foley,snp_foley,,30,0,75,75,75,500,500,allon,default,allon,default,2,1,priority,reject,-50,50,15,30,0.25,1,3d,default,nonlooping,,1,0,25,250,75,0.25,no,yes,none,0,,no,,,yes,no,no,0,0,yes,no,,0,,no,no,no
wpn_ammo_pickup_npc,raw\sound\fly\pickups\ammo\pickup_01.LN65.pc.snd.wav,,loaded,bus_fx,grp_foley,snp_foley,,30,0,75,75,75,500,500,allon,default,allon,default,2,1,priority,reject,-50,50,15,30,0.25,1,3d,default,nonlooping,,1,0,25,250,75,0.25,no,yes,none,0,,no,,,yes,no,no,0,0,yes,no,,0,,no,no,no
wpn_ammo_pickup_plr,raw\sound\fly\pickups\ammo\fly_ammo_pickup_00.LN65.pc.snd.wav,,loaded,bus_fx,grp_foley,snp_foley,,30,0,75,75,0,5000,5000,allon,default,allon,default,1,8,reject,oldest,-88,84,70,70,0.25,1,2d,front,nonlooping,,1,0,0,0,0,0.25,no,yes,none,0,,no,,,yes,no,no,0,0,yes,no,,0,,no,no,no
wpn_ammo_pickup_plr,raw\sound\fly\pickups\ammo\fly_ammo_pickup_01.LN65.pc.snd.wav,,loaded,bus_fx,grp_foley,snp_foley,,30,0,75,75,0,5000,5000,allon,default,allon,default,1,8,reject,oldest,-88,84,70,70,0.25,1,2d,front,nonlooping,,1,0,0,0,0,0.25,no,yes,none,0,,no,,,yes,no,no,0,0,yes,no,,0,,no,no,no
wpn_ammo_pickup_plr,raw\sound\fly\pickups\ammo\pickup_00.LN65.pc.snd.wav,,loaded,bus_fx,grp_foley,snp_foley,,30,0,75,75,0,5000,5000,allon,default,allon,default,1,8,reject,oldest,-88,84,70,70,0.25,1,2d,front,nonlooping,,1,0,0,0,0,0.25,no,yes,none,0,,no,,,yes,no,no,0,0,yes,no,,0,,no,no,no
wpn_ammo_pickup_plr,raw\sound\fly\pickups\ammo\pickup_01.LN65.pc.snd.wav,,loaded,bus_fx,grp_foley,snp_foley,,30,0,75,75,0,5000,5000,allon,default,allon,default,1,8,reject,oldest,-88,84,70,70,0.25,1,2d,front,nonlooping,,1,0,0,0,0,0.25,no,yes,none,0,,no,,,yes,no,no,0,0,yes,no,,0,,no,no,no
wpn_crossbow_1straise_npc,raw\sound\fly\gear\rattle\fly_cloth_00.LN65.pc.snd.wav,,loaded,bus_fx,grp_foley,snp_foley,,30,0,75,75,75,500,500,allon,default,allon,default,4,8,priority,oldest,-90,90,15,30,0.25,1,3d,default,nonlooping,,1,0,25,250,75,0.25,no,yes,none,0,,no,,,yes,no,no,0,0,yes,no,,0,,no,no,no
wpn_crossbow_1straise_npc,raw\sound\fly\gear\rattle\fly_cloth_01.LN65.pc.snd.wav,,loaded,bus_fx,grp_foley,snp_foley,,30,0,75,75,75,500,500,allon,default,allon,default,4,8,priority,oldest,-90,90,15,30,0.25,1,3d,default,nonlooping,,1,0,25,250,75,0.25,no,yes,none,0,,no,,,yes,no,no,0,0,yes,no,,0,,no,no,no
wpn_crossbow_1straise_npc,raw\sound\fly\gear\rattle\fly_cloth_02.LN65.pc.snd.wav,,loaded,bus_fx,grp_foley,snp_foley,,30,0,75,75,75,500,500,allon,default,allon,default,4,8,priority,oldest,-90,90,15,30,0.25,1,3d,default,nonlooping,,1,0,25,250,75,0.25,no,yes,none,0,,no,,,yes,no,no,0,0,yes,no,,0,,no,no,no
wpn_crossbow_1straise_npc,raw\sound\fly\gear\rattle\fly_cloth_03.LN65.pc.snd.wav,,loaded,bus_fx,grp_foley,snp_foley,,30,0,75,75,75,500,500,allon,default,allon,default,4,8,priority,oldest,-90,90,15,30,0.25,1,3d,default,nonlooping,,1,0,25,250,75,0.25,no,yes,none,0,,no,,,yes,no,no,0,0,yes,no,,0,,no,no,no
wpn_crossbow_1straise_plr,raw\sound\fly\gear\rattle\fly_cloth_00.LN65.pc.snd.wav,,loaded,bus_fx,grp_foley,snp_foley,,30,0,86,89,0,5000,5000,allon,default,allon,default,8,8,priority,oldest,-88,84,70,70,0.25,1,2d,front,nonlooping,,1,0,0,0,0,0.25,no,yes,none,0,,no,,,yes,no,no,0,0,yes,no,,0,,no,no,no
wpn_crossbow_1straise_plr,raw\sound\fly\gear\rattle\fly_cloth_01.LN65.pc.snd.wav,,loaded,bus_fx,grp_foley,snp_foley,,30,0,86,89,0,5000,5000,allon,default,allon,default,8,8,priority,oldest,-88,84,70,70,0.25,1,2d,front,nonlooping,,1,0,0,0,0,0.25,no,yes,none,0,,no,,,yes,no,no,0,0,yes,no,,0,,no,no,no
wpn_crossbow_1straise_plr,raw\sound\fly\gear\rattle\fly_cloth_02.LN65.pc.snd.wav,,loaded,bus_fx,grp_foley,snp_foley,,30,0,86,89,0,5000,5000,allon,default,allon,default,8,8,priority,oldest,-88,84,70,70,0.25,1,2d,front,nonlooping,,1,0,0,0,0,0.25,no,yes,none,0,,no,,,yes,no,no,0,0,yes,no,,0,,no,no,no
wpn_crossbow_1straise_plr,raw\sound\fly\gear\rattle\fly_cloth_03.LN65.pc.snd.wav,,loaded,bus_fx,grp_foley,snp_foley,,30,0,86,89,0,5000,5000,allon,default,allon,default,8,8,priority,oldest,-88,84,70,70,0.25,1,2d,front,nonlooping,,1,0,0,0,0,0.25,no,yes,none,0,,no,,,yes,no,no,0,0,yes,no,,0,,no,no,no
wpn_crossbow_dryfire_npc,raw\sound\wpn\crossbow\dry_fire\npc\dry_fire_00.LN65.pc.snd.wav,,loaded,bus_fx,grp_weapon,snp_wpn_3p,,65,0,88,88,900,900,901,cosdelay,alloff,cosdelay,default,6,2,priority,oldest,-88,84,20,90,0.25,0.8,3d,default,nonlooping,pitch,1,0,0,0,0,0.25,no,no,none,0,,no,,,yes,no,no,0,0,yes,no,,0,,no,no,no
wpn_crossbow_dryfire_plr,raw\sound\wpn\crossbow\dry_fire\plr\dry_fire_00.LN65.pc.snd.wav,,loaded,bus_fx,grp_weapon,snp_wpn_1p,,70,0,88,88,0,5000,5000,allon,default,allon,default,2,8,oldest,oldest,0,0,90,90,0.25,1,2d,front_mostly,nonlooping,,1,0,0,0,0,0.25,no,no,none,0,,no,,,yes,no,no,0,0,yes,no,,0,,no,no,no
wpn_crossbow_fire_dist,raw\sound\wpn\crossbow\dist\dist_00.LN65.pc.snd.wav,,loaded,bus_fx,grp_weapon,snp_wpn_3p,,60,0,85,85,250,3000,3000,rcurve0,default,sindelay,allon,6,3,priority,oldest,-80,80,85,90,0.25,1,3d,default,nonlooping,variant,1,0,0,0,0,0.25,no,no,none,0,,no,,,yes,no,no,0,0,yes,no,,0,,no,no,no
wpn_crossbow_fire_dist,raw\sound\wpn\crossbow\dist\dist_01.LN65.pc.snd.wav,,loaded,bus_fx,grp_weapon,snp_wpn_3p,,60,0,85,85,250,3000,3000,rcurve0,default,sindelay,allon,6,3,priority,oldest,-80,80,85,90,0.25,1,3d,default,nonlooping,variant,1,0,0,0,0,0.25,no,no,none,0,,no,,,yes,no,no,0,0,yes,no,,0,,no,no,no
wpn_crossbow_fire_dist,raw\sound\wpn\crossbow\dist\dist_02.LN65.pc.snd.wav,,loaded,bus_fx,grp_weapon,snp_wpn_3p,,60,0,85,85,250,3000,3000,rcurve0,default,sindelay,allon,6,3,priority,oldest,-80,80,85,90,0.25,1,3d,default,nonlooping,variant,1,0,0,0,0,0.25,no,no,none,0,,no,,,yes,no,no,0,0,yes,no,,0,,no,no,no
wpn_crossbow_fire_npc,raw\sound\wpn\crossbow\plr\shot\shot_00.LN65.pc.snd.wav,wpn_crossbow_fire_dist,loaded,bus_fx,grp_weapon,snp_wpn_3p,,60,0,88,88,250,2500,2500,cosdelay,alloff,cosdelay,default,6,2,priority,oldest,-80,80,85,90,0.25,0.8,3d,default,nonlooping,pitch,1,0,0,0,0,0.25,no,no,none,0,,no,,,yes,no,no,0,0,yes,no,,0,,no,no,no
wpn_crossbow_fire_npc,raw\sound\wpn\crossbow\plr\shot\shot_01.LN65.pc.snd.wav,wpn_crossbow_fire_dist,loaded,bus_fx,grp_weapon,snp_wpn_3p,,60,0,88,88,250,2500,2500,cosdelay,alloff,cosdelay,default,6,2,priority,oldest,-80,80,85,90,0.25,0.8,3d,default,nonlooping,pitch,1,0,0,0,0,0.25,no,no,none,0,,no,,,yes,no,no,0,0,yes,no,,0,,no,no,no
wpn_crossbow_fire_npc,raw\sound\wpn\crossbow\plr\shot\shot_02.LN65.pc.snd.wav,wpn_crossbow_fire_dist,loaded,bus_fx,grp_weapon,snp_wpn_3p,,60,0,88,88,250,2500,2500,cosdelay,alloff,cosdelay,default,6,2,priority,oldest,-80,80,85,90,0.25,0.8,3d,default,nonlooping,pitch,1,0,0,0,0,0.25,no,no,none,0,,no,,,yes,no,no,0,0,yes,no,,0,,no,no,no
wpn_crossbow_fire_npc_pap,raw\sound\wpn\pap\pap_shot_m.LN65.pc.snd.wav,wpn_crossbow_flux_l_npc_pap,loaded,bus_fx,grp_weapon,snp_wpn_3p,,80,0,82,82,75,1250,1250,allon,default,allon,default,10,3,priority,oldest,-100,100,50,90,0.35,1,3d,default,nonlooping,pitch,1,0,0,0,0,0.25,no,no,none,0,,no,,,yes,no,no,0,0,yes,no,,0,,no,no,no
wpn_crossbow_fire_plr,raw\sound\wpn\crossbow\plr\shot\shot_00.LN65.pc.snd.wav,,loaded,bus_fx,grp_weapon,snp_wpn_1p,,65,0,94,94,0,5000,5000,allon,default,allon,default,8,2,priority,oldest,-80,80,90,90,0.25,1,2d,front_mostly,nonlooping,,1,0,0,0,0,0.25,no,no,none,0,,no,,,yes,no,no,0,0,yes,no,,0,,no,no,no
wpn_crossbow_fire_plr,raw\sound\wpn\crossbow\plr\shot\shot_01.LN65.pc.snd.wav,,loaded,bus_fx,grp_weapon,snp_wpn_1p,,65,0,94,94,0,5000,5000,allon,default,allon,default,8,2,priority,oldest,-80,80,90,90,0.25,1,2d,front_mostly,nonlooping,,1,0,0,0,0,0.25,no,no,none,0,,no,,,yes,no,no,0,0,yes,no,,0,,no,no,no
wpn_crossbow_fire_plr,raw\sound\wpn\crossbow\plr\shot\shot_02.LN65.pc.snd.wav,,loaded,bus_fx,grp_weapon,snp_wpn_1p,,65,0,94,94,0,5000,5000,allon,default,allon,default,8,2,priority,oldest,-80,80,90,90,0.25,1,2d,front_mostly,nonlooping,,1,0,0,0,0,0.25,no,no,none,0,,no,,,yes,no,no,0,0,yes,no,,0,,no,no,no
wpn_crossbow_fire_plr_pap,raw\sound\wpn\pap\pap_shot_st.LN65.pc.snd.wav,wpn_crossbow_flux_l_plr_pap,loaded,bus_hdrfx,grp_weapon,snp_wpn_1p,,70,0,87,87,0,5000,5000,allon,default,allon,default,1,8,oldest,oldest,0,0,90,90,0.25,1,2d,wpn_all,nonlooping,,1,0,0,0,0,0.25,no,no,none,0,,no,,,yes,no,no,0,0,yes,no,,0,,no,no,no
wpn_crossbow_flux_l_npc_pap,raw\sound\wpn\pap\pap_flux_left.LN65.pc.snd.wav,wpn_crossbow_flux_r_npc_pap,loaded,bus_fx,grp_weapon,snp_wpn_3p,,84,0,75,75,25,900,900,allon,default,allon,default,8,4,priority,priority,-34,34,85,90,0.25,1,3d,default,nonlooping,pitch,1,0,0,0,0,0.25,no,no,left_shot,4000,,no,,,yes,no,no,0,0,yes,no,,0,,no,no,no
wpn_crossbow_flux_l_plr_pap,raw\sound\wpn\pap\pap_flux_left.LN65.pc.snd.wav,wpn_crossbow_flux_r_plr_pap,loaded,bus_fx,grp_weapon,snp_wpn_3p,,84,0,75,75,25,900,900,allon,default,allon,default,8,4,priority,priority,-34,34,85,90,0.25,1,3d,default,nonlooping,pitch,1,0,0,0,0,0.25,no,no,left_shot,4000,,no,,,yes,no,no,0,0,yes,no,,0,,no,no,no
wpn_crossbow_flux_r_npc_pap,raw\sound\wpn\pap\pap_flux_right.LN65.pc.snd.wav,wpn_crossbow_fire_npc,loaded,bus_fx,grp_weapon,snp_wpn_3p,,84,0,75,75,25,900,900,allon,default,allon,default,8,4,priority,priority,-34,34,85,90,0.25,1,3d,default,nonlooping,pitch,1,0,0,0,0,0.25,no,no,right_shot,4000,,no,,,yes,no,no,0,0,yes,no,,0,,no,no,no
wpn_crossbow_flux_r_plr_pap,raw\sound\wpn\pap\pap_flux_right.LN65.pc.snd.wav,wpn_crossbow_fire_plr,loaded,bus_fx,grp_weapon,snp_wpn_3p,,84,0,75,75,25,900,900,allon,default,allon,default,8,4,priority,priority,-34,34,85,90,0.25,1,3d,default,nonlooping,pitch,1,0,0,0,0,0.25,no,no,right_shot,4000,,no,,,yes,no,no,0,0,yes,no,,0,,no,no,no
wpn_crossbow_raise_npc,raw\sound\fly\gear\rattle\fly_cloth_00.LN65.pc.snd.wav,,loaded,bus_fx,grp_foley,snp_foley,,30,0,75,75,75,500,500,allon,default,allon,default,4,8,priority,oldest,-90,90,15,30,0.25,1,3d,default,nonlooping,,1,0,25,250,75,0.25,no,yes,none,0,,no,,,yes,no,no,0,0,yes,no,,0,,no,no,no
wpn_crossbow_raise_npc,raw\sound\fly\gear\rattle\fly_cloth_01.LN65.pc.snd.wav,,loaded,bus_fx,grp_foley,snp_foley,,30,0,75,75,75,500,500,allon,default,allon,default,4,8,priority,oldest,-90,90,15,30,0.25,1,3d,default,nonlooping,,1,0,25,250,75,0.25,no,yes,none,0,,no,,,yes,no,no,0,0,yes,no,,0,,no,no,no
wpn_crossbow_raise_npc,raw\sound\fly\gear\rattle\fly_cloth_02.LN65.pc.snd.wav,,loaded,bus_fx,grp_foley,snp_foley,,30,0,75,75,75,500,500,allon,default,allon,default,4,8,priority,oldest,-90,90,15,30,0.25,1,3d,default,nonlooping,,1,0,25,250,75,0.25,no,yes,none,0,,no,,,yes,no,no,0,0,yes,no,,0,,no,no,no
wpn_crossbow_raise_npc,raw\sound\fly\gear\rattle\fly_cloth_03.LN65.pc.snd.wav,,loaded,bus_fx,grp_foley,snp_foley,,30,0,75,75,75,500,500,allon,default,allon,default,4,8,priority,oldest,-90,90,15,30,0.25,1,3d,default,nonlooping,,1,0,25,250,75,0.25,no,yes,none,0,,no,,,yes,no,no,0,0,yes,no,,0,,no,no,no
wpn_crossbow_raise_plr,raw\sound\fly\gear\rattle\fly_cloth_00.LN65.pc.snd.wav,,loaded,bus_fx,grp_foley,snp_foley,,30,0,86,89,0,5000,5000,allon,default,allon,default,8,8,priority,oldest,-88,84,70,70,0.25,1,2d,front,nonlooping,,1,0,0,0,0,0.25,no,yes,none,0,,no,,,yes,no,no,0,0,yes,no,,0,,no,no,no
wpn_crossbow_raise_plr,raw\sound\fly\gear\rattle\fly_cloth_01.LN65.pc.snd.wav,,loaded,bus_fx,grp_foley,snp_foley,,30,0,86,89,0,5000,5000,allon,default,allon,default,8,8,priority,oldest,-88,84,70,70,0.25,1,2d,front,nonlooping,,1,0,0,0,0,0.25,no,yes,none,0,,no,,,yes,no,no,0,0,yes,no,,0,,no,no,no
wpn_crossbow_raise_plr,raw\sound\fly\gear\rattle\fly_cloth_02.LN65.pc.snd.wav,,loaded,bus_fx,grp_foley,snp_foley,,30,0,86,89,0,5000,5000,allon,default,allon,default,8,8,priority,oldest,-88,84,70,70,0.25,1,2d,front,nonlooping,,1,0,0,0,0,0.25,no,yes,none,0,,no,,,yes,no,no,0,0,yes,no,,0,,no,no,no
wpn_crossbow_raise_plr,raw\sound\fly\gear\rattle\fly_cloth_03.LN65.pc.snd.wav,,loaded,bus_fx,grp_foley,snp_foley,,30,0,86,89,0,5000,5000,allon,default,allon,default,8,8,priority,oldest,-88,84,70,70,0.25,1,2d,front,nonlooping,,1,0,0,0,0,0.25,no,yes,none,0,,no,,,yes,no,no,0,0,yes,no,,0,,no,no,no
wpn_crossbow_whoosh_close,raw\sound\prj\bolt\whoosh\close\close_00.LL65.pc.snd.wav,,loaded,bus_fx,grp_weapon,snp_wpn_3p,,55,0,67,68,25,225,225,cosdelay,alloff,cosdelay,default,6,2,priority,oldest,0,300,50,90,0.25,0.8,3d,default,looping,,1,0,0,0,0,0.25,no,no,none,0,,yes,,,yes,no,no,0,0,yes,no,,0,,no,no,no
wpn_crossbow_whoosh_close,raw\sound\prj\bolt\whoosh\close\close_01.LL65.pc.snd.wav,,loaded,bus_fx,grp_weapon,snp_wpn_3p,,55,0,67,68,25,225,225,cosdelay,alloff,cosdelay,default,6,2,priority,oldest,0,300,50,90,0.25,0.8,3d,default,looping,,1,0,0,0,0,0.25,no,no,none,0,,yes,,,yes,no,no,0,0,yes,no,,0,,no,no,no
wpn_crossbow_whoosh_close,raw\sound\prj\bolt\whoosh\close\close_02.LL65.pc.snd.wav,,loaded,bus_fx,grp_weapon,snp_wpn_3p,,55,0,67,68,25,225,225,cosdelay,alloff,cosdelay,default,6,2,priority,oldest,0,300,50,90,0.25,0.8,3d,default,looping,,1,0,0,0,0,0.25,no,no,none,0,,yes,,,yes,no,no,0,0,yes,no,,0,,no,no,no
wpn_crossbow_whoosh_dist,raw\sound\prj\bolt\whoosh\dist\dist_00.LL65.pc.snd.wav,wpn_crossbow_whoosh_close,loaded,bus_fx,grp_weapon,snp_wpn_3p,,55,0,63,64,125,1000,1000,cosdelay,alloff,cosdelay,default,6,2,priority,oldest,0,300,50,90,0.25,0.8,3d,default,looping,,1,0,0,0,0,0.25,no,no,none,0,,yes,,,yes,no,no,0,0,yes,no,,0,,no,no,no
wpn_crossbow_whoosh_dist,raw\sound\prj\bolt\whoosh\dist\dist_01.LL65.pc.snd.wav,wpn_crossbow_whoosh_close,loaded,bus_fx,grp_weapon,snp_wpn_3p,,55,0,63,64,125,1000,1000,cosdelay,alloff,cosdelay,default,6,2,priority,oldest,0,300,50,90,0.25,0.8,3d,default,looping,,1,0,0,0,0,0.25,no,no,none,0,,yes,,,yes,no,no,0,0,yes,no,,0,,no,no,no
wpn_crossbow_whoosh_dist,raw\sound\prj\bolt\whoosh\dist\dist_02.LL65.pc.snd.wav,wpn_crossbow_whoosh_close,loaded,bus_fx,grp_weapon,snp_wpn_3p,,55,0,63,64,125,1000,1000,cosdelay,alloff,cosdelay,default,6,2,priority,oldest,0,300,50,90,0.25,0.8,3d,default,looping,,1,0,0,0,0,0.25,no,no,none,0,,yes,,,yes,no,no,0,0,yes,no,,0,,no,no,no
wpn_insas_fire_npc,raw\sound\wpn\smg\msmc\shot\wpn_msmc_shot_plr.LN65.pc.snd.wav,wpn_insas_LFE_npc,loaded,bus_fx,grp_weapon,snp_wpn_3p,,55,0,87,87,900,900,900,cosdelay,alloff,cosdelay,default,8,3,priority,oldest,-150,150,20,90,0.25,0.8,3d,default,nonlooping,variant,1,0,0,0,0,0.25,no,no,none,0,,no,,,yes,no,no,0,0,yes,no,,0,,no,no,no
wpn_insas_fire_npc_decay,raw\sound\wpn\smg\decay\ext\wpn_smg_decay_ext.LN65.pc.snd.wav,,loaded,bus_fx,grp_weapon,snp_wpn_3p,,55,0,77,77,50,900,900,allon,default,rcurve1,default,3,1,priority,oldest,-100,100,20,70,0.15,1,3d,quad,nonlooping,,1,0,0,0,0,0.25,no,no,none,0,,no,ringoff_plr,outdoor,yes,no,no,0,0,yes,no,,0,,no,no,no
wpn_insas_fire_npc_decay,raw\sound\wpn\smg\decay\int\wpn_smg_decay_int.LN65.pc.snd.wav,,loaded,bus_fx,grp_weapon,snp_wpn_3p,,55,0,67,67,50,900,900,allon,default,rcurve1,default,3,1,priority,oldest,-100,100,20,70,0.15,1,3d,quad,nonlooping,,1,0,0,0,0,0.25,no,no,none,0,,no,ringoff_plr,indoor,yes,no,no,0,0,yes,no,,0,,no,no,no
wpn_insas_fire_npc_dist,raw\sound\wpn\dist_guns\smg\wpn_smg_dist_00.LN65.pc.snd.wav,wpn_insas_fire_npc_decay,loaded,bus_fx,grp_weapon,snp_wpn_3p,,80,0,81,81,900,6000,12500,sindelay,default,sindelay,allon,8,3,priority,oldest,-300,300,90,40,0.25,1,3d,default,nonlooping,variant,1,0,0,0,0,0.25,no,no,none,0,,no,,,yes,no,no,0,0,yes,no,,0,,no,no,no
wpn_insas_fire_npc_dist,raw\sound\wpn\dist_guns\smg\wpn_smg_dist_01.LN65.pc.snd.wav,wpn_insas_fire_npc_decay,loaded,bus_fx,grp_weapon,snp_wpn_3p,,80,0,81,81,900,6000,12500,sindelay,default,sindelay,allon,8,3,priority,oldest,-300,300,90,40,0.25,1,3d,default,nonlooping,variant,1,0,0,0,0,0.25,no,no,none,0,,no,,,yes,no,no,0,0,yes,no,,0,,no,no,no
wpn_insas_fire_npc_dist,raw\sound\wpn\dist_guns\smg\wpn_smg_dist_02.LN65.pc.snd.wav,wpn_insas_fire_npc_decay,loaded,bus_fx,grp_weapon,snp_wpn_3p,,80,0,81,81,900,6000,12500,sindelay,default,sindelay,allon,8,3,priority,oldest,-300,300,90,40,0.25,1,3d,default,nonlooping,variant,1,0,0,0,0,0.25,no,no,none,0,,no,,,yes,no,no,0,0,yes,no,,0,,no,no,no
wpn_insas_fire_plr,raw\sound\wpn\smg\msmc\shot\wpn_msmc_shot_plr.LN65.pc.snd.wav,wpn_insas_LFE,loaded,bus_fx,grp_weapon,snp_wpn_1p,,65,0,93,93,0,5000,5000,allon,default,allon,default,2,8,oldest,oldest,-80,80,90,90,0.25,1,2d,front_mostly,nonlooping,,1,0,0,0,0,0.25,no,no,none,0,,no,,,yes,no,no,0,0,yes,no,,0,,no,no,no
wpn_insas_fire_plr_decay,raw\sound\wpn\smg\decay\ext\wpn_smg_decay_ext.LN65.pc.snd.wav,,loaded,bus_fx,grp_weapon,snp_wpn_1p,,60,0,80,80,0,5000,5000,allon,default,allon,default,3,8,oldest,oldest,-50,50,90,90,0.25,1,2d,front_mostly,nonlooping,,1,0,0,0,0,0.25,no,no,none,0,,no,ringoff_plr,outdoor,yes,no,no,0,0,yes,no,,0,,no,no,no
wpn_insas_fire_plr_decay,raw\sound\wpn\smg\decay\int\wpn_smg_decay_int.LN65.pc.snd.wav,,loaded,bus_fx,grp_weapon,snp_wpn_1p,,60,0,80,80,0,5000,5000,allon,default,allon,default,3,8,oldest,oldest,-50,50,90,90,0.25,1,2d,front_mostly,nonlooping,,1,0,0,0,0,0.25,no,no,none,0,,no,ringoff_plr,indoor,yes,no,no,0,0,yes,no,,0,,no,no,no
wpn_insas_LFE,raw\sound\wpn\smg\mp7\plr\lfe\wpn_mp7_fire_lfe.LN65.pc.snd.wav,wpn_insas_fire_plr_decay,loaded,bus_hdrfx,grp_wpn_lfe,snp_wpn_1p,,0,0,86,86,0,5000,5000,allon,default,allon,default,8,2,priority,oldest,0,0,85,90,0.25,1,2d,lfe,nonlooping,,1,0,0,0,0,0.25,no,no,none,0,,no,,,no,no,no,0,0,yes,no,,0,,no,no,no
wpn_insas_LFE_npc,raw\sound\wpn\smg\mp7\plr\lfe\wpn_mp7_fire_lfe.LN65.pc.snd.wav,wpn_insas_fire_npc_dist,loaded,bus_hdrfx,grp_wpn_lfe,snp_wpn_3p,,0,0,81,81,25,225,225,allon,default,allon,default,3,1,priority,oldest,0,0,40,90,0.25,0.75,3d,lfe,nonlooping,,1,0,0,0,0,0.25,no,no,none,0,,no,,,no,no,no,0,0,yes,no,,0,,no,no,no
wpn_mk48_belt_npc,raw\sound\wpn\lmg\mk48\plr\belt\wpn_mk48_fire_plr_belt.LN65.pc.snd.wav,wpn_mk48_fire_npc_dist,loaded,bus_fx,grp_weapon,snp_wpn_3p,,75,0,67,67,200,350,350,allon,default,rcurve1,default,10,3,priority,oldest,-100,100,50,90,0.35,1,3d,default,nonlooping,pitch,1,0,0,0,0,0.25,no,no,none,0,,no,,,yes,no,no,0,0,yes,no,,0,,no,no,no
wpn_mk48_belt_plr,raw\sound\wpn\lmg\mk48\plr\belt\wpn_mk48_fire_plr_belt.LN65.pc.snd.wav,wpn_mk48_decay,loaded,bus_fx,grp_weapon,snp_wpn_1p,,80,0,75,75,0,5000,5000,allon,default,allon,default,8,3,priority,oldest,0,0,90,90,0.25,1,2d,wpn_fnt,nonlooping,,1,0,0,0,0,0.25,no,no,none,0,,no,,,yes,no,no,0,0,yes,no,,0,,no,no,no
wpn_mk48_decay,raw\sound\wpn\assault\decay\ext\wpn_assault_decay_ext.LN65.pc.snd.wav,wpn_mk48_reflection_l,loaded,bus_fx,grp_weapon,snp_wpn_1p,,55,0,67,67,0,5000,5000,allon,default,allon,default,3,8,oldest,oldest,0,0,90,90,0.25,1,2d,quad,nonlooping,,1,75,0,0,0,0.25,no,no,none,0,,no,ringoff_plr,outdoor,yes,no,no,0,0,yes,no,,0,,no,no,no
wpn_mk48_decay,raw\sound\wpn\assault\decay\int\wpn_assault_decay_int.LN65.pc.snd.wav,,loaded,bus_fx,grp_weapon,snp_wpn_1p,,55,0,67,67,0,5000,5000,allon,default,allon,default,3,8,oldest,oldest,0,0,90,90,0.25,1,2d,quad,nonlooping,,1,0,0,0,0,0.25,no,no,none,0,,no,ringoff_plr,indoor,yes,no,no,0,0,yes,no,,0,,no,no,no
wpn_mk48_decay_npc,raw\sound\wpn\assault\decay\ext\wpn_assault_decay_ext.LN65.pc.snd.wav,,loaded,bus_fx,grp_weapon,snp_wpn_3p,,55,0,77,77,50,900,900,allon,default,rcurve1,default,3,1,priority,oldest,-100,100,20,70,0.15,1,3d,quad,nonlooping,,1,0,0,0,0,0.25,no,no,none,0,,no,ringoff_plr,outdoor,yes,no,no,0,0,yes,no,,0,,no,no,no
wpn_mk48_decay_npc,raw\sound\wpn\assault\decay\int\wpn_assault_decay_int.LN65.pc.snd.wav,,loaded,bus_fx,grp_weapon,snp_wpn_3p,,55,0,67,67,50,900,900,allon,default,rcurve1,default,3,1,priority,oldest,-100,100,20,70,0.15,1,3d,quad,nonlooping,,1,0,0,0,0,0.25,no,no,none,0,,no,ringoff_plr,indoor,yes,no,no,0,0,yes,no,,0,,no,no,no
wpn_mk48_fire_npc,raw\sound\wpn\lmg\mk48\plr\shot\wpn_mk48_fire_plr.LN65.pc.snd.wav,wpn_mk48_LFE_npc,loaded,bus_fx,grp_weapon,snp_wpn_3p,,70,0,85,85,900,900,901,cosdelay,alloff,cosdelay,default,8,2,priority,oldest,-300,300,50,90,0.25,0.8,3d,default,nonlooping,pitch,1,0,0,0,0,0.25,no,no,none,0,,no,,,yes,no,no,0,0,yes,no,,0,,no,no,no
wpn_mk48_fire_npc_dist,raw\sound\wpn\dist_guns\lmg\wpn_lmg_dist_00.LN65.pc.snd.wav,wpn_mk48_decay_npc,loaded,bus_fx,grp_weapon,snp_wpn_3p,,80,0,85,85,900,6000,12500,sindelay,default,sindelay,allon,8,3,priority,oldest,-300,300,90,40,0.25,1,3d,default,nonlooping,variant,1,0,0,0,0,0.25,no,no,none,0,,no,,,yes,no,no,0,0,yes,no,,0,,no,no,no
wpn_mk48_fire_npc_dist,raw\sound\wpn\dist_guns\lmg\wpn_lmg_dist_01.LN65.pc.snd.wav,wpn_mk48_decay_npc,loaded,bus_fx,grp_weapon,snp_wpn_3p,,80,0,85,85,900,6000,12500,sindelay,default,sindelay,allon,8,3,priority,oldest,-300,300,90,40,0.25,1,3d,default,nonlooping,variant,1,0,0,0,0,0.25,no,no,none,0,,no,,,yes,no,no,0,0,yes,no,,0,,no,no,no
wpn_mk48_fire_npc_dist,raw\sound\wpn\dist_guns\lmg\wpn_lmg_dist_02.LN65.pc.snd.wav,wpn_mk48_decay_npc,loaded,bus_fx,grp_weapon,snp_wpn_3p,,80,0,85,85,900,6000,12500,sindelay,default,sindelay,allon,8,3,priority,oldest,-300,300,90,40,0.25,1,3d,default,nonlooping,variant,1,0,0,0,0,0.25,no,no,none,0,,no,,,yes,no,no,0,0,yes,no,,0,,no,no,no
wpn_mk48_fire_plr,raw\sound\wpn\lmg\mk48\plr\shot\wpn_mk48_fire_plr.LN65.pc.snd.wav,wpn_mk48_LFE,loaded,bus_fx,grp_weapon,snp_wpn_1p,@ce86373b,70,0,93,93,0,5000,5000,allon,default,allon,default,2,8,oldest,oldest,-100,100,90,90,0.25,1,2d,front_mostly,nonlooping,,1,0,0,0,0,0.25,no,no,none,0,,no,,,yes,no,no,0,0,yes,no,,0,,no,no,no
wpn_mk48_LFE,raw\sound\wpn\lmg\mk48\plr\lfe\wpn_mk48_lfe.LN65.pc.snd.wav,wpn_mk48_belt_plr,loaded,bus_hdrfx,grp_wpn_lfe,snp_wpn_1p,,0,0,86,86,0,5000,5000,allon,default,allon,default,8,2,priority,oldest,0,0,85,90,0.25,1,2d,lfe,nonlooping,,1,0,0,0,0,0.25,no,no,none,0,,no,,,no,no,no,0,0,yes,no,,0,,no,no,no
wpn_mk48_LFE_npc,raw\sound\wpn\lmg\mk48\plr\lfe\wpn_mk48_lfe.LN65.pc.snd.wav,wpn_mk48_belt_npc,loaded,bus_hdrfx,grp_wpn_lfe,snp_wpn_3p,,0,0,80,80,125,550,550,allon,default,allon,default,3,1,priority,oldest,0,0,40,90,0.25,0.75,3d,lfe,nonlooping,,1,0,0,0,0,0.25,no,no,none,0,,no,,,no,no,no,0,0,yes,no,,0,,no,no,no
wpn_mk48_reflection_l,raw\sound\wpn\common\early_reflection\4000\wpn_mp7_reflection_4000_l.LN65.pc.snd.wav,wpn_mk48_reflection_r,loaded,bus_fx,grp_weapon,snp_wpn_3p,,40,0,62,62,25,900,900,allon,default,allon,default,8,4,priority,priority,-34,34,20,40,0.25,1,3d,default,nonlooping,pitch,1,250,0,0,0,0.25,no,no,left_shot,7000,,no,,,yes,no,no,0,0,yes,no,,0,,no,no,no
wpn_mk48_reflection_r,raw\sound\wpn\common\early_reflection\4000\wpn_mp7_reflection_4000_r.LN65.pc.snd.wav,,loaded,bus_fx,grp_weapon,snp_wpn_3p,,40,0,62,62,25,900,900,allon,default,allon,default,8,4,priority,priority,-34,34,20,40,0.25,1,3d,default,nonlooping,pitch,1,250,0,0,0,0.25,no,no,right_shot,7000,,no,,,yes,no,no,0,0,yes,no,,0,,no,no,no
wpn_mp7_fire_npc,raw\sound\wpn\smg\mp7\plr\shot\wpn_mp7_shot_plr.LN65.pc.snd.wav,wpn_mp7_fire_npc_dist,loaded,bus_fx,grp_weapon,snp_wpn_3p,,55,0,87,87,900,900,900,cosdelay,alloff,cosdelay,default,8,3,priority,oldest,-150,150,20,90,0.25,0.8,3d,default,nonlooping,variant,1,0,0,0,0,0.25,no,no,none,0,,no,,,yes,no,no,0,0,yes,no,,0,,no,no,no
wpn_mp7_fire_npc_decay,raw\sound\wpn\smg\decay\ext\wpn_smg_decay_ext.LN65.pc.snd.wav,,loaded,bus_fx,grp_weapon,snp_wpn_3p,,55,0,77,77,50,900,900,allon,default,rcurve1,default,3,1,priority,oldest,-100,100,20,70,0.15,1,3d,quad,nonlooping,,1,0,0,0,0,0.25,no,no,none,0,,no,ringoff_plr,outdoor,yes,no,no,0,0,yes,no,,0,,no,no,no
wpn_mp7_fire_npc_decay,raw\sound\wpn\smg\decay\int\wpn_smg_decay_int.LN65.pc.snd.wav,,loaded,bus_fx,grp_weapon,snp_wpn_3p,,55,0,67,67,50,900,900,allon,default,rcurve1,default,3,1,priority,oldest,-100,100,20,70,0.15,1,3d,quad,nonlooping,,1,0,0,0,0,0.25,no,no,none,0,,no,ringoff_plr,indoor,yes,no,no,0,0,yes,no,,0,,no,no,no
wpn_mp7_fire_npc_dist,raw\sound\wpn\dist_guns\smg\wpn_smg_dist_00.LN65.pc.snd.wav,wpn_mp7_LFE_npc,loaded,bus_fx,grp_weapon,snp_wpn_3p,,80,0,81,81,900,6000,12500,sindelay,default,sindelay,allon,8,3,priority,oldest,-300,300,90,40,0.25,1,3d,default,nonlooping,variant,1,0,0,0,0,0.25,no,no,none,0,,no,,,yes,no,no,0,0,yes,no,,0,,no,no,no
wpn_mp7_fire_npc_dist,raw\sound\wpn\dist_guns\smg\wpn_smg_dist_01.LN65.pc.snd.wav,wpn_mp7_LFE_npc,loaded,bus_fx,grp_weapon,snp_wpn_3p,,80,0,81,81,900,6000,12500,sindelay,default,sindelay,allon,8,3,priority,oldest,-300,300,90,40,0.25,1,3d,default,nonlooping,variant,1,0,0,0,0,0.25,no,no,none,0,,no,,,yes,no,no,0,0,yes,no,,0,,no,no,no
wpn_mp7_fire_npc_dist,raw\sound\wpn\dist_guns\smg\wpn_smg_dist_02.LN65.pc.snd.wav,wpn_mp7_LFE_npc,loaded,bus_fx,grp_weapon,snp_wpn_3p,,80,0,81,81,900,6000,12500,sindelay,default,sindelay,allon,8,3,priority,oldest,-300,300,90,40,0.25,1,3d,default,nonlooping,variant,1,0,0,0,0,0.25,no,no,none,0,,no,,,yes,no,no,0,0,yes,no,,0,,no,no,no
wpn_mp7_fire_plr,raw\sound\wpn\smg\mp7\plr\shot\wpn_mp7_shot_plr.LN65.pc.snd.wav,wpn_mp7_LFE,loaded,bus_fx,grp_weapon,snp_wpn_1p,,65,0,93,93,0,5000,5000,allon,default,allon,default,2,8,oldest,oldest,-80,80,90,90,0.25,1,2d,front_mostly,nonlooping,,1,0,0,0,0,0.25,no,no,none,0,,no,,,yes,no,no,0,0,yes,no,,0,,no,no,no
wpn_mp7_fire_plr_decay,raw\sound\wpn\smg\decay\ext\wpn_smg_decay_ext.LN65.pc.snd.wav,,loaded,bus_fx,grp_weapon,snp_wpn_1p,,60,0,80,80,0,5000,5000,allon,default,allon,default,3,8,oldest,oldest,-50,50,90,90,0.25,1,2d,front_mostly,nonlooping,,1,0,0,0,0,0.25,no,no,none,0,,no,ringoff_plr,outdoor,yes,no,no,0,0,yes,no,,0,,no,no,no
wpn_mp7_fire_plr_decay,raw\sound\wpn\smg\decay\int\wpn_smg_decay_int.LN65.pc.snd.wav,,loaded,bus_fx,grp_weapon,snp_wpn_1p,,60,0,80,80,0,5000,5000,allon,default,allon,default,3,8,oldest,oldest,-50,50,90,90,0.25,1,2d,front_mostly,nonlooping,,1,0,0,0,0,0.25,no,no,none,0,,no,ringoff_plr,indoor,yes,no,no,0,0,yes,no,,0,,no,no,no
wpn_mp7_LFE,raw\sound\wpn\smg\mp7\plr\lfe\wpn_mp7_fire_lfe.LN65.pc.snd.wav,wpn_mp7_fire_plr_decay,loaded,bus_hdrfx,grp_wpn_lfe,snp_wpn_1p,,0,0,86,86,0,5000,5000,allon,default,allon,default,8,2,priority,oldest,0,0,85,90,0.25,1,2d,lfe,nonlooping,,1,0,0,0,0,0.25,no,no,none,0,,no,,,no,no,no,0,0,yes,no,,0,,no,no,no
wpn_mp7_LFE_npc,raw\sound\wpn\smg\mp7\plr\lfe\wpn_mp7_fire_lfe.LN65.pc.snd.wav,wpn_mp7_fire_npc_decay,loaded,bus_hdrfx,grp_wpn_lfe,snp_wpn_3p,,0,0,81,81,25,225,225,allon,default,allon,default,3,1,priority,oldest,0,0,40,90,0.25,0.75,3d,lfe,nonlooping,,1,0,0,0,0,0.25,no,no,none,0,,no,,,no,no,no,0,0,yes,no,,0,,no,no,no
wpn_peacekeeper_fire_npc,raw\sound\wpn\assault\peacekeeper\plr\shot\wpn_peacekeeper_shot_plr.LN65.pc.snd.wav,wpn_peacekeeper_LFE_npc,loaded,bus_fx,grp_weapon,snp_wpn_3p,,55,0,82,82,900,900,901,cosdelay,alloff,cosdelay,default,8,2,priority,oldest,-25,25,40,90,0.25,0.8,3d,default,nonlooping,,1,0,0,0,0,0.25,no,no,none,0,,no,,,yes,no,no,0,0,yes,no,,0,,no,no,no
wpn_peacekeeper_fire_npc_decay,raw\sound\wpn\assault\decay\ext\wpn_assault_decay_ext.LN65.pc.snd.wav,,loaded,bus_fx,grp_weapon,snp_wpn_3p,,55,0,77,77,50,900,900,allon,default,rcurve1,default,3,1,priority,oldest,-100,100,20,70,0.15,1,3d,quad,nonlooping,,1,0,0,0,0,0.25,no,no,none,0,,no,ringoff_plr,outdoor,yes,no,no,0,0,yes,no,,0,,no,no,no
wpn_peacekeeper_fire_npc_decay,raw\sound\wpn\assault\decay\int\wpn_assault_decay_int.LN65.pc.snd.wav,,loaded,bus_fx,grp_weapon,snp_wpn_3p,,55,0,67,67,50,900,900,allon,default,rcurve1,default,3,1,priority,oldest,-100,100,20,70,0.15,1,3d,quad,nonlooping,,1,0,0,0,0,0.25,no,no,none,0,,no,ringoff_plr,indoor,yes,no,no,0,0,yes,no,,0,,no,no,no
wpn_peacekeeper_fire_npc_dist,raw\sound\wpn\dist_guns\ass\wpn_assault_dist_00.LN65.pc.snd.wav,wpn_peacekeeper_fire_npc_decay,loaded,bus_fx,grp_weapon,snp_wpn_3p,,80,0,81,81,900,6000,12500,sindelay,default,sindelay,allon,8,3,priority,oldest,-300,300,90,40,0,1,3d,default,nonlooping,variant,1,0,0,0,0,0.25,no,no,none,0,,no,,,yes,no,no,0,0,yes,no,,0,,no,no,no
wpn_peacekeeper_fire_npc_dist,raw\sound\wpn\dist_guns\ass\wpn_assault_dist_01.LN65.pc.snd.wav,wpn_peacekeeper_fire_npc_decay,loaded,bus_fx,grp_weapon,snp_wpn_3p,,80,0,81,81,900,6000,12500,sindelay,default,sindelay,allon,8,3,priority,oldest,-300,300,90,40,0,1,3d,default,nonlooping,variant,1,0,0,0,0,0.25,no,no,none,0,,no,,,yes,no,no,0,0,yes,no,,0,,no,no,no
wpn_peacekeeper_fire_npc_dist,raw\sound\wpn\dist_guns\ass\wpn_assault_dist_02.LN65.pc.snd.wav,wpn_peacekeeper_fire_npc_decay,loaded,bus_fx,grp_weapon,snp_wpn_3p,,80,0,81,81,900,6000,12500,sindelay,default,sindelay,allon,8,3,priority,oldest,-300,300,90,40,0,1,3d,default,nonlooping,variant,1,0,0,0,0,0.25,no,no,none,0,,no,,,yes,no,no,0,0,yes,no,,0,,no,no,no
wpn_peacekeeper_fire_npc_dist,raw\sound\wpn\dist_guns\ass\wpn_assault_dist_03.LN65.pc.snd.wav,wpn_peacekeeper_fire_npc_decay,loaded,bus_fx,grp_weapon,snp_wpn_3p,,80,0,81,81,900,6000,12500,sindelay,default,sindelay,allon,8,3,priority,oldest,-300,300,90,40,0,1,3d,default,nonlooping,variant,1,0,0,0,0,0.25,no,no,none,0,,no,,,yes,no,no,0,0,yes,no,,0,,no,no,no
wpn_peacekeeper_fire_plr,raw\sound\wpn\assault\peacekeeper\plr\shot\wpn_peacekeeper_shot_plr.LN65.pc.snd.wav,wpn_peacekeeper_lfe,loaded,bus_fx,grp_weapon,snp_wpn_1p,,65,0,93,93,0,5000,5000,allon,default,allon,default,3,8,oldest,oldest,-25,25,90,90,0.25,1,2d,front_mostly,nonlooping,,1,0,0,0,0,0.25,no,no,none,0,,no,,,yes,no,no,0,0,yes,no,,0,,no,no,no
wpn_peacekeeper_fire_plr_decay,raw\sound\wpn\assault\decay\ext\wpn_assault_decay_ext.LN65.pc.snd.wav,,loaded,bus_fx,grp_weapon,snp_wpn_1p,,60,0,83,83,0,5000,5000,allon,default,allon,default,3,8,oldest,oldest,-25,25,90,90,0.25,1,2d,front_mostly,nonlooping,,1,0,0,0,0,0.25,no,no,none,0,,no,ringoff_plr,outdoor,yes,no,no,0,0,yes,no,,0,,no,no,no
wpn_peacekeeper_fire_plr_decay,raw\sound\wpn\assault\decay\int\wpn_assault_decay_int.LN65.pc.snd.wav,,loaded,bus_fx,grp_weapon,snp_wpn_1p,,60,0,83,83,0,5000,5000,allon,default,allon,default,3,8,oldest,oldest,-25,25,90,90,0.25,1,2d,front_mostly,nonlooping,,1,0,0,0,0,0.25,no,no,none,0,,no,ringoff_plr,indoor,yes,no,no,0,0,yes,no,,0,,no,no,no
wpn_peacekeeper_lfe,raw\sound\wpn\smg\mp7\plr\lfe\wpn_mp7_fire_lfe.LN65.pc.snd.wav,wpn_peacekeeper_fire_plr_decay,loaded,bus_hdrfx,grp_wpn_lfe,snp_wpn_1p,,0,0,86,86,0,5000,5000,allon,default,allon,default,8,2,priority,oldest,0,0,85,90,0.25,1,2d,lfe,nonlooping,,1,0,0,0,0,0.25,no,no,none,0,,no,,,no,no,no,0,0,yes,no,,0,,no,no,no
wpn_peacekeeper_LFE_npc,raw\sound\wpn\smg\mp7\plr\lfe\wpn_mp7_fire_lfe.LN65.pc.snd.wav,wpn_peacekeeper_fire_npc_dist,loaded,bus_hdrfx,grp_wpn_lfe,snp_wpn_3p,,0,0,81,81,25,225,225,allon,default,allon,default,3,1,priority,oldest,0,0,40,90,0.25,0.75,3d,lfe,nonlooping,,1,0,0,0,0,0.25,no,no,none,0,,no,,,no,no,no,0,0,yes,no,,0,,no,no,no
wpn_qbb95_decay_npc,raw\sound\wpn\assault\decay\ext\wpn_assault_decay_ext.LN65.pc.snd.wav,,loaded,bus_fx,grp_weapon,snp_wpn_3p,,55,0,77,77,50,900,900,allon,default,rcurve1,default,3,1,priority,oldest,-100,100,20,70,0.15,1,3d,quad,nonlooping,,1,0,0,0,0,0.25,no,no,none,0,,no,ringoff_plr,outdoor,yes,no,no,0,0,yes,no,,0,,no,no,no
wpn_qbb95_decay_npc,raw\sound\wpn\assault\decay\int\wpn_assault_decay_int.LN65.pc.snd.wav,,loaded,bus_fx,grp_weapon,snp_wpn_3p,,55,0,67,67,50,900,900,allon,default,rcurve1,default,3,1,priority,oldest,-100,100,20,70,0.15,1,3d,quad,nonlooping,,1,0,0,0,0,0.25,no,no,none,0,,no,ringoff_plr,indoor,yes,no,no,0,0,yes,no,,0,,no,no,no
wpn_qbb95_fire_npc,raw\sound\wpn\lmg\qbb\shot\wpn_qbb_shot_plr.LN65.pc.snd.wav,wpn_qbb95_LFE_npc,loaded,bus_fx,grp_weapon,snp_wpn_3p,,70,0,85,85,900,900,901,cosdelay,alloff,cosdelay,default,8,2,priority,oldest,-25,25,50,90,0.25,0.8,3d,default,nonlooping,pitch,1,0,0,0,0,0.25,no,no,none,0,,no,,,yes,no,no,0,0,yes,no,,0,,no,no,no
wpn_qbb95_fire_npc_dist,raw\sound\wpn\dist_guns\lmg\wpn_lmg_dist_00.LN65.pc.snd.wav,wpn_qbb95_decay_npc,loaded,bus_fx,grp_weapon,snp_wpn_3p,,80,0,85,85,900,6000,12500,sindelay,default,sindelay,allon,8,3,priority,oldest,-300,300,90,40,0.25,1,3d,default,nonlooping,variant,1,0,0,0,0,0.25,no,no,none,0,,no,,,yes,no,no,0,0,yes,no,,0,,no,no,no
wpn_qbb95_fire_npc_dist,raw\sound\wpn\dist_guns\lmg\wpn_lmg_dist_01.LN65.pc.snd.wav,wpn_qbb95_decay_npc,loaded,bus_fx,grp_weapon,snp_wpn_3p,,80,0,85,85,900,6000,12500,sindelay,default,sindelay,allon,8,3,priority,oldest,-300,300,90,40,0.25,1,3d,default,nonlooping,variant,1,0,0,0,0,0.25,no,no,none,0,,no,,,yes,no,no,0,0,yes,no,,0,,no,no,no
wpn_qbb95_fire_npc_dist,raw\sound\wpn\dist_guns\lmg\wpn_lmg_dist_02.LN65.pc.snd.wav,wpn_qbb95_decay_npc,loaded,bus_fx,grp_weapon,snp_wpn_3p,,80,0,85,85,900,6000,12500,sindelay,default,sindelay,allon,8,3,priority,oldest,-300,300,90,40,0.25,1,3d,default,nonlooping,variant,1,0,0,0,0,0.25,no,no,none,0,,no,,,yes,no,no,0,0,yes,no,,0,,no,no,no
wpn_qbb95_fire_plr,raw\sound\wpn\lmg\qbb\shot\wpn_qbb_shot_plr.LN65.pc.snd.wav,wpn_qbb95_lfe,loaded,bus_fx,grp_weapon,snp_wpn_1p,@ce86373b,70,0,93,93,0,5000,5000,allon,default,allon,default,2,8,oldest,oldest,-25,25,90,90,0.25,1,2d,front_mostly,nonlooping,,1,0,0,0,0,0.25,no,no,none,0,,no,,,yes,no,no,0,0,yes,no,,0,,no,no,no
wpn_qbb95_fire_plr_decay,raw\sound\wpn\assault\decay\ext\wpn_assault_decay_ext.LN65.pc.snd.wav,,loaded,bus_fx,grp_weapon,snp_wpn_1p,,55,0,75,75,0,5000,5000,allon,default,allon,default,3,8,oldest,oldest,-50,50,90,90,0.25,1,2d,front_mostly,nonlooping,,1,0,0,0,0,0.25,no,no,none,0,,no,ringoff_plr,outdoor,yes,no,no,0,0,yes,no,,0,,no,no,no
wpn_qbb95_fire_plr_decay,raw\sound\wpn\assault\decay\int\wpn_assault_decay_int.LN65.pc.snd.wav,,loaded,bus_fx,grp_weapon,snp_wpn_1p,,55,0,75,75,0,5000,5000,allon,default,allon,default,3,8,oldest,oldest,-50,50,90,90,0.25,1,2d,front_mostly,nonlooping,,1,0,0,0,0,0.25,no,no,none,0,,no,ringoff_plr,indoor,yes,no,no,0,0,yes,no,,0,,no,no,no
wpn_qbb95_lfe,raw\sound\wpn\smg\mp7\plr\lfe\wpn_mp7_fire_lfe.LN65.pc.snd.wav,wpn_qbb95_fire_plr_decay,loaded,bus_hdrfx,grp_wpn_lfe,snp_wpn_1p,,0,0,86,86,0,5000,5000,allon,default,allon,default,8,2,priority,oldest,0,0,85,90,0.25,1,2d,lfe,nonlooping,,1,0,0,0,0,0.25,no,no,none,0,,no,,,no,no,no,0,0,yes,no,,0,,no,no,no
wpn_qbb95_LFE_npc,raw\sound\wpn\smg\mp7\plr\lfe\wpn_mp7_fire_lfe.LN65.pc.snd.wav,wpn_qbb95_fire_npc_dist,loaded,bus_hdrfx,grp_wpn_lfe,snp_wpn_3p,,0,0,80,80,125,550,550,allon,default,allon,default,3,1,priority,oldest,0,0,40,90,0.25,0.75,3d,lfe,nonlooping,,1,0,0,0,0,0.25,no,no,none,0,,no,,,no,no,no,0,0,yes,no,,0,,no,no,no
wpn_sa58_fire_npc,raw\sound\wpn\assault\sa58\plr\shot\wpn_sa58_shot_plr.LN65.pc.snd.wav,wpn_sa58_LFE_npc,loaded,bus_fx,grp_weapon,snp_wpn_3p,,55,0,82,82,900,900,901,cosdelay,alloff,cosdelay,default,8,2,priority,oldest,-125,125,40,90,0.25,0.8,3d,default,nonlooping,,1,0,0,0,0,0.25,no,no,none,0,,no,,,yes,no,no,0,0,yes,no,,0,,no,no,no
wpn_sa58_fire_npc_decay,raw\sound\wpn\assault\decay\ext\wpn_assault_decay_ext.LN65.pc.snd.wav,,loaded,bus_fx,grp_weapon,snp_wpn_3p,,55,0,77,77,50,900,900,allon,default,rcurve1,default,3,1,priority,oldest,-100,100,20,70,0.15,1,3d,quad,nonlooping,,1,0,0,0,0,0.25,no,no,none,0,,no,ringoff_plr,outdoor,yes,no,no,0,0,yes,no,,0,,no,no,no
wpn_sa58_fire_npc_decay,raw\sound\wpn\assault\decay\int\wpn_assault_decay_int.LN65.pc.snd.wav,,loaded,bus_fx,grp_weapon,snp_wpn_3p,,55,0,67,67,50,900,900,allon,default,rcurve1,default,3,1,priority,oldest,-100,100,20,70,0.15,1,3d,quad,nonlooping,,1,0,0,0,0,0.25,no,no,none,0,,no,ringoff_plr,indoor,yes,no,no,0,0,yes,no,,0,,no,no,no
wpn_sa58_fire_npc_dist,raw\sound\wpn\dist_guns\ass\wpn_assault_dist_00.LN65.pc.snd.wav,wpn_sa58_fire_npc_decay,loaded,bus_fx,grp_weapon,snp_wpn_3p,,80,0,81,81,900,6000,12500,sindelay,default,sindelay,allon,8,3,priority,oldest,-300,300,90,40,0,1,3d,default,nonlooping,variant,1,0,0,0,0,0.25,no,no,none,0,,no,,,yes,no,no,0,0,yes,no,,0,,no,no,no
wpn_sa58_fire_npc_dist,raw\sound\wpn\dist_guns\ass\wpn_assault_dist_01.LN65.pc.snd.wav,wpn_sa58_fire_npc_decay,loaded,bus_fx,grp_weapon,snp_wpn_3p,,80,0,81,81,900,6000,12500,sindelay,default,sindelay,allon,8,3,priority,oldest,-300,300,90,40,0,1,3d,default,nonlooping,variant,1,0,0,0,0,0.25,no,no,none,0,,no,,,yes,no,no,0,0,yes,no,,0,,no,no,no
wpn_sa58_fire_npc_dist,raw\sound\wpn\dist_guns\ass\wpn_assault_dist_02.LN65.pc.snd.wav,wpn_sa58_fire_npc_decay,loaded,bus_fx,grp_weapon,snp_wpn_3p,,80,0,81,81,900,6000,12500,sindelay,default,sindelay,allon,8,3,priority,oldest,-300,300,90,40,0,1,3d,default,nonlooping,variant,1,0,0,0,0,0.25,no,no,none,0,,no,,,yes,no,no,0,0,yes,no,,0,,no,no,no
wpn_sa58_fire_npc_dist,raw\sound\wpn\dist_guns\ass\wpn_assault_dist_03.LN65.pc.snd.wav,wpn_sa58_fire_npc_decay,loaded,bus_fx,grp_weapon,snp_wpn_3p,,80,0,81,81,900,6000,12500,sindelay,default,sindelay,allon,8,3,priority,oldest,-300,300,90,40,0,1,3d,default,nonlooping,variant,1,0,0,0,0,0.25,no,no,none,0,,no,,,yes,no,no,0,0,yes,no,,0,,no,no,no
wpn_sa58_fire_plr,raw\sound\wpn\assault\sa58\plr\shot\wpn_sa58_shot_plr.LN65.pc.snd.wav,wpn_sa58_lfe,loaded,bus_fx,grp_weapon,snp_wpn_1p,,65,0,91,91,0,5000,5000,allon,default,allon,default,3,8,oldest,oldest,-50,50,90,90,0.25,1,2d,front_mostly,nonlooping,,1,0,0,0,0,0.25,no,no,none,0,,no,,,yes,no,no,0,0,yes,no,,0,,no,no,no
wpn_sa58_fire_plr_decay,raw\sound\wpn\assault\decay\ext\wpn_assault_decay_ext.LN65.pc.snd.wav,,loaded,bus_fx,grp_weapon,snp_wpn_1p,,60,0,83,83,0,5000,5000,allon,default,allon,default,3,8,oldest,oldest,-25,25,90,90,0.25,1,2d,front_mostly,nonlooping,,1,0,0,0,0,0.25,no,no,none,0,,no,ringoff_plr,outdoor,yes,no,no,0,0,yes,no,,0,,no,no,no
wpn_sa58_fire_plr_decay,raw\sound\wpn\assault\decay\int\wpn_assault_decay_int.LN65.pc.snd.wav,,loaded,bus_fx,grp_weapon,snp_wpn_1p,,60,0,83,83,0,5000,5000,allon,default,allon,default,3,8,oldest,oldest,-25,25,90,90,0.25,1,2d,front_mostly,nonlooping,,1,0,0,0,0,0.25,no,no,none,0,,no,ringoff_plr,indoor,yes,no,no,0,0,yes,no,,0,,no,no,no
wpn_sa58_lfe,raw\sound\wpn\smg\mp7\plr\lfe\wpn_mp7_fire_lfe.LN65.pc.snd.wav,wpn_sa58_fire_plr_decay,loaded,bus_hdrfx,grp_wpn_lfe,snp_wpn_1p,,0,0,90,90,0,5000,5000,allon,default,allon,default,8,2,priority,oldest,0,0,85,90,0.25,1,2d,lfe,nonlooping,,1,0,0,0,0,0.25,no,no,none,0,,no,,,no,no,no,0,0,yes,no,,0,,no,no,no
wpn_sa58_LFE_npc,raw\sound\wpn\smg\mp7\plr\lfe\wpn_mp7_fire_lfe.LN65.pc.snd.wav,wpn_sa58_fire_npc_dist,loaded,bus_hdrfx,grp_wpn_lfe,snp_wpn_3p,,0,0,81,81,25,225,225,allon,default,allon,default,3,1,priority,oldest,0,0,40,90,0.25,0.75,3d,lfe,nonlooping,,1,0,0,0,0,0.25,no,no,none,0,,no,,,no,no,no,0,0,yes,no,,0,,no,no,no
wpn_sig556_fire_npc,raw\sound\wpn\assault\sig556\plr\shot\wpn_sig556_shot_plr.LN65.pc.snd.wav,wpn_sig556_LFE_npc,loaded,bus_fx,grp_weapon,snp_wpn_3p,,55,0,82,82,900,900,901,cosdelay,alloff,cosdelay,default,8,2,priority,oldest,-50,50,40,90,0.25,0.8,3d,default,nonlooping,,1,0,0,0,0,0.25,no,no,none,0,,no,,,yes,no,no,0,0,yes,no,,0,,no,no,no
wpn_sig556_fire_npc_decay,raw\sound\wpn\assault\decay\ext\wpn_assault_decay_ext.LN65.pc.snd.wav,,loaded,bus_fx,grp_weapon,snp_wpn_3p,,55,0,77,77,50,900,900,allon,default,rcurve1,default,3,1,priority,oldest,-100,100,20,70,0.15,1,3d,quad,nonlooping,,1,0,0,0,0,0.25,no,no,none,0,,no,ringoff_plr,outdoor,yes,no,no,0,0,yes,no,,0,,no,no,no
wpn_sig556_fire_npc_decay,raw\sound\wpn\assault\decay\int\wpn_assault_decay_int.LN65.pc.snd.wav,,loaded,bus_fx,grp_weapon,snp_wpn_3p,,55,0,67,67,50,900,900,allon,default,rcurve1,default,3,1,priority,oldest,-100,100,20,70,0.15,1,3d,quad,nonlooping,,1,0,0,0,0,0.25,no,no,none,0,,no,ringoff_plr,indoor,yes,no,no,0,0,yes,no,,0,,no,no,no
wpn_sig556_fire_npc_dist,raw\sound\wpn\dist_guns\ass\wpn_assault_dist_00.LN65.pc.snd.wav,wpn_sig556_fire_npc_decay,loaded,bus_fx,grp_weapon,snp_wpn_3p,,80,0,81,81,900,6000,12500,sindelay,default,sindelay,allon,8,3,priority,oldest,-300,300,90,40,0,1,3d,default,nonlooping,variant,1,0,0,0,0,0.25,no,no,none,0,,no,,,yes,no,no,0,0,yes,no,,0,,no,no,no
wpn_sig556_fire_npc_dist,raw\sound\wpn\dist_guns\ass\wpn_assault_dist_01.LN65.pc.snd.wav,wpn_sig556_fire_npc_decay,loaded,bus_fx,grp_weapon,snp_wpn_3p,,80,0,81,81,900,6000,12500,sindelay,default,sindelay,allon,8,3,priority,oldest,-300,300,90,40,0,1,3d,default,nonlooping,variant,1,0,0,0,0,0.25,no,no,none,0,,no,,,yes,no,no,0,0,yes,no,,0,,no,no,no
wpn_sig556_fire_npc_dist,raw\sound\wpn\dist_guns\ass\wpn_assault_dist_02.LN65.pc.snd.wav,wpn_sig556_fire_npc_decay,loaded,bus_fx,grp_weapon,snp_wpn_3p,,80,0,81,81,900,6000,12500,sindelay,default,sindelay,allon,8,3,priority,oldest,-300,300,90,40,0,1,3d,default,nonlooping,variant,1,0,0,0,0,0.25,no,no,none,0,,no,,,yes,no,no,0,0,yes,no,,0,,no,no,no
wpn_sig556_fire_npc_dist,raw\sound\wpn\dist_guns\ass\wpn_assault_dist_03.LN65.pc.snd.wav,wpn_sig556_fire_npc_decay,loaded,bus_fx,grp_weapon,snp_wpn_3p,,80,0,81,81,900,6000,12500,sindelay,default,sindelay,allon,8,3,priority,oldest,-300,300,90,40,0,1,3d,default,nonlooping,variant,1,0,0,0,0,0.25,no,no,none,0,,no,,,yes,no,no,0,0,yes,no,,0,,no,no,no
wpn_sig556_fire_plr,raw\sound\wpn\assault\sig556\plr\shot\wpn_sig556_shot_plr.LN65.pc.snd.wav,wpn_sig556_LFE,loaded,bus_fx,grp_weapon,snp_wpn_1p,,65,0,93,93,0,5000,5000,allon,default,allon,default,3,8,oldest,oldest,-50,50,90,90,0.25,1,2d,front_mostly,nonlooping,,1,0,0,0,0,0.25,no,no,none,0,,no,,,yes,no,no,0,0,yes,no,,0,,no,no,no
wpn_sig556_fire_plr_burst,raw\sound\wpn\assault\sig556\plr\shot\wpn_sig556_shot_plr_burst.LN65.pc.snd.wav,,loaded,bus_fx,grp_weapon,snp_wpn_1p,,65,0,93,93,0,5000,5000,allon,default,allon,default,3,8,oldest,oldest,-50,50,90,90,0.25,1,2d,front_mostly,nonlooping,,1,0,0,0,0,0.25,no,no,none,0,,no,,,yes,no,no,0,0,yes,no,,0,,no,no,no
wpn_sig556_fire_plr_decay,raw\sound\wpn\assault\decay\ext\wpn_assault_decay_ext.LN65.pc.snd.wav,,loaded,bus_fx,grp_weapon,snp_wpn_1p,,60,0,83,83,0,5000,5000,allon,default,allon,default,3,8,oldest,oldest,-25,25,90,90,0.25,1,2d,front_mostly,nonlooping,,1,0,0,0,0,0.25,no,no,none,0,,no,ringoff_plr,outdoor,yes,no,no,0,0,yes,no,,0,,no,no,no
wpn_sig556_fire_plr_decay,raw\sound\wpn\assault\decay\int\wpn_assault_decay_int.LN65.pc.snd.wav,,loaded,bus_fx,grp_weapon,snp_wpn_1p,,60,0,83,83,0,5000,5000,allon,default,allon,default,3,8,oldest,oldest,-25,25,90,90,0.25,1,2d,front_mostly,nonlooping,,1,0,0,0,0,0.25,no,no,none,0,,no,ringoff_plr,indoor,yes,no,no,0,0,yes,no,,0,,no,no,no
wpn_sig556_LFE,raw\sound\wpn\smg\mp7\plr\lfe\wpn_mp7_fire_lfe.LN65.pc.snd.wav,wpn_sig556_fire_plr_decay,loaded,bus_hdrfx,grp_wpn_lfe,snp_wpn_1p,,0,0,86,86,0,5000,5000,allon,default,allon,default,8,2,priority,oldest,0,0,85,90,0.25,1,2d,lfe,nonlooping,,1,0,0,0,0,0.25,no,no,none,0,,no,,,no,no,no,0,0,yes,no,,0,,no,no,no
wpn_sig556_LFE_npc,raw\sound\wpn\smg\mp7\plr\lfe\wpn_mp7_fire_lfe.LN65.pc.snd.wav,wpn_sig556_fire_npc_dist,loaded,bus_hdrfx,grp_wpn_lfe,snp_wpn_3p,,0,0,81,81,25,225,225,allon,default,allon,default,3,1,priority,oldest,0,0,40,90,0.25,0.75,3d,lfe,nonlooping,,1,0,0,0,0,0.25,no,no,none,0,,no,,,no,no,no,0,0,yes,no,,0,,no,no,no
wpn_vector_fire_npc,raw\sound\wpn\smg\vectork10\plr\shot\wpn_vectork10_shot_plr.LN65.pc.snd.wav,wpn_vector_fire_npc_dist,loaded,bus_fx,grp_weapon,snp_wpn_3p,,55,0,87,87,900,900,900,cosdelay,alloff,cosdelay,default,8,3,priority,oldest,-150,150,20,90,0.25,0.8,3d,default,nonlooping,variant,1,0,0,0,0,0.25,no,no,none,0,,no,,,yes,no,no,0,0,yes,no,,0,,no,no,no
wpn_vector_fire_npc_decay,raw\sound\wpn\smg\decay\ext\wpn_smg_decay_ext.LN65.pc.snd.wav,,loaded,bus_fx,grp_weapon,snp_wpn_3p,,55,0,77,77,50,900,900,allon,default,rcurve1,default,3,1,priority,oldest,-100,100,20,70,0.15,1,3d,quad,nonlooping,,1,0,0,0,0,0.25,no,no,none,0,,no,ringoff_plr,outdoor,yes,no,no,0,0,yes,no,,0,,no,no,no
wpn_vector_fire_npc_decay,raw\sound\wpn\smg\decay\int\wpn_smg_decay_int.LN65.pc.snd.wav,,loaded,bus_fx,grp_weapon,snp_wpn_3p,,55,0,67,67,50,900,900,allon,default,rcurve1,default,3,1,priority,oldest,-100,100,20,70,0.15,1,3d,quad,nonlooping,,1,0,0,0,0,0.25,no,no,none,0,,no,ringoff_plr,indoor,yes,no,no,0,0,yes,no,,0,,no,no,no
wpn_vector_fire_npc_dist,raw\sound\wpn\dist_guns\smg\wpn_smg_dist_00.LN65.pc.snd.wav,wpn_vector_LFE_npc,loaded,bus_fx,grp_weapon,snp_wpn_3p,,80,0,81,81,900,6000,12500,sindelay,default,sindelay,allon,8,3,priority,oldest,-300,300,90,40,0.25,1,3d,default,nonlooping,variant,1,0,0,0,0,0.25,no,no,none,0,,no,,,yes,no,no,0,0,yes,no,,0,,no,no,no
wpn_vector_fire_npc_dist,raw\sound\wpn\dist_guns\smg\wpn_smg_dist_01.LN65.pc.snd.wav,wpn_vector_LFE_npc,loaded,bus_fx,grp_weapon,snp_wpn_3p,,80,0,81,81,900,6000,12500,sindelay,default,sindelay,allon,8,3,priority,oldest,-300,300,90,40,0.25,1,3d,default,nonlooping,variant,1,0,0,0,0,0.25,no,no,none,0,,no,,,yes,no,no,0,0,yes,no,,0,,no,no,no
wpn_vector_fire_npc_dist,raw\sound\wpn\dist_guns\smg\wpn_smg_dist_02.LN65.pc.snd.wav,wpn_vector_LFE_npc,loaded,bus_fx,grp_weapon,snp_wpn_3p,,80,0,81,81,900,6000,12500,sindelay,default,sindelay,allon,8,3,priority,oldest,-300,300,90,40,0.25,1,3d,default,nonlooping,variant,1,0,0,0,0,0.25,no,no,none,0,,no,,,yes,no,no,0,0,yes,no,,0,,no,no,no
wpn_vector_fire_plr,raw\sound\wpn\smg\vectork10\plr\shot\wpn_vectork10_shot_plr.LN65.pc.snd.wav,wpn_vector_LFE,loaded,bus_fx,grp_weapon,snp_wpn_1p,,65,0,93,93,0,5000,5000,allon,default,allon,default,2,8,oldest,oldest,-80,80,90,90,0.25,1,2d,front_mostly,nonlooping,,1,0,0,0,0,0.25,no,no,none,0,,no,,,yes,no,no,0,0,yes,no,,0,,no,no,no
wpn_vector_fire_plr_decay,raw\sound\wpn\smg\decay\ext\wpn_smg_decay_ext.LN65.pc.snd.wav,,loaded,bus_fx,grp_weapon,snp_wpn_1p,,60,0,80,80,0,5000,5000,allon,default,allon,default,3,8,oldest,oldest,-50,50,90,90,0.25,1,2d,front_mostly,nonlooping,,1,0,0,0,0,0.25,no,no,none,0,,no,ringoff_plr,outdoor,yes,no,no,0,0,yes,no,,0,,no,no,no
wpn_vector_fire_plr_decay,raw\sound\wpn\smg\decay\int\wpn_smg_decay_int.LN65.pc.snd.wav,,loaded,bus_fx,grp_weapon,snp_wpn_1p,,60,0,80,80,0,5000,5000,allon,default,allon,default,3,8,oldest,oldest,-50,50,90,90,0.25,1,2d,front_mostly,nonlooping,,1,0,0,0,0,0.25,no,no,none,0,,no,ringoff_plr,indoor,yes,no,no,0,0,yes,no,,0,,no,no,no
wpn_vector_LFE,raw\sound\wpn\smg\mp7\plr\lfe\wpn_mp7_fire_lfe.LN65.pc.snd.wav,wpn_vector_fire_plr_decay,loaded,bus_hdrfx,grp_wpn_lfe,snp_wpn_1p,,0,0,86,86,0,5000,5000,allon,default,allon,default,8,2,priority,oldest,0,0,85,90,0.25,1,2d,lfe,nonlooping,,1,0,0,0,0,0.25,no,no,none,0,,no,,,no,no,no,0,0,yes,no,,0,,no,no,no
wpn_vector_LFE_npc,raw\sound\wpn\smg\mp7\plr\lfe\wpn_mp7_fire_lfe.LN65.pc.snd.wav,wpn_vector_fire_npc_decay,loaded,bus_hdrfx,grp_wpn_lfe,snp_wpn_3p,,0,0,81,81,25,225,225,allon,default,allon,default,3,1,priority,oldest,0,0,40,90,0.25,0.75,3d,lfe,nonlooping,,1,0,0,0,0,0.25,no,no,none,0,,no,,,no,no,no,0,0,yes,no,,0,,no,no,no
wpn_weap_pickup_npc,raw\sound\fly\pickups\weapon\fly_weapon_pickup_00.LN65.pc.snd.wav,,loaded,bus_fx,grp_foley,snp_foley,,30,0,75,75,75,500,500,allon,default,allon,default,2,1,priority,reject,-50,50,15,30,0.25,1,3d,default,nonlooping,,1,0,25,250,75,0.25,no,yes,none,0,,no,,,yes,no,no,0,0,yes,no,,0,,no,no,no
wpn_weap_pickup_npc,raw\sound\fly\pickups\weapon\fly_weapon_pickup_01.LN65.pc.snd.wav,,loaded,bus_fx,grp_foley,snp_foley,,30,0,75,75,75,500,500,allon,default,allon,default,2,1,priority,reject,-50,50,15,30,0.25,1,3d,default,nonlooping,,1,0,25,250,75,0.25,no,yes,none,0,,no,,,yes,no,no,0,0,yes,no,,0,,no,no,no
wpn_weap_pickup_plr,raw\sound\fly\pickups\weapon\fly_weapon_pickup_00.LN65.pc.snd.wav,,loaded,bus_fx,grp_foley,snp_foley,,30,0,75,75,0,5000,5000,allon,default,allon,default,1,8,reject,oldest,-88,84,70,70,0.25,1,2d,front,nonlooping,,1,0,0,0,0,0.25,no,yes,none,0,,no,,,yes,no,no,0,0,yes,no,,0,,no,no,no
wpn_weap_pickup_plr,raw\sound\fly\pickups\weapon\fly_weapon_pickup_01.LN65.pc.snd.wav,,loaded,bus_fx,grp_foley,snp_foley,,30,0,75,75,0,5000,5000,allon,default,allon,default,1,8,reject,oldest,-88,84,70,70,0.25,1,2d,front,nonlooping,,1,0,0,0,0,0.25,no,yes,none,0,,no,,,yes,no,no,0,0,yes,no,,0,,no,no,no
wpn_weap_raise_plr,raw\sound\fly\gear\rattle\fly_cloth_00.LN65.pc.snd.wav,,loaded,bus_fx,grp_foley,snp_foley,,30,0,62,62,0,5000,5000,allon,default,allon,default,3,8,oldest,oldest,-88,84,70,70,0.25,1,2d,wpn_all,nonlooping,,1,10,0,0,0,0.25,no,yes,none,0,,no,,,yes,no,no,0,0,yes,no,,0,,no,no,no
wpn_weap_raise_plr,raw\sound\fly\gear\rattle\fly_cloth_01.LN65.pc.snd.wav,,loaded,bus_fx,grp_foley,snp_foley,,30,0,62,62,0,5000,5000,allon,default,allon,default,3,8,oldest,oldest,-88,84,70,70,0.25,1,2d,wpn_all,nonlooping,,1,10,0,0,0,0.25,no,yes,none,0,,no,,,yes,no,no,0,0,yes,no,,0,,no,no,no
wpn_weap_raise_plr,raw\sound\fly\gear\rattle\fly_cloth_02.LN65.pc.snd.wav,,loaded,bus_fx,grp_foley,snp_foley,,30,0,62,62,0,5000,5000,allon,default,allon,default,3,8,oldest,oldest,-88,84,70,70,0.25,1,2d,wpn_all,nonlooping,,1,10,0,0,0,0.25,no,yes,none,0,,no,,,yes,no,no,0,0,yes,no,,0,,no,no,no
wpn_weap_raise_plr,raw\sound\fly\gear\rattle\fly_cloth_03.LN65.pc.snd.wav,,loaded,bus_fx,grp_foley,snp_foley,,30,0,62,62,0,5000,5000,allon,default,allon,default,3,8,oldest,oldest,-88,84,70,70,0.25,1,2d,wpn_all,nonlooping,,1,10,0,0,0,0.25,no,yes,none,0,,no,,,yes,no,no,0,0,yes,no,,0,,no,no,no
wpn_insas_fire_npc_pap,raw\sound\wpn\pap\pap_shot_st.LN65.pc.snd.wav,wpn_insas_qolflux_l_npc_pap,loaded,bus_fx,grp_weapon,snp_wpn_3p,,80,0,82,82,75,1250,1250,allon,default,allon,default,10,3,priority,oldest,-100,100,50,90,0.35,1,3d,default,nonlooping,pitch,1,0,0,0,0,0.25,no,no,none,0,,no,,,yes,no,no,0,0,yes,no,,0,,no,no,no
wpn_insas_fire_plr_pap,raw\sound\wpn\pap\pap_shot_st.LN65.pc.snd.wav,wpn_insas_qolflux_l_plr_pap,loaded,bus_hdrfx,grp_weapon,snp_wpn_1p,,70,0,87,87,0,5000,5000,allon,default,allon,default,1,8,oldest,oldest,0,0,90,90,0.25,1,2d,wpn_all,nonlooping,,1,0,0,0,0,0.25,no,no,none,0,,no,,,yes,no,no,0,0,yes,no,,0,,no,no,no
wpn_mk48_fire_npc_pap,raw\sound\wpn\pap\pap_shot_st.LN65.pc.snd.wav,wpn_mk48_qolflux_l_npc_pap,loaded,bus_fx,grp_weapon,snp_wpn_3p,,80,0,82,82,75,1250,1250,allon,default,allon,default,10,3,priority,oldest,-100,100,50,90,0.35,1,3d,default,nonlooping,pitch,1,0,0,0,0,0.25,no,no,none,0,,no,,,yes,no,no,0,0,yes,no,,0,,no,no,no
wpn_mk48_fire_plr_pap,raw\sound\wpn\pap\pap_shot_st.LN65.pc.snd.wav,wpn_mk48_qolflux_l_plr_pap,loaded,bus_hdrfx,grp_weapon,snp_wpn_1p,,70,0,87,87,0,5000,5000,allon,default,allon,default,1,8,oldest,oldest,0,0,90,90,0.25,1,2d,wpn_all,nonlooping,,1,0,0,0,0,0.25,no,no,none,0,,no,,,yes,no,no,0,0,yes,no,,0,,no,no,no
wpn_mp7_fire_npc_pap,raw\sound\wpn\pap\pap_shot_st.LN65.pc.snd.wav,wpn_mp7_qolflux_l_npc_pap,loaded,bus_fx,grp_weapon,snp_wpn_3p,,80,0,82,82,75,1250,1250,allon,default,allon,default,10,3,priority,oldest,-100,100,50,90,0.35,1,3d,default,nonlooping,pitch,1,0,0,0,0,0.25,no,no,none,0,,no,,,yes,no,no,0,0,yes,no,,0,,no,no,no
wpn_mp7_fire_plr_pap,raw\sound\wpn\pap\pap_shot_st.LN65.pc.snd.wav,wpn_mp7_qolflux_l_plr_pap,loaded,bus_hdrfx,grp_weapon,snp_wpn_1p,,70,0,87,87,0,5000,5000,allon,default,allon,default,1,8,oldest,oldest,0,0,90,90,0.25,1,2d,wpn_all,nonlooping,,1,0,0,0,0,0.25,no,no,none,0,,no,,,yes,no,no,0,0,yes,no,,0,,no,no,no
wpn_peacekeeper_fire_npc_pap,raw\sound\wpn\pap\pap_shot_st.LN65.pc.snd.wav,wpn_peacekeeper_qolflux_l_npc_pap,loaded,bus_fx,grp_weapon,snp_wpn_3p,,80,0,82,82,75,1250,1250,allon,default,allon,default,10,3,priority,oldest,-100,100,50,90,0.35,1,3d,default,nonlooping,pitch,1,0,0,0,0,0.25,no,no,none,0,,no,,,yes,no,no,0,0,yes,no,,0,,no,no,no
wpn_peacekeeper_fire_plr_pap,raw\sound\wpn\pap\pap_shot_st.LN65.pc.snd.wav,wpn_peacekeeper_qolflux_l_plr_pap,loaded,bus_hdrfx,grp_weapon,snp_wpn_1p,,70,0,87,87,0,5000,5000,allon,default,allon,default,1,8,oldest,oldest,0,0,90,90,0.25,1,2d,wpn_all,nonlooping,,1,0,0,0,0,0.25,no,no,none,0,,no,,,yes,no,no,0,0,yes,no,,0,,no,no,no
wpn_qbb95_fire_npc_pap,raw\sound\wpn\pap\pap_shot_st.LN65.pc.snd.wav,wpn_qbb95_qolflux_l_npc_pap,loaded,bus_fx,grp_weapon,snp_wpn_3p,,80,0,82,82,75,1250,1250,allon,default,allon,default,10,3,priority,oldest,-100,100,50,90,0.35,1,3d,default,nonlooping,pitch,1,0,0,0,0,0.25,no,no,none,0,,no,,,yes,no,no,0,0,yes,no,,0,,no,no,no
wpn_qbb95_fire_plr_pap,raw\sound\wpn\pap\pap_shot_st.LN65.pc.snd.wav,wpn_qbb95_qolflux_l_plr_pap,loaded,bus_hdrfx,grp_weapon,snp_wpn_1p,,70,0,87,87,0,5000,5000,allon,default,allon,default,1,8,oldest,oldest,0,0,90,90,0.25,1,2d,wpn_all,nonlooping,,1,0,0,0,0,0.25,no,no,none,0,,no,,,yes,no,no,0,0,yes,no,,0,,no,no,no
wpn_sa58_fire_npc_pap,raw\sound\wpn\pap\pap_shot_st.LN65.pc.snd.wav,wpn_sa58_qolflux_l_npc_pap,loaded,bus_fx,grp_weapon,snp_wpn_3p,,80,0,82,82,75,1250,1250,allon,default,allon,default,10,3,priority,oldest,-100,100,50,90,0.35,1,3d,default,nonlooping,pitch,1,0,0,0,0,0.25,no,no,none,0,,no,,,yes,no,no,0,0,yes,no,,0,,no,no,no
wpn_sa58_fire_plr_pap,raw\sound\wpn\pap\pap_shot_st.LN65.pc.snd.wav,wpn_sa58_qolflux_l_plr_pap,loaded,bus_hdrfx,grp_weapon,snp_wpn_1p,,70,0,87,87,0,5000,5000,allon,default,allon,default,1,8,oldest,oldest,0,0,90,90,0.25,1,2d,wpn_all,nonlooping,,1,0,0,0,0,0.25,no,no,none,0,,no,,,yes,no,no,0,0,yes,no,,0,,no,no,no
wpn_sig556_fire_npc_pap,raw\sound\wpn\pap\pap_shot_st.LN65.pc.snd.wav,wpn_sig556_qolflux_l_npc_pap,loaded,bus_fx,grp_weapon,snp_wpn_3p,,80,0,82,82,75,1250,1250,allon,default,allon,default,10,3,priority,oldest,-100,100,50,90,0.35,1,3d,default,nonlooping,pitch,1,0,0,0,0,0.25,no,no,none,0,,no,,,yes,no,no,0,0,yes,no,,0,,no,no,no
wpn_sig556_fire_plr_pap,raw\sound\wpn\pap\pap_shot_st.LN65.pc.snd.wav,wpn_sig556_qolflux_l_plr_pap,loaded,bus_hdrfx,grp_weapon,snp_wpn_1p,,70,0,87,87,0,5000,5000,allon,default,allon,default,1,8,oldest,oldest,0,0,90,90,0.25,1,2d,wpn_all,nonlooping,,1,0,0,0,0,0.25,no,no,none,0,,no,,,yes,no,no,0,0,yes,no,,0,,no,no,no
wpn_vector_fire_npc_pap,raw\sound\wpn\pap\pap_shot_st.LN65.pc.snd.wav,wpn_vector_qolflux_l_npc_pap,loaded,bus_fx,grp_weapon,snp_wpn_3p,,80,0,82,82,75,1250,1250,allon,default,allon,default,10,3,priority,oldest,-100,100,50,90,0.35,1,3d,default,nonlooping,pitch,1,0,0,0,0,0.25,no,no,none,0,,no,,,yes,no,no,0,0,yes,no,,0,,no,no,no
wpn_vector_fire_plr_pap,raw\sound\wpn\pap\pap_shot_st.LN65.pc.snd.wav,wpn_vector_qolflux_l_plr_pap,loaded,bus_hdrfx,grp_weapon,snp_wpn_1p,,70,0,87,87,0,5000,5000,allon,default,allon,default,1,8,oldest,oldest,0,0,90,90,0.25,1,2d,wpn_all,nonlooping,,1,0,0,0,0,0.25,no,no,none,0,,no,,,yes,no,no,0,0,yes,no,,0,,no,no,no
fly_as50_bolt_back,raw\sound\wpn\sniper\reload\fly_sniper_bb.LN65.pc.snd.wav.wav,prj_brass_impact_plr_large_dirt,loaded,bus_fx,grp_foley,snp_foley,,30,0,86,89,0,5000,5000,allon,default,allon,default,8,8,priority,oldest,-88,84,70,70,0.25,1,2d,front,nonlooping,,1,0,0,0,0,0.25,no,yes,none,0,,no,,,yes,no,no,0,0,yes,no,,0,,no,no,no
fly_as50_bolt_down,raw\sound\wpn\sniper\reload\fly_sniper_bd.LN65.pc.snd.wav.wav,,loaded,bus_fx,grp_foley,snp_foley,,30,0,86,89,0,5000,5000,allon,default,allon,default,8,8,priority,oldest,-88,84,70,70,0.25,1,2d,front,nonlooping,,1,0,0,0,0,0.25,no,yes,none,0,,no,,,yes,no,no,0,0,yes,no,,0,,no,no,no
fly_as50_bolt_forward,raw\sound\wpn\sniper\reload\fly_sniper_bf.LN65.pc.snd.wav.wav,,loaded,bus_fx,grp_foley,snp_foley,,30,0,86,89,0,5000,5000,allon,default,allon,default,8,8,priority,oldest,-88,84,70,70,0.25,1,2d,front,nonlooping,,1,0,0,0,0,0.25,no,yes,none,0,,no,,,yes,no,no,0,0,yes,no,,0,,no,no,no
fly_as50_bolt_up,raw\sound\wpn\sniper\reload\fly_sniper_bu.LN65.pc.snd.wav.wav,,loaded,bus_fx,grp_foley,snp_foley,,30,0,86,89,0,5000,5000,allon,default,allon,default,8,8,priority,oldest,-88,84,70,70,0.25,1,2d,front,nonlooping,,1,0,0,0,0,0.25,no,yes,none,0,,no,,,yes,no,no,0,0,yes,no,,0,,no,no,no
fly_as50_dial_sight,raw\sound\wpn\rocket\m202\foley\fly_m202_flip_sight.LN65.pc.snd.wav.wav,,loaded,bus_fx,grp_foley,snp_foley,,30,0,86,89,0,5000,5000,allon,default,allon,default,8,8,priority,oldest,-88,84,70,70,0.25,1,2d,front,nonlooping,,1,0,0,0,0,0.25,no,yes,none,0,,no,,,yes,no,no,0,0,yes,no,,0,,no,no,no
fly_as50_mag_in,raw\sound\wpn\sniper\reload\fly_sniper_mag_in.LN65.pc.snd.wav.wav,,loaded,bus_fx,grp_foley,snp_foley,,30,0,86,89,0,5000,5000,allon,default,allon,default,8,8,priority,oldest,-88,84,70,70,0.25,1,2d,front,nonlooping,,1,0,0,0,0,0.25,no,yes,none,0,,no,,,yes,no,no,0,0,yes,no,,0,,no,no,no
fly_as50_mag_out,raw\sound\wpn\sniper\reload\fly_sniper_mag_out.LN65.pc.snd.wav.wav,,loaded,bus_fx,grp_foley,snp_foley,,30,0,86,89,0,5000,5000,allon,default,allon,default,8,8,priority,oldest,-88,84,70,70,0.25,1,2d,front,nonlooping,,1,0,0,0,0,0.25,no,yes,none,0,,no,,,yes,no,no,0,0,yes,no,,0,,no,no,no
fly_crossbow_draw,raw\sound\wpn\crossbow\reload\fly_crossbow_draw.LN65.pc.snd.wav,,loaded,bus_fx,grp_foley,snp_foley,,30,0,86,89,0,5000,5000,allon,default,allon,default,8,8,priority,oldest,-88,84,70,70,0.25,1,2d,front,nonlooping,,1,0,0,0,0,0.25,no,yes,none,0,,no,,,yes,no,no,0,0,yes,no,,0,,no,no,no
fly_crossbow_draw_npc,raw\sound\wpn\crossbow\reload\fly_crossbow_draw.LN65.pc.snd.wav,,loaded,bus_fx,grp_foley,snp_foley,,30,0,75,75,75,500,500,allon,default,allon,default,4,8,priority,oldest,-90,90,15,30,0.25,1,3d,default,nonlooping,,1,0,25,250,75,0.25,no,yes,none,0,,no,,,yes,no,no,0,0,yes,no,,0,,no,no,no
fly_crossbow_futz_npc,raw\sound\wpn\crossbow\reload\fly_crossbow_futz.LN65.pc.snd.wav,,loaded,bus_fx,grp_foley,snp_foley,,30,0,75,75,75,500,500,allon,default,allon,default,4,8,priority,oldest,-90,90,15,30,0.25,1,3d,default,nonlooping,,1,0,25,250,75,0.25,no,yes,none,0,,no,,,yes,no,no,0,0,yes,no,,0,,no,no,no
fly_crossbow_latch,raw\sound\wpn\crossbow\reload\fly_crossbow_latch.LN65.pc.snd.wav,,loaded,bus_fx,grp_foley,snp_foley,,30,0,86,89,0,5000,5000,allon,default,allon,default,8,8,priority,oldest,-88,84,70,70,0.25,1,2d,front,nonlooping,,1,0,0,0,0,0.25,no,yes,none,0,,no,,,yes,no,no,0,0,yes,no,,0,,no,no,no
fly_crossbow_latch_npc,raw\sound\wpn\crossbow\reload\fly_crossbow_latch.LN65.pc.snd.wav,,loaded,bus_fx,grp_foley,snp_foley,,30,0,75,75,75,500,500,allon,default,allon,default,4,8,priority,oldest,-90,90,15,30,0.25,1,3d,default,nonlooping,,1,0,25,250,75,0.25,no,yes,none,0,,no,,,yes,no,no,0,0,yes,no,,0,,no,no,no
fly_crossbow_mag_in,raw\sound\wpn\shotgun\srm1216\foley\fly_srm1216_mag_in.LN65.pc.snd.wav.wav,,loaded,bus_fx,grp_foley,snp_foley,,30,0,86,89,0,5000,5000,allon,default,allon,default,8,8,priority,oldest,-88,84,70,70,0.25,1,2d,front,nonlooping,,1,0,0,0,0,0.25,no,yes,none,0,,no,,,yes,no,no,0,0,yes,no,,0,,no,no,no
fly_crossbow_mag_out,raw\sound\wpn\shotgun\srm1216\foley\fly_srm1216_mag_out.LN65.pc.snd.wav.wav,,loaded,bus_fx,grp_foley,snp_foley,,30,0,86,89,0,5000,5000,allon,default,allon,default,8,8,priority,oldest,-88,84,70,70,0.25,1,2d,front,nonlooping,,1,0,0,0,0,0.25,no,yes,none,0,,no,,,yes,no,no,0,0,yes,no,,0,,no,no,no
fly_crossbow_place_bolt,raw\sound\wpn\crossbow\reload\fly_crossbow_lay_bolt.LN65.pc.snd.wav,,loaded,bus_fx,grp_foley,snp_foley,,30,0,86,89,0,5000,5000,allon,default,allon,default,8,8,priority,oldest,-88,84,70,70,0.25,1,2d,front,nonlooping,,1,0,0,0,0,0.25,no,yes,none,0,,no,,,yes,no,no,0,0,yes,no,,0,,no,no,no
fly_crossbow_place_bolt_npc,raw\sound\wpn\crossbow\reload\fly_crossbow_lay_bolt.LN65.pc.snd.wav,,loaded,bus_fx,grp_foley,snp_foley,,30,0,75,75,75,500,500,allon,default,allon,default,4,8,priority,oldest,-90,90,15,30,0.25,1,3d,default,nonlooping,,1,0,25,250,75,0.25,no,yes,none,0,,no,,,yes,no,no,0,0,yes,no,,0,,no,no,no
fly_crossbow_pull,raw\sound\wpn\shotgun\reload\fly_shotgun_pump_back.LN65.pc.snd.wav.wav,,loaded,bus_fx,grp_foley,snp_foley,,30,0,86,89,0,5000,5000,allon,default,allon,default,8,8,priority,oldest,-88,84,70,70,0.25,1,2d,front,nonlooping,,1,0,0,0,0,0.25,no,yes,none,0,,no,,,yes,no,no,0,0,yes,no,,0,,no,no,no
fly_crossbow_release,raw\sound\wpn\shotgun\reload\fly_shotgun_pump_forward.LN65.pc.snd.wav.wav,,loaded,bus_fx,grp_foley,snp_foley,,30,0,86,89,0,5000,5000,allon,default,allon,default,8,8,priority,oldest,-88,84,70,70,0.25,1,2d,front,nonlooping,,1,0,0,0,0,0.25,no,yes,none,0,,no,,,yes,no,no,0,0,yes,no,,0,,no,no,no
fly_insas_charge,raw\sound\wpn\smg\kiparis\reload\fly_kiparis_charge.LN65.pc.snd.wav.wav,,loaded,bus_fx,grp_foley,snp_foley,,30,0,86,89,0,5000,5000,allon,default,allon,default,8,8,priority,oldest,-88,84,70,70,0.25,1,2d,front,nonlooping,,1,0,0,0,0,0.25,no,yes,none,0,,no,,,yes,no,no,0,0,yes,no,,0,,no,no,no
fly_insas_futz,raw\sound\wpn\smg\spectre\reload\fly_spectre_futz.LN65.pc.snd.wav.wav,,loaded,bus_fx,grp_foley,snp_foley,,30,0,86,89,0,5000,5000,allon,default,allon,default,8,8,priority,oldest,-88,84,70,70,0.25,1,2d,front,nonlooping,,1,0,0,0,0,0.25,no,yes,none,0,,no,,,yes,no,no,0,0,yes,no,,0,,no,no,no
fly_insas_mag_in,raw\sound\wpn\smg\kiparis\reload\fly_kiparis_mag_in.LN65.pc.snd.wav.wav,,loaded,bus_fx,grp_foley,snp_foley,,30,0,86,89,0,5000,5000,allon,default,allon,default,8,8,priority,oldest,-88,84,70,70,0.25,1,2d,front,nonlooping,,1,0,0,0,0,0.25,no,yes,none,0,,no,,,yes,no,no,0,0,yes,no,,0,,no,no,no
fly_insas_mag_out,raw\sound\wpn\smg\kiparis\reload\fly_kiparis_mag_out.LN65.pc.snd.wav.wav,,loaded,bus_fx,grp_foley,snp_foley,,30,0,86,89,0,5000,5000,allon,default,allon,default,8,8,priority,oldest,-88,84,70,70,0.25,1,2d,front,nonlooping,,1,0,0,0,0,0.25,no,yes,none,0,,no,,,yes,no,no,0,0,yes,no,,0,,no,no,no
fly_insas_pull_charge,raw\sound\wpn\smg\spectre\reload\fly_spectre_pull_charge.LN65.pc.snd.wav.wav,,loaded,bus_fx,grp_foley,snp_foley,,30,0,86,89,0,5000,5000,allon,default,allon,default,8,8,priority,oldest,-88,84,70,70,0.25,1,2d,front,nonlooping,,1,0,0,0,0,0.25,no,yes,none,0,,no,,,yes,no,no,0,0,yes,no,,0,,no,no,no
fly_mk48_close,raw\sound\wpn\lmg\mk48\foley\fly_mk48_close.LN65.pc.snd.wav.wav,,loaded,bus_fx,grp_foley,snp_foley,,30,0,86,89,0,5000,5000,allon,default,allon,default,8,8,priority,oldest,-88,84,70,70,0.25,1,2d,front,nonlooping,,1,0,0,0,0,0.25,no,yes,none,0,,no,,,yes,no,no,0,0,yes,no,,0,,no,no,no
fly_mk48_futz,raw\sound\wpn\lmg\mk48\foley\fly_mk48_futz.LN65.pc.snd.wav.wav,,loaded,bus_fx,grp_foley,snp_foley,,30,0,86,89,0,5000,5000,allon,default,allon,default,8,8,priority,oldest,-88,84,70,70,0.25,1,2d,front,nonlooping,,1,0,0,0,0,0.25,no,yes,none,0,,no,,,yes,no,no,0,0,yes,no,,0,,no,no,no
fly_mk48_lift_belt,raw\sound\wpn\lmg\mk48\foley\fly_mk48_lift_belt.LN65.pc.snd.wav.wav,,loaded,bus_fx,grp_foley,snp_foley,,30,0,86,89,0,5000,5000,allon,default,allon,default,8,8,priority,oldest,-88,84,70,70,0.25,1,2d,front,nonlooping,,1,0,0,0,0,0.25,no,yes,none,0,,no,,,yes,no,no,0,0,yes,no,,0,,no,no,no
fly_mk48_mag_in,raw\sound\wpn\lmg\mk48\foley\fly_mk48_mag_in.LN65.pc.snd.wav.wav,,loaded,bus_fx,grp_foley,snp_foley,,30,0,86,89,0,5000,5000,allon,default,allon,default,8,8,priority,oldest,-88,84,70,70,0.25,1,2d,front,nonlooping,,1,0,0,0,0,0.25,no,yes,none,0,,no,,,yes,no,no,0,0,yes,no,,0,,no,no,no
fly_mk48_mag_out,raw\sound\wpn\lmg\mk48\foley\fly_mk48_mag_out.LN65.pc.snd.wav.wav,,loaded,bus_fx,grp_foley,snp_foley,,30,0,86,89,0,5000,5000,allon,default,allon,default,8,8,priority,oldest,-88,84,70,70,0.25,1,2d,front,nonlooping,,1,0,0,0,0,0.25,no,yes,none,0,,no,,,yes,no,no,0,0,yes,no,,0,,no,no,no
fly_mk48_open,raw\sound\wpn\lmg\mk48\foley\fly_mk48_open.LN65.pc.snd.wav.wav,,loaded,bus_fx,grp_foley,snp_foley,,30,0,86,89,0,5000,5000,allon,default,allon,default,8,8,priority,oldest,-88,84,70,70,0.25,1,2d,front,nonlooping,,1,0,0,0,0,0.25,no,yes,none,0,,no,,,yes,no,no,0,0,yes,no,,0,,no,no,no
fly_mk48_pull,raw\sound\wpn\lmg\mk48\foley\fly_mk48_pull.LN65.pc.snd.wav.wav,,loaded,bus_fx,grp_foley,snp_foley,,30,0,86,89,0,5000,5000,allon,default,allon,default,8,8,priority,oldest,-88,84,70,70,0.25,1,2d,front,nonlooping,,1,0,0,0,0,0.25,no,yes,none,0,,no,,,yes,no,no,0,0,yes,no,,0,,no,no,no
fly_mk48_release,raw\sound\wpn\lmg\mk48\foley\fly_mk48_release.LN65.pc.snd.wav.wav,,loaded,bus_fx,grp_foley,snp_foley,,30,0,86,89,0,5000,5000,allon,default,allon,default,8,8,priority,oldest,-88,84,70,70,0.25,1,2d,front,nonlooping,,1,0,0,0,0,0.25,no,yes,none,0,,no,,,yes,no,no,0,0,yes,no,,0,,no,no,no
fly_mk48_seat_belt,raw\sound\wpn\lmg\mk48\foley\fly_mk48_seat_belt.LN65.pc.snd.wav.wav,,loaded,bus_fx,grp_foley,snp_foley,,30,0,86,89,0,5000,5000,allon,default,allon,default,8,8,priority,oldest,-88,84,70,70,0.25,1,2d,front,nonlooping,,1,0,0,0,0,0.25,no,yes,none,0,,no,,,yes,no,no,0,0,yes,no,,0,,no,no,no
fly_mk48_start,raw\sound\wpn\lmg\mk48\foley\fly_mk48_start.LN65.pc.snd.wav.wav,,loaded,bus_fx,grp_foley,snp_foley,,30,0,86,89,0,5000,5000,allon,default,allon,default,8,8,priority,oldest,-88,84,70,70,0.25,1,2d,front,nonlooping,,1,0,0,0,0,0.25,no,yes,none,0,,no,,,yes,no,no,0,0,yes,no,,0,,no,no,no
fly_mp7_charge,raw\sound\wpn\smg\mp7\foley\fly_mp7_charge.LN65.pc.snd.wav,,loaded,bus_fx,grp_foley,snp_foley,,30,0,86,89,0,5000,5000,allon,default,allon,default,8,8,priority,oldest,-88,84,70,70,0.25,1,2d,front,nonlooping,,1,0,0,0,0,0.25,no,yes,none,0,,no,,,yes,no,no,0,0,yes,no,,0,,no,no,no
fly_mp7_mag_in,raw\sound\wpn\smg\mp7\foley\fly_mp7_mag_in.LN65.pc.snd.wav,,loaded,bus_fx,grp_foley,snp_foley,,30,0,86,89,0,5000,5000,allon,default,allon,default,8,8,priority,oldest,-88,84,70,70,0.25,1,2d,front,nonlooping,,1,0,0,0,0,0.25,no,yes,none,0,,no,,,yes,no,no,0,0,yes,no,,0,,no,no,no
fly_mp7_mag_out,raw\sound\wpn\smg\mp7\foley\fly_mp7_mag_out.LN65.pc.snd.wav,,loaded,bus_fx,grp_foley,snp_foley,,30,0,86,89,0,5000,5000,allon,default,allon,default,8,8,priority,oldest,-88,84,70,70,0.25,1,2d,front,nonlooping,,1,0,0,0,0,0.25,no,yes,none,0,,no,,,yes,no,no,0,0,yes,no,,0,,no,no,no
fly_mp7_start,raw\sound\wpn\smg\mp7\foley\fly_mp7_start.LN65.pc.snd.wav,,loaded,bus_fx,grp_foley,snp_foley,,30,0,86,89,0,5000,5000,allon,default,allon,default,8,8,priority,oldest,-88,84,70,70,0.25,1,2d,front,nonlooping,,1,0,0,0,0,0.25,no,yes,none,0,,no,,,yes,no,no,0,0,yes,no,,0,,no,no,no
fly_qbb95_futz,raw\sound\wpn\lmg\mk48\foley\fly_mk48_futz.LN65.pc.snd.wav.wav,,loaded,bus_fx,grp_foley,snp_foley,,30,0,86,89,0,5000,5000,allon,default,allon,default,8,8,priority,oldest,-88,84,70,70,0.25,1,2d,front,nonlooping,,1,0,0,0,0,0.25,no,yes,none,0,,no,,,yes,no,no,0,0,yes,no,,0,,no,no,no
fly_qbb95_mag_in,raw\sound\wpn\lmg\mk48\foley\fly_mk48_mag_in.LN65.pc.snd.wav.wav,,loaded,bus_fx,grp_foley,snp_foley,,30,0,86,89,0,5000,5000,allon,default,allon,default,8,8,priority,oldest,-88,84,70,70,0.25,1,2d,front,nonlooping,,1,0,0,0,0,0.25,no,yes,none,0,,no,,,yes,no,no,0,0,yes,no,,0,,no,no,no
fly_qbb95_mag_out,raw\sound\wpn\lmg\mk48\foley\fly_mk48_mag_out.LN65.pc.snd.wav.wav,,loaded,bus_fx,grp_foley,snp_foley,,30,0,86,89,0,5000,5000,allon,default,allon,default,8,8,priority,oldest,-88,84,70,70,0.25,1,2d,front,nonlooping,,1,0,0,0,0,0.25,no,yes,none,0,,no,,,yes,no,no,0,0,yes,no,,0,,no,no,no
fly_qbb95_pull,raw\sound\wpn\lmg\mk48\foley\fly_mk48_pull.LN65.pc.snd.wav.wav,,loaded,bus_fx,grp_foley,snp_foley,,30,0,86,89,0,5000,5000,allon,default,allon,default,8,8,priority,oldest,-88,84,70,70,0.25,1,2d,front,nonlooping,,1,0,0,0,0,0.25,no,yes,none,0,,no,,,yes,no,no,0,0,yes,no,,0,,no,no,no
fly_qbb95_release,raw\sound\wpn\lmg\mk48\foley\fly_mk48_release.LN65.pc.snd.wav.wav,,loaded,bus_fx,grp_foley,snp_foley,,30,0,86,89,0,5000,5000,allon,default,allon,default,8,8,priority,oldest,-88,84,70,70,0.25,1,2d,front,nonlooping,,1,0,0,0,0,0.25,no,yes,none,0,,no,,,yes,no,no,0,0,yes,no,,0,,no,no,no
fly_qbb95_start,raw\sound\wpn\lmg\mk48\foley\fly_mk48_start.LN65.pc.snd.wav.wav,,loaded,bus_fx,grp_foley,snp_foley,,30,0,86,89,0,5000,5000,allon,default,allon,default,8,8,priority,oldest,-88,84,70,70,0.25,1,2d,front,nonlooping,,1,0,0,0,0,0.25,no,yes,none,0,,no,,,yes,no,no,0,0,yes,no,,0,,no,no,no
fly_qbb95_tap,raw\sound\wpn\assault\m14\reload\fly_m14_tap.LN65.pc.snd.wav.wav,,loaded,bus_fx,grp_foley,snp_foley,,30,0,86,89,0,5000,5000,allon,default,allon,default,8,8,priority,oldest,-88,84,70,70,0.25,1,2d,front,nonlooping,,1,0,0,0,0,0.25,no,yes,none,0,,no,,,yes,no,no,0,0,yes,no,,0,,no,no,no
fly_sa58_bolt_back,raw\sound\wpn\assault\reload\fly_assault_bb.LN65.pc.snd.wav.wav,,loaded,bus_fx,grp_foley,snp_foley,,30,0,86,89,0,5000,5000,allon,default,allon,default,8,8,priority,oldest,-88,84,70,70,0.25,1,2d,front,nonlooping,,1,0,0,0,0,0.25,no,yes,none,0,,no,,,yes,no,no,0,0,yes,no,,0,,no,no,no
fly_sa58_bolt_release,raw\sound\wpn\assault\reload\fly_assault_bf.LN65.pc.snd.wav.wav,,loaded,bus_fx,grp_foley,snp_foley,,30,0,86,89,0,5000,5000,allon,default,allon,default,8,8,priority,oldest,-88,84,70,70,0.25,1,2d,front,nonlooping,,1,0,0,0,0,0.25,no,yes,none,0,,no,,,yes,no,no,0,0,yes,no,,0,,no,no,no
fly_sa58_button,raw\sound\wpn\assault\fnfal\reload\fly_fnfal_button.LN65.pc.snd.wav,,loaded,bus_fx,grp_foley,snp_foley,,30,0,86,89,0,5000,5000,allon,default,allon,default,8,8,priority,oldest,-88,84,70,70,0.25,1,2d,front,nonlooping,,1,0,0,0,0,0.25,no,yes,none,0,,no,,,yes,no,no,0,0,yes,no,,0,,no,no,no
fly_sa58_charge,raw\sound\wpn\assault\reload\fly_assault_charge.LN65.pc.snd.wav.wav,,loaded,bus_fx,grp_foley,snp_foley,,30,0,86,89,0,5000,5000,allon,default,allon,default,8,8,priority,oldest,-88,84,70,70,0.25,1,2d,front,nonlooping,,1,0,0,0,0,0.25,no,yes,none,0,,no,,,yes,no,no,0,0,yes,no,,0,,no,no,no
fly_sa58_mag_in,raw\sound\wpn\assault\reload\fly_assault_mag_in.LN65.pc.snd.wav.wav,,loaded,bus_fx,grp_foley,snp_foley,,30,0,86,89,0,5000,5000,allon,default,allon,default,8,8,priority,oldest,-88,84,70,70,0.25,1,2d,front,nonlooping,,1,0,0,0,0,0.25,no,yes,none,0,,no,,,yes,no,no,0,0,yes,no,,0,,no,no,no
fly_sa58_mag_out,raw\sound\wpn\assault\reload\fly_assault_mag_out.LN65.pc.snd.wav.wav,,loaded,bus_fx,grp_foley,snp_foley,,30,0,86,89,0,5000,5000,allon,default,allon,default,8,8,priority,oldest,-88,84,70,70,0.25,1,2d,front,nonlooping,,1,0,0,0,0,0.25,no,yes,none,0,,no,,,yes,no,no,0,0,yes,no,,0,,no,no,no
fly_vector_charge,raw\sound\wpn\smg\kiparis\reload\fly_kiparis_charge.LN65.pc.snd.wav.wav,,loaded,bus_fx,grp_foley,snp_foley,,30,0,86,89,0,5000,5000,allon,default,allon,default,8,8,priority,oldest,-88,84,70,70,0.25,1,2d,front,nonlooping,,1,0,0,0,0,0.25,no,yes,none,0,,no,,,yes,no,no,0,0,yes,no,,0,,no,no,no
fly_vector_futz,raw\sound\wpn\smg\spectre\reload\fly_spectre_futz.LN65.pc.snd.wav.wav,,loaded,bus_fx,grp_foley,snp_foley,,30,0,86,89,0,5000,5000,allon,default,allon,default,8,8,priority,oldest,-88,84,70,70,0.25,1,2d,front,nonlooping,,1,0,0,0,0,0.25,no,yes,none,0,,no,,,yes,no,no,0,0,yes,no,,0,,no,no,no
fly_vector_mag_in,raw\sound\wpn\smg\kiparis\reload\fly_kiparis_mag_in.LN65.pc.snd.wav.wav,,loaded,bus_fx,grp_foley,snp_foley,,30,0,86,89,0,5000,5000,allon,default,allon,default,8,8,priority,oldest,-88,84,70,70,0.25,1,2d,front,nonlooping,,1,0,0,0,0,0.25,no,yes,none,0,,no,,,yes,no,no,0,0,yes,no,,0,,no,no,no
fly_vector_mag_out,raw\sound\wpn\smg\kiparis\reload\fly_kiparis_mag_out.LN65.pc.snd.wav.wav,,loaded,bus_fx,grp_foley,snp_foley,,30,0,86,89,0,5000,5000,allon,default,allon,default,8,8,priority,oldest,-88,84,70,70,0.25,1,2d,front,nonlooping,,1,0,0,0,0,0.25,no,yes,none,0,,no,,,yes,no,no,0,0,yes,no,,0,,no,no,no
fly_vector_pull_charge,raw\sound\wpn\smg\spectre\reload\fly_spectre_pull_charge.LN65.pc.snd.wav.wav,,loaded,bus_fx,grp_foley,snp_foley,,30,0,86,89,0,5000,5000,allon,default,allon,default,8,8,priority,oldest,-88,84,70,70,0.25,1,2d,front,nonlooping,,1,0,0,0,0,0.25,no,yes,none,0,,no,,,yes,no,no,0,0,yes,no,,0,,no,no,no
fly_vector_stock,raw\sound\wpn\smg\mac11\reload\fly_mac11_stock.LN65.pc.snd.wav.wav,,loaded,bus_fx,grp_foley,snp_foley,,30,0,86,89,0,5000,5000,allon,default,allon,default,8,8,priority,oldest,-88,84,70,70,0.25,1,2d,front,nonlooping,,1,0,0,0,0,0.25,no,yes,none,0,,no,,,yes,no,no,0,0,yes,no,,0,,no,no,no
wpn_as50qol_1straise_plr,raw\sound\fly\gear\rattle\fly_cloth_00.LN65.pc.snd.wav.wav,,loaded,bus_fx,grp_foley,snp_foley,,30,0,86,89,0,5000,5000,allon,default,allon,default,8,8,priority,oldest,-88,84,70,70,0.25,1,2d,front,nonlooping,,1,0,0,0,0,0.25,no,yes,none,0,,no,,,yes,no,no,0,0,yes,no,,0,,no,no,no
wpn_as50qol_1straise_plr,raw\sound\fly\gear\rattle\fly_cloth_01.LN65.pc.snd.wav.wav,,loaded,bus_fx,grp_foley,snp_foley,,30,0,86,89,0,5000,5000,allon,default,allon,default,8,8,priority,oldest,-88,84,70,70,0.25,1,2d,front,nonlooping,,1,0,0,0,0,0.25,no,yes,none,0,,no,,,yes,no,no,0,0,yes,no,,0,,no,no,no
wpn_as50qol_1straise_plr,raw\sound\fly\gear\rattle\fly_cloth_02.LN65.pc.snd.wav.wav,,loaded,bus_fx,grp_foley,snp_foley,,30,0,86,89,0,5000,5000,allon,default,allon,default,8,8,priority,oldest,-88,84,70,70,0.25,1,2d,front,nonlooping,,1,0,0,0,0,0.25,no,yes,none,0,,no,,,yes,no,no,0,0,yes,no,,0,,no,no,no
wpn_as50qol_1straise_plr,raw\sound\fly\gear\rattle\fly_cloth_03.LN65.pc.snd.wav.wav,,loaded,bus_fx,grp_foley,snp_foley,,30,0,86,89,0,5000,5000,allon,default,allon,default,8,8,priority,oldest,-88,84,70,70,0.25,1,2d,front,nonlooping,,1,0,0,0,0,0.25,no,yes,none,0,,no,,,yes,no,no,0,0,yes,no,,0,,no,no,no
wpn_as50qol_dryfire_npc,raw\sound\wpn\sniper\dry_fire\plr\dry_fire_00.LN65.pc.snd.wav.wav,,loaded,bus_fx,grp_weapon,snp_wpn_3p,,65,0,88,88,900,900,901,cosdelay,alloff,cosdelay,default,6,2,priority,oldest,-88,84,20,90,0.25,0.8,3d,default,nonlooping,pitch,1,0,0,0,0,0.25,no,no,none,0,,no,,,yes,no,no,0,0,yes,no,,0,,no,no,no
wpn_as50qol_dryfire_plr,raw\sound\wpn\sniper\dry_fire\plr\dry_fire_00.LN65.pc.snd.wav.wav,,loaded,bus_fx,grp_weapon,snp_wpn_1p,,70,0,88,88,0,5000,5000,allon,default,allon,default,2,8,oldest,oldest,0,0,90,90,0.25,1,2d,front_mostly,nonlooping,,1,0,0,0,0,0.25,no,no,none,0,,no,,,yes,no,no,0,0,yes,no,,0,,no,no,no
wpn_as50qol_fire_dist,raw\sound\wpn\dist_guns\rif\wpn_rif_dist_00.LN65.pc.snd.wav.wav,wpn_as50qol_fire_npc_decay,loaded,bus_fx,grp_weapon,snp_wpn_3p,@934dbb8c,80,0,85,85,900,6000,12500,sindelay,default,sindelay,allon,6,3,priority,oldest,-300,300,90,40,0.25,1,3d,default,nonlooping,variant,1,0,0,0,0,0.25,no,no,none,0,,no,,,yes,no,no,0,0,yes,no,,0,,no,no,no
wpn_as50qol_fire_dist,raw\sound\wpn\dist_guns\rif\wpn_rif_dist_01.LN65.pc.snd.wav.wav,wpn_as50qol_fire_npc_decay,loaded,bus_fx,grp_weapon,snp_wpn_3p,@934dbb8c,80,0,85,85,900,6000,12500,sindelay,default,sindelay,allon,6,3,priority,oldest,-300,300,90,40,0.25,1,3d,default,nonlooping,variant,1,0,0,0,0,0.25,no,no,none,0,,no,,,yes,no,no,0,0,yes,no,,0,,no,no,no
wpn_as50qol_fire_npc,raw\sound\wpn\sniper\as50\shot\wpn_as50_fire_plr.LN65.pc.snd.wav,wpn_as50qol_lfe_npc,loaded,bus_fx,grp_weapon,snp_wpn_3p,,65,0,90,90,900,900,901,cosdelay,alloff,cosdelay,default,6,2,priority,oldest,-88,84,20,90,0.25,0.8,3d,default,nonlooping,pitch,1,0,0,0,0,0.25,no,no,none,0,,no,,,yes,no,no,0,0,yes,no,,0,,no,no,no
wpn_as50qol_fire_npc_decay,raw\sound\wpn\sniper\decay\ext\wpn_sniper_decay_ext.LN65.pc.snd.wav.wav,wpn_as50qol_flux_npc_l,loaded,bus_fx,grp_weapon,snp_wpn_3p,,55,0,80,80,50,900,900,allon,default,rcurve1,default,3,1,priority,oldest,-100,100,20,70,0.15,1,3d,quad,nonlooping,,1,0,0,0,0,0.25,no,no,none,0,,no,ringoff_plr,outdoor,yes,no,no,0,0,yes,no,,0,,no,no,no
wpn_as50qol_fire_npc_decay,raw\sound\wpn\sniper\decay\int\wpn_rifle_decay_int.LN65.pc.snd.wav.wav,wpn_as50qol_flux_npc_l,loaded,bus_fx,grp_weapon,snp_wpn_3p,,55,0,80,80,50,900,900,allon,default,rcurve1,default,3,1,priority,oldest,-100,100,20,70,0.15,1,3d,quad,nonlooping,,1,0,0,0,0,0.25,no,no,none,0,,no,ringoff_plr,indoor,yes,no,no,0,0,yes,no,,0,,no,no,no
wpn_as50qol_fire_plr,raw\sound\wpn\sniper\as50\shot\wpn_as50_fire_plr.LN65.pc.snd.wav,wpn_as50qol_lfe,loaded,bus_fx,grp_weapon,snp_wpn_1p,@d5b16432,70,0,94,94,0,5000,5000,allon,default,allon,default,2,8,oldest,oldest,0,0,90,90,0.25,1,2d,quad,nonlooping,,1,0,0,0,0,0.25,no,no,none,0,,no,,,yes,no,no,0,0,yes,no,,0,,no,no,no
wpn_as50qol_fire_plr_decay,raw\sound\wpn\sniper\decay\ext\wpn_sniper_decay_ext.LN65.pc.snd.wav.wav,wpn_as50qol_flux_plr_l,loaded,bus_fx,grp_weapon,snp_wpn_1p,,55,0,85,85,0,5000,5000,allon,default,allon,default,3,8,oldest,oldest,-50,50,90,90,0.25,1,2d,quad,nonlooping,,1,0,0,0,0,0.25,no,no,none,0,,no,ringoff_plr,outdoor,yes,no,no,0,0,yes,no,,0,,no,no,no
wpn_as50qol_fire_plr_decay,raw\sound\wpn\sniper\decay\int\wpn_rifle_decay_int.LN65.pc.snd.wav.wav,wpn_as50qol_flux_plr_l,loaded,bus_fx,grp_weapon,snp_wpn_1p,,55,0,85,85,0,5000,5000,allon,default,allon,default,3,8,oldest,oldest,-50,50,90,90,0.25,1,2d,quad,nonlooping,,1,0,0,0,0,0.25,no,no,none,0,,no,ringoff_plr,indoor,yes,no,no,0,0,yes,no,,0,,no,no,no
wpn_as50qol_flux_npc_l,raw\sound\wpn\sniper\sniper_flux\wpn_sniper_flux_l.LN65.pc.snd.wav.wav,wpn_as50qol_flux_npc_r,loaded,bus_fx,grp_weapon,snp_wpn_3p,,60,0,78,81,25,7500,10000,allon,default,allon,default,8,8,oldest,oldest,-300,300,20,90,0.25,1,3d,default,nonlooping,pitch,1,250,25,250,80,0.2,no,no,left_shot,7000,,no,,,yes,no,no,0,0,yes,no,,0,,no,no,no
wpn_as50qol_flux_npc_r,raw\sound\wpn\sniper\sniper_flux\wpn_sniper_flux_r.LN65.pc.snd.wav.wav,,loaded,bus_fx,grp_weapon,snp_wpn_3p,,60,0,78,81,25,7500,10000,allon,default,allon,default,8,8,oldest,oldest,-300,300,20,90,0.25,1,3d,default,nonlooping,pitch,1,250,25,250,80,0.2,no,no,right_shot,7000,,no,,,yes,no,no,0,0,yes,no,,0,,no,no,no
wpn_as50qol_flux_plr_l,raw\sound\wpn\sniper\sniper_flux\wpn_sniper_flux_l.LN65.pc.snd.wav.wav,wpn_as50qol_flux_plr_r,loaded,bus_fx,grp_weapon,snp_wpn_3p,,60,0,68,71,50,4000,4250,allon,default,allon,default,8,8,oldest,oldest,-300,300,20,90,0.25,1,3d,default,nonlooping,pitch,1,250,25,250,80,0.2,no,no,left_shot,7000,,no,ringoff_plr,outdoor,yes,no,no,0,0,yes,no,,0,,no,no,no
wpn_as50qol_flux_plr_r,raw\sound\wpn\sniper\sniper_flux\wpn_sniper_flux_r.LN65.pc.snd.wav.wav,,loaded,bus_fx,grp_weapon,snp_wpn_3p,,60,0,68,71,50,4000,4250,allon,default,allon,default,8,8,oldest,oldest,-300,300,20,90,0.25,1,3d,default,nonlooping,pitch,1,250,25,250,80,0.2,no,no,right_shot,7000,,no,ringoff_plr,outdoor,yes,no,no,0,0,yes,no,,0,,no,no,no
wpn_as50qol_lfe,raw\sound\wpn\sniper\dsr\plr\lfe\wpn_dsr_fire_lfe.LN65.pc.snd.wav.wav,wpn_as50qol_fire_plr_decay,loaded,bus_hdrfx,grp_wpn_lfe,snp_wpn_1p,,0,0,90,90,0,5000,5000,allon,default,allon,default,1,2,priority,oldest,0,0,85,90,0.25,1,2d,lfe,nonlooping,,1,0,0,0,0,0.25,no,no,none,0,,no,,,no,no,no,0,0,yes,no,,0,,no,no,no
wpn_as50qol_lfe_npc,raw\sound\wpn\sniper\dsr\plr\lfe\wpn_dsr_fire_lfe.LN65.pc.snd.wav.wav,wpn_as50qol_fire_dist,loaded,bus_hdrfx,grp_wpn_lfe,snp_wpn_3p,,0,0,88,88,25,225,225,allon,default,allon,default,1,1,priority,oldest,0,0,40,90,0.25,0.75,3d,lfe,nonlooping,,1,0,0,0,0,0.25,no,no,none,0,,no,,,no,no,no,0,0,yes,no,,0,,no,no,no
wpn_as50qol_pickup_plr,raw\sound\fly\pickups\weapon\fly_weapon_pickup_00.LN65.pc.snd.wav.wav,,loaded,bus_fx,grp_foley,snp_foley,,30,0,75,75,0,5000,5000,allon,default,allon,default,1,8,reject,oldest,-88,84,70,70,0.25,1,2d,front,nonlooping,,1,0,0,0,0,0.25,no,yes,none,0,,no,,,yes,no,no,0,0,yes,no,,0,,no,no,no
wpn_as50qol_pickup_plr,raw\sound\fly\pickups\weapon\fly_weapon_pickup_01.LN65.pc.snd.wav.wav,,loaded,bus_fx,grp_foley,snp_foley,,30,0,75,75,0,5000,5000,allon,default,allon,default,1,8,reject,oldest,-88,84,70,70,0.25,1,2d,front,nonlooping,,1,0,0,0,0,0.25,no,yes,none,0,,no,,,yes,no,no,0,0,yes,no,,0,,no,no,no
wpn_as50qol_raise_plr,raw\sound\fly\gear\rattle\fly_cloth_00.LN65.pc.snd.wav.wav,,loaded,bus_fx,grp_foley,snp_foley,,30,0,86,89,0,5000,5000,allon,default,allon,default,8,8,priority,oldest,-88,84,70,70,0.25,1,2d,front,nonlooping,,1,0,0,0,0,0.25,no,yes,none,0,,no,,,yes,no,no,0,0,yes,no,,0,,no,no,no
wpn_as50qol_raise_plr,raw\sound\fly\gear\rattle\fly_cloth_01.LN65.pc.snd.wav.wav,,loaded,bus_fx,grp_foley,snp_foley,,30,0,86,89,0,5000,5000,allon,default,allon,default,8,8,priority,oldest,-88,84,70,70,0.25,1,2d,front,nonlooping,,1,0,0,0,0,0.25,no,yes,none,0,,no,,,yes,no,no,0,0,yes,no,,0,,no,no,no
wpn_as50qol_raise_plr,raw\sound\fly\gear\rattle\fly_cloth_02.LN65.pc.snd.wav.wav,,loaded,bus_fx,grp_foley,snp_foley,,30,0,86,89,0,5000,5000,allon,default,allon,default,8,8,priority,oldest,-88,84,70,70,0.25,1,2d,front,nonlooping,,1,0,0,0,0,0.25,no,yes,none,0,,no,,,yes,no,no,0,0,yes,no,,0,,no,no,no
wpn_as50qol_raise_plr,raw\sound\fly\gear\rattle\fly_cloth_03.LN65.pc.snd.wav.wav,,loaded,bus_fx,grp_foley,snp_foley,,30,0,86,89,0,5000,5000,allon,default,allon,default,8,8,priority,oldest,-88,84,70,70,0.25,1,2d,front,nonlooping,,1,0,0,0,0,0.25,no,yes,none,0,,no,,,yes,no,no,0,0,yes,no,,0,,no,no,no
wpn_as50qol_silencer_fire_npc,raw\sound\wpn\sniper\ballista\plr\shot\silenced\wpn_ballista_sil_shot_plr.LN65.pc.snd.wav.wav,wpn_as50qol_silencer_LFE_npc,loaded,bus_fx,grp_weapon,snp_wpn_3p,,0,0,82,82,900,900,901,cosdelay,alloff,cosdelay,default,8,2,priority,oldest,-50,50,40,90,0.25,0.8,3d,default,nonlooping,,1,0,0,0,0,0.25,no,no,none,0,,no,,,yes,no,no,0,0,yes,no,,0,,no,no,no
wpn_as50qol_silencer_fire_npc_decay,raw\sound\wpn\assault\decay\int\silenced\wpn_aslt_decay_silenced_int.LN65.pc.snd.wav.wav,,loaded,bus_fx,grp_weapon,snp_wpn_3p,,55,0,67,67,50,900,900,allon,default,rcurve1,default,3,1,priority,oldest,-100,100,20,70,0.15,1,3d,quad,nonlooping,,1,0,0,0,0,0.25,no,no,none,0,,no,ringoff_plr,indoor,yes,no,no,0,0,yes,no,,0,,no,no,no
wpn_as50qol_silencer_fire_npc_decay,raw\sound\wpn\pistol\decay\ext\silenced\wpn_pistol_decay_silenced_ext.LN65.pc.snd.wav.wav,,loaded,bus_fx,grp_weapon,snp_wpn_3p,,55,0,77,77,50,900,900,allon,default,rcurve1,default,3,1,priority,oldest,-100,100,20,70,0.15,1,3d,quad,nonlooping,,1,0,0,0,0,0.25,no,no,none,0,,no,ringoff_plr,outdoor,yes,no,no,0,0,yes,no,,0,,no,no,no
wpn_as50qol_silencer_fire_plr,raw\sound\wpn\sniper\ballista\plr\shot\silenced\wpn_ballista_sil_shot_plr.LN65.pc.snd.wav.wav,wpn_as50qol_silencer_LFE,loaded,bus_fx,grp_weapon,snp_wpn_1p,@36b86475,0,0,93,93,0,5000,5000,allon,default,allon,default,3,8,oldest,oldest,-50,50,90,90,0.25,1,2d,front_mostly,nonlooping,,1,0,0,0,0,0.25,no,no,none,0,,no,,,yes,no,no,0,0,yes,no,,0,,no,no,no
wpn_as50qol_silencer_fire_plr_decay,raw\sound\wpn\assault\decay\int\silenced\wpn_aslt_decay_silenced_int.LN65.pc.snd.wav.wav,,loaded,bus_fx,grp_weapon,snp_wpn_1p,,75,0,83,83,0,5000,5000,allon,default,allon,default,3,8,oldest,oldest,-50,50,90,90,0.25,1,2d,front_mostly,nonlooping,,1,0,0,0,0,0.25,no,no,none,0,,no,ringoff_plr,indoor,yes,no,no,0,0,yes,no,,0,,no,no,no
wpn_as50qol_silencer_fire_plr_decay,raw\sound\wpn\pistol\decay\ext\silenced\wpn_pistol_decay_silenced_ext.LN65.pc.snd.wav.wav,,loaded,bus_fx,grp_weapon,snp_wpn_1p,,70,0,83,83,0,5000,5000,allon,default,allon,default,3,8,oldest,oldest,-50,50,90,90,0.25,1,2d,front_mostly,nonlooping,,1,0,0,0,0,0.25,no,no,none,0,,no,ringoff_plr,outdoor,yes,no,no,0,0,yes,no,,0,,no,no,no
wpn_as50qol_silencer_lfe,raw\sound\wpn\smg\mp7\plr\lfe\wpn_mp7_fire_lfe.LN65.pc.snd.wav.wav,wpn_as50qol_silencer_fire_plr_decay,loaded,bus_hdrfx,grp_wpn_lfe,snp_wpn_1p,,0,0,86,86,0,5000,5000,allon,default,allon,default,8,2,priority,oldest,0,0,85,90,0.25,1,2d,lfe,nonlooping,,1,0,0,0,0,0.25,no,no,none,0,,no,,,no,no,no,0,0,yes,no,,0,,no,no,no
wpn_as50qol_silencer_LFE_npc,raw\sound\wpn\smg\mp7\plr\lfe\wpn_mp7_fire_lfe.LN65.pc.snd.wav.wav,wpn_as50qol_silencer_fire_npc_decay,loaded,bus_hdrfx,grp_wpn_lfe,snp_wpn_3p,,0,0,81,81,25,225,225,allon,default,allon,default,3,1,priority,oldest,0,0,40,90,0.25,0.75,3d,lfe,nonlooping,,1,0,0,0,0,0.25,no,no,none,0,,no,,,no,no,no,0,0,yes,no,,0,,no,no,no
wpn_crossbow_alert,raw\sound\prj\bolt\alert\alert.LN65.pc.snd.wav,,loaded,bus_fx,grp_impacts,snp_hdrfx,,65,0,81,83,100,275,450,allon,default,allon,default,8,8,priority,oldest,0,0,80,95,0.25,1,3d,default,nonlooping,,1,0,25,225,85,0.1,no,no,none,0,,no,,,yes,no,no,0,0,yes,no,,0,,no,no,no
wpn_crossbow_pickup_npc,raw\sound\fly\pickups\weapon\fly_weapon_pickup_00.LN65.pc.snd.wav.wav,,loaded,bus_fx,grp_foley,snp_foley,,30,0,75,75,75,500,500,allon,default,allon,default,2,1,priority,reject,-50,50,15,30,0.25,1,3d,default,nonlooping,,1,0,25,250,75,0.25,no,yes,none,0,,no,,,yes,no,no,0,0,yes,no,,0,,no,no,no
wpn_crossbow_pickup_npc,raw\sound\fly\pickups\weapon\fly_weapon_pickup_01.LN65.pc.snd.wav.wav,,loaded,bus_fx,grp_foley,snp_foley,,30,0,75,75,75,500,500,allon,default,allon,default,2,1,priority,reject,-50,50,15,30,0.25,1,3d,default,nonlooping,,1,0,25,250,75,0.25,no,yes,none,0,,no,,,yes,no,no,0,0,yes,no,,0,,no,no,no
wpn_crossbow_pickup_plr,raw\sound\fly\pickups\weapon\fly_weapon_pickup_00.LN65.pc.snd.wav.wav,,loaded,bus_fx,grp_foley,snp_foley,,30,0,75,75,0,5000,5000,allon,default,allon,default,1,8,reject,oldest,-88,84,70,70,0.25,1,2d,front,nonlooping,,1,0,0,0,0,0.25,no,yes,none,0,,no,,,yes,no,no,0,0,yes,no,,0,,no,no,no
wpn_crossbow_pickup_plr,raw\sound\fly\pickups\weapon\fly_weapon_pickup_01.LN65.pc.snd.wav.wav,,loaded,bus_fx,grp_foley,snp_foley,,30,0,75,75,0,5000,5000,allon,default,allon,default,1,8,reject,oldest,-88,84,70,70,0.25,1,2d,front,nonlooping,,1,0,0,0,0,0.25,no,yes,none,0,,no,,,yes,no,no,0,0,yes,no,,0,,no,no,no
wpn_insas_1straise_npc,raw\sound\fly\gear\rattle\fly_cloth_00.LN65.pc.snd.wav.wav,,loaded,bus_fx,grp_foley,snp_foley,,30,0,75,75,75,500,500,allon,default,allon,default,4,8,priority,oldest,-90,90,15,30,0.25,1,3d,default,nonlooping,,1,0,25,250,75,0.25,no,yes,none,0,,no,,,yes,no,no,0,0,yes,no,,0,,no,no,no
wpn_insas_1straise_npc,raw\sound\fly\gear\rattle\fly_cloth_01.LN65.pc.snd.wav.wav,,loaded,bus_fx,grp_foley,snp_foley,,30,0,75,75,75,500,500,allon,default,allon,default,4,8,priority,oldest,-90,90,15,30,0.25,1,3d,default,nonlooping,,1,0,25,250,75,0.25,no,yes,none,0,,no,,,yes,no,no,0,0,yes,no,,0,,no,no,no
wpn_insas_1straise_npc,raw\sound\fly\gear\rattle\fly_cloth_02.LN65.pc.snd.wav.wav,,loaded,bus_fx,grp_foley,snp_foley,,30,0,75,75,75,500,500,allon,default,allon,default,4,8,priority,oldest,-90,90,15,30,0.25,1,3d,default,nonlooping,,1,0,25,250,75,0.25,no,yes,none,0,,no,,,yes,no,no,0,0,yes,no,,0,,no,no,no
wpn_insas_1straise_npc,raw\sound\fly\gear\rattle\fly_cloth_03.LN65.pc.snd.wav.wav,,loaded,bus_fx,grp_foley,snp_foley,,30,0,75,75,75,500,500,allon,default,allon,default,4,8,priority,oldest,-90,90,15,30,0.25,1,3d,default,nonlooping,,1,0,25,250,75,0.25,no,yes,none,0,,no,,,yes,no,no,0,0,yes,no,,0,,no,no,no
wpn_insas_1straise_plr,raw\sound\fly\gear\rattle\fly_cloth_00.LN65.pc.snd.wav.wav,,loaded,bus_fx,grp_foley,snp_foley,,30,0,86,89,0,5000,5000,allon,default,allon,default,8,8,priority,oldest,-88,84,70,70,0.25,1,2d,front,nonlooping,,1,0,0,0,0,0.25,no,yes,none,0,,no,,,yes,no,no,0,0,yes,no,,0,,no,no,no
wpn_insas_1straise_plr,raw\sound\fly\gear\rattle\fly_cloth_01.LN65.pc.snd.wav.wav,,loaded,bus_fx,grp_foley,snp_foley,,30,0,86,89,0,5000,5000,allon,default,allon,default,8,8,priority,oldest,-88,84,70,70,0.25,1,2d,front,nonlooping,,1,0,0,0,0,0.25,no,yes,none,0,,no,,,yes,no,no,0,0,yes,no,,0,,no,no,no
wpn_insas_1straise_plr,raw\sound\fly\gear\rattle\fly_cloth_02.LN65.pc.snd.wav.wav,,loaded,bus_fx,grp_foley,snp_foley,,30,0,86,89,0,5000,5000,allon,default,allon,default,8,8,priority,oldest,-88,84,70,70,0.25,1,2d,front,nonlooping,,1,0,0,0,0,0.25,no,yes,none,0,,no,,,yes,no,no,0,0,yes,no,,0,,no,no,no
wpn_insas_1straise_plr,raw\sound\fly\gear\rattle\fly_cloth_03.LN65.pc.snd.wav.wav,,loaded,bus_fx,grp_foley,snp_foley,,30,0,86,89,0,5000,5000,allon,default,allon,default,8,8,priority,oldest,-88,84,70,70,0.25,1,2d,front,nonlooping,,1,0,0,0,0,0.25,no,yes,none,0,,no,,,yes,no,no,0,0,yes,no,,0,,no,no,no
wpn_insas_dryfire_npc,raw\sound\wpn\smg\dry_fire\plr\dry_fire_plr.LN65.pc.snd.wav.wav,,loaded,bus_fx,grp_weapon,snp_wpn_3p,,55,0,87,87,900,900,900,cosdelay,alloff,cosdelay,default,8,3,priority,oldest,-150,150,20,90,0.25,0.8,3d,default,nonlooping,,1,0,0,0,0,0.25,no,no,none,0,,no,,,yes,no,no,0,0,yes,no,,0,,no,no,no
wpn_insas_dryfire_plr,raw\sound\wpn\smg\dry_fire\plr\dry_fire_plr.LN65.pc.snd.wav.wav,,loaded,bus_fx,grp_weapon,snp_wpn_1p,,65,0,93,93,0,5000,5000,allon,default,allon,default,2,8,oldest,oldest,-80,80,90,90,0.25,1,2d,front_mostly,nonlooping,,1,0,0,0,0,0.25,no,no,none,0,,no,,,yes,no,no,0,0,yes,no,,0,,no,no,no
wpn_insas_fire_plr_lh,raw\sound\wpn\smg\msmc\shot\wpn_msmc_shot_plr.LN65.pc.snd.wav,wpn_insas_LFE,loaded,bus_fx,grp_weapon,snp_wpn_1p,,65,0,93,93,0,5000,5000,allon,default,allon,default,2,8,oldest,oldest,-80,80,90,90,0.25,1,2d,wpn_left,nonlooping,,1,0,0,0,0,0.25,no,no,none,0,,no,,,yes,no,no,0,0,yes,no,,0,,no,no,no
wpn_insas_fire_plr_rh,raw\sound\wpn\smg\msmc\shot\wpn_msmc_shot_plr.LN65.pc.snd.wav,wpn_insas_LFE,loaded,bus_fx,grp_weapon,snp_wpn_1p,,65,0,93,93,0,5000,5000,allon,default,allon,default,2,8,oldest,oldest,-80,80,90,90,0.25,1,2d,wpn_right,nonlooping,,1,0,0,0,0,0.25,no,no,none,0,,no,,,yes,no,no,0,0,yes,no,,0,,no,no,no
wpn_insas_pickup_npc,raw\sound\fly\pickups\weapon\fly_weapon_pickup_00.LN65.pc.snd.wav.wav,,loaded,bus_fx,grp_foley,snp_foley,,30,0,75,75,75,500,500,allon,default,allon,default,2,1,priority,reject,-50,50,15,30,0.25,1,3d,default,nonlooping,,1,0,25,250,75,0.25,no,yes,none,0,,no,,,yes,no,no,0,0,yes,no,,0,,no,no,no
wpn_insas_pickup_npc,raw\sound\fly\pickups\weapon\fly_weapon_pickup_01.LN65.pc.snd.wav.wav,,loaded,bus_fx,grp_foley,snp_foley,,30,0,75,75,75,500,500,allon,default,allon,default,2,1,priority,reject,-50,50,15,30,0.25,1,3d,default,nonlooping,,1,0,25,250,75,0.25,no,yes,none,0,,no,,,yes,no,no,0,0,yes,no,,0,,no,no,no
wpn_insas_pickup_plr,raw\sound\fly\pickups\weapon\fly_weapon_pickup_00.LN65.pc.snd.wav.wav,,loaded,bus_fx,grp_foley,snp_foley,,30,0,75,75,0,5000,5000,allon,default,allon,default,1,8,reject,oldest,-88,84,70,70,0.25,1,2d,front,nonlooping,,1,0,0,0,0,0.25,no,yes,none,0,,no,,,yes,no,no,0,0,yes,no,,0,,no,no,no
wpn_insas_pickup_plr,raw\sound\fly\pickups\weapon\fly_weapon_pickup_01.LN65.pc.snd.wav.wav,,loaded,bus_fx,grp_foley,snp_foley,,30,0,75,75,0,5000,5000,allon,default,allon,default,1,8,reject,oldest,-88,84,70,70,0.25,1,2d,front,nonlooping,,1,0,0,0,0,0.25,no,yes,none,0,,no,,,yes,no,no,0,0,yes,no,,0,,no,no,no
wpn_insas_raise_npc,raw\sound\fly\gear\rattle\fly_cloth_00.LN65.pc.snd.wav.wav,,loaded,bus_fx,grp_foley,snp_foley,,30,0,75,75,75,500,500,allon,default,allon,default,4,8,priority,oldest,-90,90,15,30,0.25,1,3d,default,nonlooping,,1,0,25,250,75,0.25,no,yes,none,0,,no,,,yes,no,no,0,0,yes,no,,0,,no,no,no
wpn_insas_raise_npc,raw\sound\fly\gear\rattle\fly_cloth_01.LN65.pc.snd.wav.wav,,loaded,bus_fx,grp_foley,snp_foley,,30,0,75,75,75,500,500,allon,default,allon,default,4,8,priority,oldest,-90,90,15,30,0.25,1,3d,default,nonlooping,,1,0,25,250,75,0.25,no,yes,none,0,,no,,,yes,no,no,0,0,yes,no,,0,,no,no,no
wpn_insas_raise_npc,raw\sound\fly\gear\rattle\fly_cloth_02.LN65.pc.snd.wav.wav,,loaded,bus_fx,grp_foley,snp_foley,,30,0,75,75,75,500,500,allon,default,allon,default,4,8,priority,oldest,-90,90,15,30,0.25,1,3d,default,nonlooping,,1,0,25,250,75,0.25,no,yes,none,0,,no,,,yes,no,no,0,0,yes,no,,0,,no,no,no
wpn_insas_raise_npc,raw\sound\fly\gear\rattle\fly_cloth_03.LN65.pc.snd.wav.wav,,loaded,bus_fx,grp_foley,snp_foley,,30,0,75,75,75,500,500,allon,default,allon,default,4,8,priority,oldest,-90,90,15,30,0.25,1,3d,default,nonlooping,,1,0,25,250,75,0.25,no,yes,none,0,,no,,,yes,no,no,0,0,yes,no,,0,,no,no,no
wpn_insas_raise_plr,raw\sound\fly\gear\rattle\fly_cloth_00.LN65.pc.snd.wav.wav,,loaded,bus_fx,grp_foley,snp_foley,,30,0,86,89,0,5000,5000,allon,default,allon,default,8,8,priority,oldest,-88,84,70,70,0.25,1,2d,front,nonlooping,,1,0,0,0,0,0.25,no,yes,none,0,,no,,,yes,no,no,0,0,yes,no,,0,,no,no,no
wpn_insas_raise_plr,raw\sound\fly\gear\rattle\fly_cloth_01.LN65.pc.snd.wav.wav,,loaded,bus_fx,grp_foley,snp_foley,,30,0,86,89,0,5000,5000,allon,default,allon,default,8,8,priority,oldest,-88,84,70,70,0.25,1,2d,front,nonlooping,,1,0,0,0,0,0.25,no,yes,none,0,,no,,,yes,no,no,0,0,yes,no,,0,,no,no,no
wpn_insas_raise_plr,raw\sound\fly\gear\rattle\fly_cloth_02.LN65.pc.snd.wav.wav,,loaded,bus_fx,grp_foley,snp_foley,,30,0,86,89,0,5000,5000,allon,default,allon,default,8,8,priority,oldest,-88,84,70,70,0.25,1,2d,front,nonlooping,,1,0,0,0,0,0.25,no,yes,none,0,,no,,,yes,no,no,0,0,yes,no,,0,,no,no,no
wpn_insas_raise_plr,raw\sound\fly\gear\rattle\fly_cloth_03.LN65.pc.snd.wav.wav,,loaded,bus_fx,grp_foley,snp_foley,,30,0,86,89,0,5000,5000,allon,default,allon,default,8,8,priority,oldest,-88,84,70,70,0.25,1,2d,front,nonlooping,,1,0,0,0,0,0.25,no,yes,none,0,,no,,,yes,no,no,0,0,yes,no,,0,,no,no,no
wpn_insas_silencer_fire_npc,raw\sound\wpn\smg\msmc\plr\shot\silenced\wpn_msmc_sil_shot_plr.LN65.pc.snd.wav.wav,wpn_insas_silencer_LFE_npc,loaded,bus_fx,grp_weapon,snp_wpn_3p,,0,0,85,85,700,700,700,cosdelay,alloff,cosdelay,default,8,3,priority,oldest,-50,50,20,90,0.25,0.8,3d,default,nonlooping,,1,0,0,0,0,0.25,no,no,none,0,,no,,,yes,no,no,0,0,yes,no,,0,,no,no,no
wpn_insas_silencer_fire_npc_decay,raw\sound\wpn\pistol\decay\ext\silenced\wpn_pistol_decay_silenced_ext.LN65.pc.snd.wav.wav,,loaded,bus_fx,grp_weapon,snp_wpn_3p,,55,0,75,75,50,900,900,allon,default,rcurve1,default,10,1,reject,oldest,-100,100,20,70,0.15,1,3d,quad,nonlooping,,1,0,0,0,0,0.25,no,no,none,0,,no,ringoff_plr,outdoor,yes,no,no,0,0,yes,no,,0,,no,no,no
wpn_insas_silencer_fire_npc_decay,raw\sound\wpn\pistol\decay\int\silenced\wpn_pistol_decay_silenced_int.LN65.pc.snd.wav.wav,,loaded,bus_fx,grp_weapon,snp_wpn_3p,,55,0,75,75,50,900,900,allon,default,rcurve1,default,10,1,reject,oldest,-100,100,20,70,0.15,1,3d,quad,nonlooping,,1,0,0,0,0,0.25,no,no,none,0,,no,ringoff_plr,indoor,yes,no,no,0,0,yes,no,,0,,no,no,no
wpn_insas_silencer_fire_plr,raw\sound\wpn\smg\msmc\plr\shot\silenced\wpn_msmc_sil_shot_plr.LN65.pc.snd.wav.wav,wpn_insas_silencer_LFE,loaded,bus_fx,grp_weapon,snp_wpn_1p,@36b86475,0,0,93,93,0,5000,5000,allon,default,allon,default,2,8,oldest,oldest,-80,80,90,90,0.25,1,2d,front_mostly,nonlooping,,1,0,0,0,0,0.25,no,no,none,0,,no,,,yes,no,no,0,0,yes,no,,0,,no,no,no
wpn_insas_silencer_fire_plr_decay,raw\sound\wpn\pistol\decay\ext\silenced\wpn_pistol_decay_silenced_ext.LN65.pc.snd.wav.wav,,loaded,bus_fx,grp_weapon,snp_wpn_1p,,75,0,80,80,0,5000,5000,allon,default,allon,default,3,8,oldest,oldest,-50,50,90,90,0.25,1,2d,front_mostly,nonlooping,,1,0,0,0,0,0.25,no,no,none,0,,no,ringoff_plr,outdoor,yes,no,no,0,0,yes,no,,0,,no,no,no
wpn_insas_silencer_fire_plr_decay,raw\sound\wpn\pistol\decay\int\silenced\wpn_pistol_decay_silenced_int.LN65.pc.snd.wav.wav,,loaded,bus_fx,grp_weapon,snp_wpn_1p,,75,0,83,83,0,5000,5000,allon,default,allon,default,3,8,oldest,oldest,-50,50,90,90,0.25,1,2d,front_mostly,nonlooping,,1,0,0,0,0,0.25,no,no,none,0,,no,ringoff_plr,indoor,yes,no,no,0,0,yes,no,,0,,no,no,no
wpn_insas_silencer_LFE,raw\sound\wpn\smg\mp7\plr\lfe\wpn_mp7_fire_lfe.LN65.pc.snd.wav.wav,wpn_insas_silencer_fire_plr_decay,loaded,bus_hdrfx,grp_wpn_lfe,snp_wpn_1p,,0,0,86,86,0,5000,5000,allon,default,allon,default,1,2,priority,oldest,0,0,85,90,0.25,1,2d,lfe,nonlooping,,1,0,0,0,0,0.25,no,no,none,0,,no,,,no,no,no,0,0,yes,no,,0,,no,no,no
wpn_insas_silencer_LFE_npc,raw\sound\wpn\smg\mp7\plr\lfe\wpn_mp7_fire_lfe.LN65.pc.snd.wav.wav,wpn_insas_silencer_fire_npc_decay,loaded,bus_hdrfx,grp_wpn_lfe,snp_wpn_3p,,0,0,81,81,25,225,225,allon,default,allon,default,3,1,priority,oldest,0,0,40,90,0.25,0.75,3d,lfe,nonlooping,,1,0,0,0,0,0.25,no,no,none,0,,no,,,no,no,no,0,0,yes,no,,0,,no,no,no
wpn_mk48_1straise_plr,raw\sound\fly\gear\rattle\fly_cloth_00.LN65.pc.snd.wav.wav,,loaded,bus_fx,grp_foley,snp_foley,,30,0,86,89,0,5000,5000,allon,default,allon,default,8,8,priority,oldest,-88,84,70,70,0.25,1,2d,front,nonlooping,,1,0,0,0,0,0.25,no,yes,none,0,,no,,,yes,no,no,0,0,yes,no,,0,,no,no,no
wpn_mk48_1straise_plr,raw\sound\fly\gear\rattle\fly_cloth_01.LN65.pc.snd.wav.wav,,loaded,bus_fx,grp_foley,snp_foley,,30,0,86,89,0,5000,5000,allon,default,allon,default,8,8,priority,oldest,-88,84,70,70,0.25,1,2d,front,nonlooping,,1,0,0,0,0,0.25,no,yes,none,0,,no,,,yes,no,no,0,0,yes,no,,0,,no,no,no
wpn_mk48_1straise_plr,raw\sound\fly\gear\rattle\fly_cloth_02.LN65.pc.snd.wav.wav,,loaded,bus_fx,grp_foley,snp_foley,,30,0,86,89,0,5000,5000,allon,default,allon,default,8,8,priority,oldest,-88,84,70,70,0.25,1,2d,front,nonlooping,,1,0,0,0,0,0.25,no,yes,none,0,,no,,,yes,no,no,0,0,yes,no,,0,,no,no,no
wpn_mk48_1straise_plr,raw\sound\fly\gear\rattle\fly_cloth_03.LN65.pc.snd.wav.wav,,loaded,bus_fx,grp_foley,snp_foley,,30,0,86,89,0,5000,5000,allon,default,allon,default,8,8,priority,oldest,-88,84,70,70,0.25,1,2d,front,nonlooping,,1,0,0,0,0,0.25,no,yes,none,0,,no,,,yes,no,no,0,0,yes,no,,0,,no,no,no
wpn_mk48_dryfire_npc,raw\sound\wpn\lmg\dry_fire\npc\dry_fire_00.LN65.pc.snd.wav.wav,,loaded,bus_fx,grp_weapon,snp_wpn_3p,,70,0,85,85,900,900,901,cosdelay,alloff,cosdelay,default,8,2,priority,oldest,-100,100,50,90,0.25,0.8,3d,default,nonlooping,pitch,1,0,0,0,0,0.25,no,no,none,0,,no,,,yes,no,no,0,0,yes,no,,0,,no,no,no
wpn_mk48_dryfire_plr,raw\sound\wpn\lmg\dry_fire\plr\dry_fire_00.LN65.pc.snd.wav.wav,,loaded,bus_fx,grp_weapon,snp_wpn_1p,,70,0,93,93,0,5000,5000,allon,default,allon,default,2,8,oldest,oldest,0,0,90,90,0.25,1,2d,front_mostly,nonlooping,,1,0,0,0,0,0.25,no,no,none,0,,no,,,yes,no,no,0,0,yes,no,,0,,no,no,no
wpn_mk48_pickup_plr,raw\sound\fly\pickups\weapon\fly_weapon_pickup_00.LN65.pc.snd.wav.wav,,loaded,bus_fx,grp_foley,snp_foley,,30,0,75,75,0,5000,5000,allon,default,allon,default,1,8,reject,oldest,-88,84,70,70,0.25,1,2d,front,nonlooping,,1,0,0,0,0,0.25,no,yes,none,0,,no,,,yes,no,no,0,0,yes,no,,0,,no,no,no
wpn_mk48_pickup_plr,raw\sound\fly\pickups\weapon\fly_weapon_pickup_01.LN65.pc.snd.wav.wav,,loaded,bus_fx,grp_foley,snp_foley,,30,0,75,75,0,5000,5000,allon,default,allon,default,1,8,reject,oldest,-88,84,70,70,0.25,1,2d,front,nonlooping,,1,0,0,0,0,0.25,no,yes,none,0,,no,,,yes,no,no,0,0,yes,no,,0,,no,no,no
wpn_mk48_raise_plr,raw\sound\fly\gear\rattle\fly_cloth_00.LN65.pc.snd.wav.wav,,loaded,bus_fx,grp_foley,snp_foley,,30,0,86,89,0,5000,5000,allon,default,allon,default,8,8,priority,oldest,-88,84,70,70,0.25,1,2d,front,nonlooping,,1,0,0,0,0,0.25,no,yes,none,0,,no,,,yes,no,no,0,0,yes,no,,0,,no,no,no
wpn_mk48_raise_plr,raw\sound\fly\gear\rattle\fly_cloth_01.LN65.pc.snd.wav.wav,,loaded,bus_fx,grp_foley,snp_foley,,30,0,86,89,0,5000,5000,allon,default,allon,default,8,8,priority,oldest,-88,84,70,70,0.25,1,2d,front,nonlooping,,1,0,0,0,0,0.25,no,yes,none,0,,no,,,yes,no,no,0,0,yes,no,,0,,no,no,no
wpn_mk48_raise_plr,raw\sound\fly\gear\rattle\fly_cloth_02.LN65.pc.snd.wav.wav,,loaded,bus_fx,grp_foley,snp_foley,,30,0,86,89,0,5000,5000,allon,default,allon,default,8,8,priority,oldest,-88,84,70,70,0.25,1,2d,front,nonlooping,,1,0,0,0,0,0.25,no,yes,none,0,,no,,,yes,no,no,0,0,yes,no,,0,,no,no,no
wpn_mk48_raise_plr,raw\sound\fly\gear\rattle\fly_cloth_03.LN65.pc.snd.wav.wav,,loaded,bus_fx,grp_foley,snp_foley,,30,0,86,89,0,5000,5000,allon,default,allon,default,8,8,priority,oldest,-88,84,70,70,0.25,1,2d,front,nonlooping,,1,0,0,0,0,0.25,no,yes,none,0,,no,,,yes,no,no,0,0,yes,no,,0,,no,no,no
wpn_mk48_silencer_fire_npc,raw\sound\wpn\lmg\lsat\plr\shot\silenced\wpn_lsat_sil_shot_plr.LN65.pc.snd.wav.wav,wpn_mk48_silencer_LFE_npc,loaded,bus_fx,grp_weapon,snp_wpn_3p,,0,0,85,85,900,900,901,cosdelay,alloff,cosdelay,default,8,2,priority,oldest,-50,50,40,90,0.25,0.8,3d,default,nonlooping,,1,0,0,0,0,0.25,no,no,none,0,,no,,,yes,no,no,0,0,yes,no,,0,,no,no,no
wpn_mk48_silencer_fire_npc_decay,raw\sound\wpn\assault\decay\int\silenced\wpn_aslt_decay_silenced_int.LN65.pc.snd.wav.wav,,loaded,bus_fx,grp_weapon,snp_wpn_3p,,55,0,67,67,50,900,900,allon,default,rcurve1,default,3,1,priority,oldest,-100,100,20,70,0.15,1,3d,quad,nonlooping,,1,0,0,0,0,0.25,no,no,none,0,,no,ringoff_plr,indoor,yes,no,no,0,0,yes,no,,0,,no,no,no
wpn_mk48_silencer_fire_npc_decay,raw\sound\wpn\pistol\decay\ext\silenced\wpn_pistol_decay_silenced_ext.LN65.pc.snd.wav.wav,,loaded,bus_fx,grp_weapon,snp_wpn_3p,,55,0,77,77,50,900,900,allon,default,rcurve1,default,3,1,priority,oldest,-100,100,20,70,0.15,1,3d,quad,nonlooping,,1,0,0,0,0,0.25,no,no,none,0,,no,ringoff_plr,outdoor,yes,no,no,0,0,yes,no,,0,,no,no,no
wpn_mk48_silencer_fire_plr,raw\sound\wpn\lmg\lsat\plr\shot\silenced\wpn_lsat_sil_shot_plr.LN65.pc.snd.wav.wav,wpn_mk48_silencer_LFE,loaded,bus_fx,grp_weapon,snp_wpn_1p,@36b86475,0,0,93,93,0,5000,5000,allon,default,allon,default,3,8,oldest,oldest,-50,50,90,90,0.25,1,2d,front_mostly,nonlooping,,1,0,0,0,0,0.25,no,no,none,0,,no,,,yes,no,no,0,0,yes,no,,0,,no,no,no
wpn_mk48_silencer_fire_plr_decay,raw\sound\wpn\assault\decay\int\silenced\wpn_aslt_decay_silenced_int.LN65.pc.snd.wav.wav,,loaded,bus_fx,grp_weapon,snp_wpn_1p,,75,0,83,83,0,5000,5000,allon,default,allon,default,3,8,oldest,oldest,-50,50,90,90,0.25,1,2d,front_mostly,nonlooping,,1,0,0,0,0,0.25,no,no,none,0,,no,ringoff_plr,indoor,yes,no,no,0,0,yes,no,,0,,no,no,no
wpn_mk48_silencer_fire_plr_decay,raw\sound\wpn\pistol\decay\ext\silenced\wpn_pistol_decay_silenced_ext.LN65.pc.snd.wav.wav,,loaded,bus_fx,grp_weapon,snp_wpn_1p,,70,0,83,83,0,5000,5000,allon,default,allon,default,3,8,oldest,oldest,-50,50,90,90,0.25,1,2d,front_mostly,nonlooping,,1,0,0,0,0,0.25,no,no,none,0,,no,ringoff_plr,outdoor,yes,no,no,0,0,yes,no,,0,,no,no,no
wpn_mk48_silencer_lfe,raw\sound\wpn\smg\mp7\plr\lfe\wpn_mp7_fire_lfe.LN65.pc.snd.wav.wav,wpn_mk48_silencer_fire_plr_decay,loaded,bus_hdrfx,grp_wpn_lfe,snp_wpn_1p,,0,0,86,86,0,5000,5000,allon,default,allon,default,8,2,priority,oldest,0,0,85,90,0.25,1,2d,lfe,nonlooping,,1,0,0,0,0,0.25,no,no,none,0,,no,,,no,no,no,0,0,yes,no,,0,,no,no,no
wpn_mk48_silencer_LFE_npc,raw\sound\wpn\smg\mp7\plr\lfe\wpn_mp7_fire_lfe.LN65.pc.snd.wav.wav,wpn_mk48_silencer_fire_npc_decay,loaded,bus_hdrfx,grp_wpn_lfe,snp_wpn_3p,,0,0,81,81,25,225,225,allon,default,allon,default,3,1,priority,oldest,0,0,40,90,0.25,0.75,3d,lfe,nonlooping,,1,0,0,0,0,0.25,no,no,none,0,,no,,,no,no,no,0,0,yes,no,,0,,no,no,no
wpn_mp7_1straise_plr,raw\sound\fly\gear\rattle\fly_cloth_00.LN65.pc.snd.wav.wav,,loaded,bus_fx,grp_foley,snp_foley,,30,0,86,89,0,5000,5000,allon,default,allon,default,8,8,priority,oldest,-88,84,70,70,0.25,1,2d,front,nonlooping,,1,0,0,0,0,0.25,no,yes,none,0,,no,,,yes,no,no,0,0,yes,no,,0,,no,no,no
wpn_mp7_1straise_plr,raw\sound\fly\gear\rattle\fly_cloth_01.LN65.pc.snd.wav.wav,,loaded,bus_fx,grp_foley,snp_foley,,30,0,86,89,0,5000,5000,allon,default,allon,default,8,8,priority,oldest,-88,84,70,70,0.25,1,2d,front,nonlooping,,1,0,0,0,0,0.25,no,yes,none,0,,no,,,yes,no,no,0,0,yes,no,,0,,no,no,no
wpn_mp7_1straise_plr,raw\sound\fly\gear\rattle\fly_cloth_02.LN65.pc.snd.wav.wav,,loaded,bus_fx,grp_foley,snp_foley,,30,0,86,89,0,5000,5000,allon,default,allon,default,8,8,priority,oldest,-88,84,70,70,0.25,1,2d,front,nonlooping,,1,0,0,0,0,0.25,no,yes,none,0,,no,,,yes,no,no,0,0,yes,no,,0,,no,no,no
wpn_mp7_1straise_plr,raw\sound\fly\gear\rattle\fly_cloth_03.LN65.pc.snd.wav.wav,,loaded,bus_fx,grp_foley,snp_foley,,30,0,86,89,0,5000,5000,allon,default,allon,default,8,8,priority,oldest,-88,84,70,70,0.25,1,2d,front,nonlooping,,1,0,0,0,0,0.25,no,yes,none,0,,no,,,yes,no,no,0,0,yes,no,,0,,no,no,no
wpn_mp7_dryfire_plr,raw\sound\wpn\smg\dry_fire\plr\dry_fire_plr.LN65.pc.snd.wav.wav,,loaded,bus_fx,grp_weapon,snp_wpn_1p,,65,0,93,93,0,5000,5000,allon,default,allon,default,2,8,oldest,oldest,-80,80,90,90,0.25,1,2d,front_mostly,nonlooping,,1,0,0,0,0,0.25,no,no,none,0,,no,,,yes,no,no,0,0,yes,no,,0,,no,no,no
wpn_mp7_pickup_plr,raw\sound\fly\pickups\weapon\fly_weapon_pickup_00.LN65.pc.snd.wav.wav,,loaded,bus_fx,grp_foley,snp_foley,,30,0,75,75,0,5000,5000,allon,default,allon,default,1,8,reject,oldest,-88,84,70,70,0.25,1,2d,front,nonlooping,,1,0,0,0,0,0.25,no,yes,none,0,,no,,,yes,no,no,0,0,yes,no,,0,,no,no,no
wpn_mp7_pickup_plr,raw\sound\fly\pickups\weapon\fly_weapon_pickup_01.LN65.pc.snd.wav.wav,,loaded,bus_fx,grp_foley,snp_foley,,30,0,75,75,0,5000,5000,allon,default,allon,default,1,8,reject,oldest,-88,84,70,70,0.25,1,2d,front,nonlooping,,1,0,0,0,0,0.25,no,yes,none,0,,no,,,yes,no,no,0,0,yes,no,,0,,no,no,no
wpn_mp7_raise_plr,raw\sound\fly\gear\rattle\fly_cloth_00.LN65.pc.snd.wav.wav,,loaded,bus_fx,grp_foley,snp_foley,,30,0,86,89,0,5000,5000,allon,default,allon,default,8,8,priority,oldest,-88,84,70,70,0.25,1,2d,front,nonlooping,,1,0,0,0,0,0.25,no,yes,none,0,,no,,,yes,no,no,0,0,yes,no,,0,,no,no,no
wpn_mp7_raise_plr,raw\sound\fly\gear\rattle\fly_cloth_01.LN65.pc.snd.wav.wav,,loaded,bus_fx,grp_foley,snp_foley,,30,0,86,89,0,5000,5000,allon,default,allon,default,8,8,priority,oldest,-88,84,70,70,0.25,1,2d,front,nonlooping,,1,0,0,0,0,0.25,no,yes,none,0,,no,,,yes,no,no,0,0,yes,no,,0,,no,no,no
wpn_mp7_raise_plr,raw\sound\fly\gear\rattle\fly_cloth_02.LN65.pc.snd.wav.wav,,loaded,bus_fx,grp_foley,snp_foley,,30,0,86,89,0,5000,5000,allon,default,allon,default,8,8,priority,oldest,-88,84,70,70,0.25,1,2d,front,nonlooping,,1,0,0,0,0,0.25,no,yes,none,0,,no,,,yes,no,no,0,0,yes,no,,0,,no,no,no
wpn_mp7_raise_plr,raw\sound\fly\gear\rattle\fly_cloth_03.LN65.pc.snd.wav.wav,,loaded,bus_fx,grp_foley,snp_foley,,30,0,86,89,0,5000,5000,allon,default,allon,default,8,8,priority,oldest,-88,84,70,70,0.25,1,2d,front,nonlooping,,1,0,0,0,0,0.25,no,yes,none,0,,no,,,yes,no,no,0,0,yes,no,,0,,no,no,no
wpn_mp7_silencer_fire_npc,raw\sound\wpn\smg\msmc\plr\shot\silenced\wpn_msmc_sil_shot_plr.LN65.pc.snd.wav.wav,wpn_mp7_silencer_LFE_npc,loaded,bus_fx,grp_weapon,snp_wpn_3p,,0,0,85,85,700,700,700,cosdelay,alloff,cosdelay,default,8,3,priority,oldest,-50,50,20,90,0.25,0.8,3d,default,nonlooping,,1,0,0,0,0,0.25,no,no,none,0,,no,,,yes,no,no,0,0,yes,no,,0,,no,no,no
wpn_mp7_silencer_fire_npc_decay,raw\sound\wpn\pistol\decay\ext\silenced\wpn_pistol_decay_silenced_ext.LN65.pc.snd.wav.wav,,loaded,bus_fx,grp_weapon,snp_wpn_3p,,55,0,75,75,50,900,900,allon,default,rcurve1,default,10,1,reject,oldest,-100,100,20,70,0.15,1,3d,quad,nonlooping,,1,0,0,0,0,0.25,no,no,none,0,,no,ringoff_plr,outdoor,yes,no,no,0,0,yes,no,,0,,no,no,no
wpn_mp7_silencer_fire_npc_decay,raw\sound\wpn\pistol\decay\int\silenced\wpn_pistol_decay_silenced_int.LN65.pc.snd.wav.wav,,loaded,bus_fx,grp_weapon,snp_wpn_3p,,55,0,75,75,50,900,900,allon,default,rcurve1,default,10,1,reject,oldest,-100,100,20,70,0.15,1,3d,quad,nonlooping,,1,0,0,0,0,0.25,no,no,none,0,,no,ringoff_plr,indoor,yes,no,no,0,0,yes,no,,0,,no,no,no
wpn_mp7_silencer_fire_plr,raw\sound\wpn\smg\msmc\plr\shot\silenced\wpn_msmc_sil_shot_plr.LN65.pc.snd.wav.wav,wpn_mp7_silencer_LFE,loaded,bus_fx,grp_weapon,snp_wpn_1p,@36b86475,0,0,93,93,0,5000,5000,allon,default,allon,default,2,8,oldest,oldest,-80,80,90,90,0.25,1,2d,front_mostly,nonlooping,,1,0,0,0,0,0.25,no,no,none,0,,no,,,yes,no,no,0,0,yes,no,,0,,no,no,no
wpn_mp7_silencer_fire_plr_decay,raw\sound\wpn\pistol\decay\ext\silenced\wpn_pistol_decay_silenced_ext.LN65.pc.snd.wav.wav,,loaded,bus_fx,grp_weapon,snp_wpn_1p,,75,0,80,80,0,5000,5000,allon,default,allon,default,3,8,oldest,oldest,-50,50,90,90,0.25,1,2d,front_mostly,nonlooping,,1,0,0,0,0,0.25,no,no,none,0,,no,ringoff_plr,outdoor,yes,no,no,0,0,yes,no,,0,,no,no,no
wpn_mp7_silencer_fire_plr_decay,raw\sound\wpn\pistol\decay\int\silenced\wpn_pistol_decay_silenced_int.LN65.pc.snd.wav.wav,,loaded,bus_fx,grp_weapon,snp_wpn_1p,,75,0,83,83,0,5000,5000,allon,default,allon,default,3,8,oldest,oldest,-50,50,90,90,0.25,1,2d,front_mostly,nonlooping,,1,0,0,0,0,0.25,no,no,none,0,,no,ringoff_plr,indoor,yes,no,no,0,0,yes,no,,0,,no,no,no
wpn_mp7_silencer_LFE,raw\sound\wpn\smg\mp7\plr\lfe\wpn_mp7_fire_lfe.LN65.pc.snd.wav.wav,wpn_mp7_silencer_fire_plr_decay,loaded,bus_hdrfx,grp_wpn_lfe,snp_wpn_1p,,0,0,86,86,0,5000,5000,allon,default,allon,default,1,2,priority,oldest,0,0,85,90,0.25,1,2d,lfe,nonlooping,,1,0,0,0,0,0.25,no,no,none,0,,no,,,no,no,no,0,0,yes,no,,0,,no,no,no
wpn_mp7_silencer_LFE_npc,raw\sound\wpn\smg\mp7\plr\lfe\wpn_mp7_fire_lfe.LN65.pc.snd.wav.wav,wpn_mp7_silencer_fire_npc_decay,loaded,bus_hdrfx,grp_wpn_lfe,snp_wpn_3p,,0,0,81,81,25,225,225,allon,default,allon,default,3,1,priority,oldest,0,0,40,90,0.25,0.75,3d,lfe,nonlooping,,1,0,0,0,0,0.25,no,no,none,0,,no,,,no,no,no,0,0,yes,no,,0,,no,no,no
wpn_qbb95_1straise_npc,raw\sound\fly\gear\rattle\fly_cloth_00.LN65.pc.snd.wav.wav,,loaded,bus_fx,grp_foley,snp_foley,,30,0,75,75,75,500,500,allon,default,allon,default,4,8,priority,oldest,-90,90,15,30,0.25,1,3d,default,nonlooping,,1,0,25,250,75,0.25,no,yes,none,0,,no,,,yes,no,no,0,0,yes,no,,0,,no,no,no
wpn_qbb95_1straise_npc,raw\sound\fly\gear\rattle\fly_cloth_01.LN65.pc.snd.wav.wav,,loaded,bus_fx,grp_foley,snp_foley,,30,0,75,75,75,500,500,allon,default,allon,default,4,8,priority,oldest,-90,90,15,30,0.25,1,3d,default,nonlooping,,1,0,25,250,75,0.25,no,yes,none,0,,no,,,yes,no,no,0,0,yes,no,,0,,no,no,no
wpn_qbb95_1straise_npc,raw\sound\fly\gear\rattle\fly_cloth_02.LN65.pc.snd.wav.wav,,loaded,bus_fx,grp_foley,snp_foley,,30,0,75,75,75,500,500,allon,default,allon,default,4,8,priority,oldest,-90,90,15,30,0.25,1,3d,default,nonlooping,,1,0,25,250,75,0.25,no,yes,none,0,,no,,,yes,no,no,0,0,yes,no,,0,,no,no,no
wpn_qbb95_1straise_npc,raw\sound\fly\gear\rattle\fly_cloth_03.LN65.pc.snd.wav.wav,,loaded,bus_fx,grp_foley,snp_foley,,30,0,75,75,75,500,500,allon,default,allon,default,4,8,priority,oldest,-90,90,15,30,0.25,1,3d,default,nonlooping,,1,0,25,250,75,0.25,no,yes,none,0,,no,,,yes,no,no,0,0,yes,no,,0,,no,no,no
wpn_qbb95_1straise_plr,raw\sound\fly\gear\rattle\fly_cloth_00.LN65.pc.snd.wav.wav,,loaded,bus_fx,grp_foley,snp_foley,,30,0,86,89,0,5000,5000,allon,default,allon,default,8,8,priority,oldest,-88,84,70,70,0.25,1,2d,front,nonlooping,,1,0,0,0,0,0.25,no,yes,none,0,,no,,,yes,no,no,0,0,yes,no,,0,,no,no,no
wpn_qbb95_1straise_plr,raw\sound\fly\gear\rattle\fly_cloth_01.LN65.pc.snd.wav.wav,,loaded,bus_fx,grp_foley,snp_foley,,30,0,86,89,0,5000,5000,allon,default,allon,default,8,8,priority,oldest,-88,84,70,70,0.25,1,2d,front,nonlooping,,1,0,0,0,0,0.25,no,yes,none,0,,no,,,yes,no,no,0,0,yes,no,,0,,no,no,no
wpn_qbb95_1straise_plr,raw\sound\fly\gear\rattle\fly_cloth_02.LN65.pc.snd.wav.wav,,loaded,bus_fx,grp_foley,snp_foley,,30,0,86,89,0,5000,5000,allon,default,allon,default,8,8,priority,oldest,-88,84,70,70,0.25,1,2d,front,nonlooping,,1,0,0,0,0,0.25,no,yes,none,0,,no,,,yes,no,no,0,0,yes,no,,0,,no,no,no
wpn_qbb95_1straise_plr,raw\sound\fly\gear\rattle\fly_cloth_03.LN65.pc.snd.wav.wav,,loaded,bus_fx,grp_foley,snp_foley,,30,0,86,89,0,5000,5000,allon,default,allon,default,8,8,priority,oldest,-88,84,70,70,0.25,1,2d,front,nonlooping,,1,0,0,0,0,0.25,no,yes,none,0,,no,,,yes,no,no,0,0,yes,no,,0,,no,no,no
wpn_qbb95_dryfire_npc,raw\sound\wpn\lmg\dry_fire\npc\dry_fire_00.LN65.pc.snd.wav.wav,,loaded,bus_fx,grp_weapon,snp_wpn_3p,,70,0,85,85,900,900,901,cosdelay,alloff,cosdelay,default,8,2,priority,oldest,-100,100,50,90,0.25,0.8,3d,default,nonlooping,pitch,1,0,0,0,0,0.25,no,no,none,0,,no,,,yes,no,no,0,0,yes,no,,0,,no,no,no
wpn_qbb95_dryfire_plr,raw\sound\wpn\lmg\dry_fire\plr\dry_fire_00.LN65.pc.snd.wav.wav,,loaded,bus_fx,grp_weapon,snp_wpn_1p,,70,0,93,93,0,5000,5000,allon,default,allon,default,2,8,oldest,oldest,0,0,90,90,0.25,1,2d,front_mostly,nonlooping,,1,0,0,0,0,0.25,no,no,none,0,,no,,,yes,no,no,0,0,yes,no,,0,,no,no,no
wpn_qbb95_pickup_npc,raw\sound\fly\pickups\weapon\fly_weapon_pickup_00.LN65.pc.snd.wav.wav,,loaded,bus_fx,grp_foley,snp_foley,,30,0,75,75,75,500,500,allon,default,allon,default,2,1,priority,reject,-50,50,15,30,0.25,1,3d,default,nonlooping,,1,0,25,250,75,0.25,no,yes,none,0,,no,,,yes,no,no,0,0,yes,no,,0,,no,no,no
wpn_qbb95_pickup_npc,raw\sound\fly\pickups\weapon\fly_weapon_pickup_01.LN65.pc.snd.wav.wav,,loaded,bus_fx,grp_foley,snp_foley,,30,0,75,75,75,500,500,allon,default,allon,default,2,1,priority,reject,-50,50,15,30,0.25,1,3d,default,nonlooping,,1,0,25,250,75,0.25,no,yes,none,0,,no,,,yes,no,no,0,0,yes,no,,0,,no,no,no
wpn_qbb95_pickup_plr,raw\sound\fly\pickups\weapon\fly_weapon_pickup_00.LN65.pc.snd.wav.wav,,loaded,bus_fx,grp_foley,snp_foley,,30,0,75,75,0,5000,5000,allon,default,allon,default,1,8,reject,oldest,-88,84,70,70,0.25,1,2d,front,nonlooping,,1,0,0,0,0,0.25,no,yes,none,0,,no,,,yes,no,no,0,0,yes,no,,0,,no,no,no
wpn_qbb95_pickup_plr,raw\sound\fly\pickups\weapon\fly_weapon_pickup_01.LN65.pc.snd.wav.wav,,loaded,bus_fx,grp_foley,snp_foley,,30,0,75,75,0,5000,5000,allon,default,allon,default,1,8,reject,oldest,-88,84,70,70,0.25,1,2d,front,nonlooping,,1,0,0,0,0,0.25,no,yes,none,0,,no,,,yes,no,no,0,0,yes,no,,0,,no,no,no
wpn_qbb95_raise_npc,raw\sound\fly\gear\rattle\fly_cloth_00.LN65.pc.snd.wav.wav,,loaded,bus_fx,grp_foley,snp_foley,,30,0,75,75,75,500,500,allon,default,allon,default,4,8,priority,oldest,-90,90,15,30,0.25,1,3d,default,nonlooping,,1,0,25,250,75,0.25,no,yes,none,0,,no,,,yes,no,no,0,0,yes,no,,0,,no,no,no
wpn_qbb95_raise_npc,raw\sound\fly\gear\rattle\fly_cloth_01.LN65.pc.snd.wav.wav,,loaded,bus_fx,grp_foley,snp_foley,,30,0,75,75,75,500,500,allon,default,allon,default,4,8,priority,oldest,-90,90,15,30,0.25,1,3d,default,nonlooping,,1,0,25,250,75,0.25,no,yes,none,0,,no,,,yes,no,no,0,0,yes,no,,0,,no,no,no
wpn_qbb95_raise_npc,raw\sound\fly\gear\rattle\fly_cloth_02.LN65.pc.snd.wav.wav,,loaded,bus_fx,grp_foley,snp_foley,,30,0,75,75,75,500,500,allon,default,allon,default,4,8,priority,oldest,-90,90,15,30,0.25,1,3d,default,nonlooping,,1,0,25,250,75,0.25,no,yes,none,0,,no,,,yes,no,no,0,0,yes,no,,0,,no,no,no
wpn_qbb95_raise_npc,raw\sound\fly\gear\rattle\fly_cloth_03.LN65.pc.snd.wav.wav,,loaded,bus_fx,grp_foley,snp_foley,,30,0,75,75,75,500,500,allon,default,allon,default,4,8,priority,oldest,-90,90,15,30,0.25,1,3d,default,nonlooping,,1,0,25,250,75,0.25,no,yes,none,0,,no,,,yes,no,no,0,0,yes,no,,0,,no,no,no
wpn_qbb95_raise_plr,raw\sound\fly\gear\rattle\fly_cloth_00.LN65.pc.snd.wav.wav,,loaded,bus_fx,grp_foley,snp_foley,,30,0,86,89,0,5000,5000,allon,default,allon,default,8,8,priority,oldest,-88,84,70,70,0.25,1,2d,front,nonlooping,,1,0,0,0,0,0.25,no,yes,none,0,,no,,,yes,no,no,0,0,yes,no,,0,,no,no,no
wpn_qbb95_raise_plr,raw\sound\fly\gear\rattle\fly_cloth_01.LN65.pc.snd.wav.wav,,loaded,bus_fx,grp_foley,snp_foley,,30,0,86,89,0,5000,5000,allon,default,allon,default,8,8,priority,oldest,-88,84,70,70,0.25,1,2d,front,nonlooping,,1,0,0,0,0,0.25,no,yes,none,0,,no,,,yes,no,no,0,0,yes,no,,0,,no,no,no
wpn_qbb95_raise_plr,raw\sound\fly\gear\rattle\fly_cloth_02.LN65.pc.snd.wav.wav,,loaded,bus_fx,grp_foley,snp_foley,,30,0,86,89,0,5000,5000,allon,default,allon,default,8,8,priority,oldest,-88,84,70,70,0.25,1,2d,front,nonlooping,,1,0,0,0,0,0.25,no,yes,none,0,,no,,,yes,no,no,0,0,yes,no,,0,,no,no,no
wpn_qbb95_raise_plr,raw\sound\fly\gear\rattle\fly_cloth_03.LN65.pc.snd.wav.wav,,loaded,bus_fx,grp_foley,snp_foley,,30,0,86,89,0,5000,5000,allon,default,allon,default,8,8,priority,oldest,-88,84,70,70,0.25,1,2d,front,nonlooping,,1,0,0,0,0,0.25,no,yes,none,0,,no,,,yes,no,no,0,0,yes,no,,0,,no,no,no
wpn_qbb95_silencer_fire_npc,raw\sound\wpn\lmg\lsat\plr\shot\silenced\wpn_lsat_sil_shot_plr.LN65.pc.snd.wav.wav,wpn_qbb95_silencer_LFE_npc,loaded,bus_fx,grp_weapon,snp_wpn_3p,,0,0,85,85,900,900,901,cosdelay,alloff,cosdelay,default,8,2,priority,oldest,-50,50,40,90,0.25,0.8,3d,default,nonlooping,,1,0,0,0,0,0.25,no,no,none,0,,no,,,yes,no,no,0,0,yes,no,,0,,no,no,no
wpn_qbb95_silencer_fire_npc_decay,raw\sound\wpn\assault\decay\int\silenced\wpn_aslt_decay_silenced_int.LN65.pc.snd.wav.wav,,loaded,bus_fx,grp_weapon,snp_wpn_3p,,55,0,67,67,50,900,900,allon,default,rcurve1,default,3,1,priority,oldest,-100,100,20,70,0.15,1,3d,quad,nonlooping,,1,0,0,0,0,0.25,no,no,none,0,,no,ringoff_plr,indoor,yes,no,no,0,0,yes,no,,0,,no,no,no
wpn_qbb95_silencer_fire_npc_decay,raw\sound\wpn\pistol\decay\ext\silenced\wpn_pistol_decay_silenced_ext.LN65.pc.snd.wav.wav,,loaded,bus_fx,grp_weapon,snp_wpn_3p,,55,0,77,77,50,900,900,allon,default,rcurve1,default,3,1,priority,oldest,-100,100,20,70,0.15,1,3d,quad,nonlooping,,1,0,0,0,0,0.25,no,no,none,0,,no,ringoff_plr,outdoor,yes,no,no,0,0,yes,no,,0,,no,no,no
wpn_qbb95_silencer_fire_plr,raw\sound\wpn\lmg\lsat\plr\shot\silenced\wpn_lsat_sil_shot_plr.LN65.pc.snd.wav.wav,wpn_qbb95_silencer_LFE,loaded,bus_fx,grp_weapon,snp_wpn_1p,@36b86475,0,0,93,93,0,5000,5000,allon,default,allon,default,3,8,oldest,oldest,-50,50,90,90,0.25,1,2d,front_mostly,nonlooping,,1,0,0,0,0,0.25,no,no,none,0,,no,,,yes,no,no,0,0,yes,no,,0,,no,no,no
wpn_qbb95_silencer_fire_plr_decay,raw\sound\wpn\assault\decay\int\silenced\wpn_aslt_decay_silenced_int.LN65.pc.snd.wav.wav,,loaded,bus_fx,grp_weapon,snp_wpn_1p,,75,0,83,83,0,5000,5000,allon,default,allon,default,3,8,oldest,oldest,-50,50,90,90,0.25,1,2d,front_mostly,nonlooping,,1,0,0,0,0,0.25,no,no,none,0,,no,ringoff_plr,indoor,yes,no,no,0,0,yes,no,,0,,no,no,no
wpn_qbb95_silencer_fire_plr_decay,raw\sound\wpn\pistol\decay\ext\silenced\wpn_pistol_decay_silenced_ext.LN65.pc.snd.wav.wav,,loaded,bus_fx,grp_weapon,snp_wpn_1p,,70,0,83,83,0,5000,5000,allon,default,allon,default,3,8,oldest,oldest,-50,50,90,90,0.25,1,2d,front_mostly,nonlooping,,1,0,0,0,0,0.25,no,no,none,0,,no,ringoff_plr,outdoor,yes,no,no,0,0,yes,no,,0,,no,no,no
wpn_qbb95_silencer_lfe,raw\sound\wpn\smg\mp7\plr\lfe\wpn_mp7_fire_lfe.LN65.pc.snd.wav.wav,wpn_qbb95_silencer_fire_plr_decay,loaded,bus_hdrfx,grp_wpn_lfe,snp_wpn_1p,,0,0,86,86,0,5000,5000,allon,default,allon,default,8,2,priority,oldest,0,0,85,90,0.25,1,2d,lfe,nonlooping,,1,0,0,0,0,0.25,no,no,none,0,,no,,,no,no,no,0,0,yes,no,,0,,no,no,no
wpn_qbb95_silencer_LFE_npc,raw\sound\wpn\smg\mp7\plr\lfe\wpn_mp7_fire_lfe.LN65.pc.snd.wav.wav,wpn_qbb95_silencer_fire_npc_decay,loaded,bus_hdrfx,grp_wpn_lfe,snp_wpn_3p,,0,0,81,81,25,225,225,allon,default,allon,default,3,1,priority,oldest,0,0,40,90,0.25,0.75,3d,lfe,nonlooping,,1,0,0,0,0,0.25,no,no,none,0,,no,,,no,no,no,0,0,yes,no,,0,,no,no,no
wpn_sa58_1straise_npc,raw\sound\fly\gear\rattle\fly_cloth_00.LN65.pc.snd.wav.wav,,loaded,bus_fx,grp_foley,snp_foley,,30,0,75,75,75,500,500,allon,default,allon,default,4,8,priority,oldest,-90,90,15,30,0.25,1,3d,default,nonlooping,,1,0,25,250,75,0.25,no,yes,none,0,,no,,,yes,no,no,0,0,yes,no,,0,,no,no,no
wpn_sa58_1straise_npc,raw\sound\fly\gear\rattle\fly_cloth_01.LN65.pc.snd.wav.wav,,loaded,bus_fx,grp_foley,snp_foley,,30,0,75,75,75,500,500,allon,default,allon,default,4,8,priority,oldest,-90,90,15,30,0.25,1,3d,default,nonlooping,,1,0,25,250,75,0.25,no,yes,none,0,,no,,,yes,no,no,0,0,yes,no,,0,,no,no,no
wpn_sa58_1straise_npc,raw\sound\fly\gear\rattle\fly_cloth_02.LN65.pc.snd.wav.wav,,loaded,bus_fx,grp_foley,snp_foley,,30,0,75,75,75,500,500,allon,default,allon,default,4,8,priority,oldest,-90,90,15,30,0.25,1,3d,default,nonlooping,,1,0,25,250,75,0.25,no,yes,none,0,,no,,,yes,no,no,0,0,yes,no,,0,,no,no,no
wpn_sa58_1straise_npc,raw\sound\fly\gear\rattle\fly_cloth_03.LN65.pc.snd.wav.wav,,loaded,bus_fx,grp_foley,snp_foley,,30,0,75,75,75,500,500,allon,default,allon,default,4,8,priority,oldest,-90,90,15,30,0.25,1,3d,default,nonlooping,,1,0,25,250,75,0.25,no,yes,none,0,,no,,,yes,no,no,0,0,yes,no,,0,,no,no,no
wpn_sa58_1straise_plr,raw\sound\fly\gear\rattle\fly_cloth_00.LN65.pc.snd.wav.wav,,loaded,bus_fx,grp_foley,snp_foley,,30,0,86,89,0,5000,5000,allon,default,allon,default,8,8,priority,oldest,-88,84,70,70,0.25,1,2d,front,nonlooping,,1,0,0,0,0,0.25,no,yes,none,0,,no,,,yes,no,no,0,0,yes,no,,0,,no,no,no
wpn_sa58_1straise_plr,raw\sound\fly\gear\rattle\fly_cloth_01.LN65.pc.snd.wav.wav,,loaded,bus_fx,grp_foley,snp_foley,,30,0,86,89,0,5000,5000,allon,default,allon,default,8,8,priority,oldest,-88,84,70,70,0.25,1,2d,front,nonlooping,,1,0,0,0,0,0.25,no,yes,none,0,,no,,,yes,no,no,0,0,yes,no,,0,,no,no,no
wpn_sa58_1straise_plr,raw\sound\fly\gear\rattle\fly_cloth_02.LN65.pc.snd.wav.wav,,loaded,bus_fx,grp_foley,snp_foley,,30,0,86,89,0,5000,5000,allon,default,allon,default,8,8,priority,oldest,-88,84,70,70,0.25,1,2d,front,nonlooping,,1,0,0,0,0,0.25,no,yes,none,0,,no,,,yes,no,no,0,0,yes,no,,0,,no,no,no
wpn_sa58_1straise_plr,raw\sound\fly\gear\rattle\fly_cloth_03.LN65.pc.snd.wav.wav,,loaded,bus_fx,grp_foley,snp_foley,,30,0,86,89,0,5000,5000,allon,default,allon,default,8,8,priority,oldest,-88,84,70,70,0.25,1,2d,front,nonlooping,,1,0,0,0,0,0.25,no,yes,none,0,,no,,,yes,no,no,0,0,yes,no,,0,,no,no,no
wpn_sa58_dryfire_npc,raw\sound\wpn\assault\dry_fire\npc\dry_fire_00.LN65.pc.snd.wav.wav,,loaded,bus_fx,grp_weapon,snp_wpn_3p,,55,0,82,82,900,900,901,cosdelay,alloff,cosdelay,default,8,2,priority,oldest,-125,125,40,90,0.25,0.8,3d,default,nonlooping,,1,0,0,0,0,0.25,no,no,none,0,,no,,,yes,no,no,0,0,yes,no,,0,,no,no,no
wpn_sa58_dryfire_plr,raw\sound\wpn\assault\dry_fire\plr\dry_fire_00.LN65.pc.snd.wav.wav,,loaded,bus_fx,grp_weapon,snp_wpn_1p,,65,0,93,93,0,5000,5000,allon,default,allon,default,3,8,oldest,oldest,0,0,90,90,0.25,1,2d,front_mostly,nonlooping,,1,0,0,0,0,0.25,no,no,none,0,,no,,,yes,no,no,0,0,yes,no,,0,,no,no,no
wpn_sa58_pickup_npc,raw\sound\fly\pickups\weapon\fly_weapon_pickup_00.LN65.pc.snd.wav.wav,,loaded,bus_fx,grp_foley,snp_foley,,30,0,75,75,75,500,500,allon,default,allon,default,2,1,priority,reject,-50,50,15,30,0.25,1,3d,default,nonlooping,,1,0,25,250,75,0.25,no,yes,none,0,,no,,,yes,no,no,0,0,yes,no,,0,,no,no,no
wpn_sa58_pickup_npc,raw\sound\fly\pickups\weapon\fly_weapon_pickup_01.LN65.pc.snd.wav.wav,,loaded,bus_fx,grp_foley,snp_foley,,30,0,75,75,75,500,500,allon,default,allon,default,2,1,priority,reject,-50,50,15,30,0.25,1,3d,default,nonlooping,,1,0,25,250,75,0.25,no,yes,none,0,,no,,,yes,no,no,0,0,yes,no,,0,,no,no,no
wpn_sa58_pickup_plr,raw\sound\fly\pickups\weapon\fly_weapon_pickup_00.LN65.pc.snd.wav.wav,,loaded,bus_fx,grp_foley,snp_foley,,30,0,75,75,0,5000,5000,allon,default,allon,default,1,8,reject,oldest,-88,84,70,70,0.25,1,2d,front,nonlooping,,1,0,0,0,0,0.25,no,yes,none,0,,no,,,yes,no,no,0,0,yes,no,,0,,no,no,no
wpn_sa58_pickup_plr,raw\sound\fly\pickups\weapon\fly_weapon_pickup_01.LN65.pc.snd.wav.wav,,loaded,bus_fx,grp_foley,snp_foley,,30,0,75,75,0,5000,5000,allon,default,allon,default,1,8,reject,oldest,-88,84,70,70,0.25,1,2d,front,nonlooping,,1,0,0,0,0,0.25,no,yes,none,0,,no,,,yes,no,no,0,0,yes,no,,0,,no,no,no
wpn_sa58_raise_npc,raw\sound\fly\gear\rattle\fly_cloth_00.LN65.pc.snd.wav.wav,,loaded,bus_fx,grp_foley,snp_foley,,30,0,75,75,75,500,500,allon,default,allon,default,4,8,priority,oldest,-90,90,15,30,0.25,1,3d,default,nonlooping,,1,0,25,250,75,0.25,no,yes,none,0,,no,,,yes,no,no,0,0,yes,no,,0,,no,no,no
wpn_sa58_raise_npc,raw\sound\fly\gear\rattle\fly_cloth_01.LN65.pc.snd.wav.wav,,loaded,bus_fx,grp_foley,snp_foley,,30,0,75,75,75,500,500,allon,default,allon,default,4,8,priority,oldest,-90,90,15,30,0.25,1,3d,default,nonlooping,,1,0,25,250,75,0.25,no,yes,none,0,,no,,,yes,no,no,0,0,yes,no,,0,,no,no,no
wpn_sa58_raise_npc,raw\sound\fly\gear\rattle\fly_cloth_02.LN65.pc.snd.wav.wav,,loaded,bus_fx,grp_foley,snp_foley,,30,0,75,75,75,500,500,allon,default,allon,default,4,8,priority,oldest,-90,90,15,30,0.25,1,3d,default,nonlooping,,1,0,25,250,75,0.25,no,yes,none,0,,no,,,yes,no,no,0,0,yes,no,,0,,no,no,no
wpn_sa58_raise_npc,raw\sound\fly\gear\rattle\fly_cloth_03.LN65.pc.snd.wav.wav,,loaded,bus_fx,grp_foley,snp_foley,,30,0,75,75,75,500,500,allon,default,allon,default,4,8,priority,oldest,-90,90,15,30,0.25,1,3d,default,nonlooping,,1,0,25,250,75,0.25,no,yes,none,0,,no,,,yes,no,no,0,0,yes,no,,0,,no,no,no
wpn_sa58_raise_plr,raw\sound\fly\gear\rattle\fly_cloth_00.LN65.pc.snd.wav.wav,,loaded,bus_fx,grp_foley,snp_foley,,30,0,86,89,0,5000,5000,allon,default,allon,default,8,8,priority,oldest,-88,84,70,70,0.25,1,2d,front,nonlooping,,1,0,0,0,0,0.25,no,yes,none,0,,no,,,yes,no,no,0,0,yes,no,,0,,no,no,no
wpn_sa58_raise_plr,raw\sound\fly\gear\rattle\fly_cloth_01.LN65.pc.snd.wav.wav,,loaded,bus_fx,grp_foley,snp_foley,,30,0,86,89,0,5000,5000,allon,default,allon,default,8,8,priority,oldest,-88,84,70,70,0.25,1,2d,front,nonlooping,,1,0,0,0,0,0.25,no,yes,none,0,,no,,,yes,no,no,0,0,yes,no,,0,,no,no,no
wpn_sa58_raise_plr,raw\sound\fly\gear\rattle\fly_cloth_02.LN65.pc.snd.wav.wav,,loaded,bus_fx,grp_foley,snp_foley,,30,0,86,89,0,5000,5000,allon,default,allon,default,8,8,priority,oldest,-88,84,70,70,0.25,1,2d,front,nonlooping,,1,0,0,0,0,0.25,no,yes,none,0,,no,,,yes,no,no,0,0,yes,no,,0,,no,no,no
wpn_sa58_raise_plr,raw\sound\fly\gear\rattle\fly_cloth_03.LN65.pc.snd.wav.wav,,loaded,bus_fx,grp_foley,snp_foley,,30,0,86,89,0,5000,5000,allon,default,allon,default,8,8,priority,oldest,-88,84,70,70,0.25,1,2d,front,nonlooping,,1,0,0,0,0,0.25,no,yes,none,0,,no,,,yes,no,no,0,0,yes,no,,0,,no,no,no
wpn_sa58_silencer_fire_npc,raw\sound\wpn\assault\m27\plr\shot\silenced\wpn_m27_sil_shot_plr.LN65.pc.snd.wav.wav,wpn_sa58_silencer_LFE_npc,loaded,bus_fx,grp_weapon,snp_wpn_3p,,0,0,82,82,900,900,901,cosdelay,alloff,cosdelay,default,8,2,priority,oldest,-50,50,40,90,0.25,0.8,3d,default,nonlooping,,1,0,0,0,0,0.25,no,no,none,0,,no,,,yes,no,no,0,0,yes,no,,0,,no,no,no
wpn_sa58_silencer_fire_npc_decay,raw\sound\wpn\assault\decay\int\silenced\wpn_aslt_decay_silenced_int.LN65.pc.snd.wav.wav,,loaded,bus_fx,grp_weapon,snp_wpn_3p,,55,0,67,67,50,900,900,allon,default,rcurve1,default,3,1,priority,oldest,-100,100,20,70,0.15,1,3d,quad,nonlooping,,1,0,0,0,0,0.25,no,no,none,0,,no,ringoff_plr,indoor,yes,no,no,0,0,yes,no,,0,,no,no,no
wpn_sa58_silencer_fire_npc_decay,raw\sound\wpn\pistol\decay\ext\silenced\wpn_pistol_decay_silenced_ext.LN65.pc.snd.wav.wav,,loaded,bus_fx,grp_weapon,snp_wpn_3p,,55,0,77,77,50,900,900,allon,default,rcurve1,default,3,1,priority,oldest,-100,100,20,70,0.15,1,3d,quad,nonlooping,,1,0,0,0,0,0.25,no,no,none,0,,no,ringoff_plr,outdoor,yes,no,no,0,0,yes,no,,0,,no,no,no
wpn_sa58_silencer_fire_plr,raw\sound\wpn\assault\m27\plr\shot\silenced\wpn_m27_sil_shot_plr.LN65.pc.snd.wav.wav,wpn_sa58_silencer_LFE,loaded,bus_fx,grp_weapon,snp_wpn_1p,@36b86475,0,0,93,93,0,5000,5000,allon,default,allon,default,3,8,oldest,oldest,-50,50,90,90,0.25,1,2d,front_mostly,nonlooping,,1,0,0,0,0,0.25,no,no,none,0,,no,,,yes,no,no,0,0,yes,no,,0,,no,no,no
wpn_sa58_silencer_fire_plr_decay,raw\sound\wpn\assault\decay\int\silenced\wpn_aslt_decay_silenced_int.LN65.pc.snd.wav.wav,,loaded,bus_fx,grp_weapon,snp_wpn_1p,,75,0,83,83,0,5000,5000,allon,default,allon,default,3,8,oldest,oldest,-50,50,90,90,0.25,1,2d,front_mostly,nonlooping,,1,0,0,0,0,0.25,no,no,none,0,,no,ringoff_plr,indoor,yes,no,no,0,0,yes,no,,0,,no,no,no
wpn_sa58_silencer_fire_plr_decay,raw\sound\wpn\pistol\decay\ext\silenced\wpn_pistol_decay_silenced_ext.LN65.pc.snd.wav.wav,,loaded,bus_fx,grp_weapon,snp_wpn_1p,,70,0,83,83,0,5000,5000,allon,default,allon,default,3,8,oldest,oldest,-50,50,90,90,0.25,1,2d,front_mostly,nonlooping,,1,0,0,0,0,0.25,no,no,none,0,,no,ringoff_plr,outdoor,yes,no,no,0,0,yes,no,,0,,no,no,no
wpn_sa58_silencer_lfe,raw\sound\wpn\smg\mp7\plr\lfe\wpn_mp7_fire_lfe.LN65.pc.snd.wav.wav,wpn_sa58_silencer_fire_plr_decay,loaded,bus_hdrfx,grp_wpn_lfe,snp_wpn_1p,,0,0,86,86,0,5000,5000,allon,default,allon,default,8,2,priority,oldest,0,0,85,90,0.25,1,2d,lfe,nonlooping,,1,0,0,0,0,0.25,no,no,none,0,,no,,,no,no,no,0,0,yes,no,,0,,no,no,no
wpn_sa58_silencer_LFE_npc,raw\sound\wpn\smg\mp7\plr\lfe\wpn_mp7_fire_lfe.LN65.pc.snd.wav.wav,wpn_sa58_silencer_fire_npc_decay,loaded,bus_hdrfx,grp_wpn_lfe,snp_wpn_3p,,0,0,81,81,25,225,225,allon,default,allon,default,3,1,priority,oldest,0,0,40,90,0.25,0.75,3d,lfe,nonlooping,,1,0,0,0,0,0.25,no,no,none,0,,no,,,no,no,no,0,0,yes,no,,0,,no,no,no
wpn_vector_1straise_npc,raw\sound\fly\gear\rattle\fly_cloth_00.LN65.pc.snd.wav.wav,,loaded,bus_fx,grp_foley,snp_foley,,30,0,75,75,75,500,500,allon,default,allon,default,4,8,priority,oldest,-90,90,15,30,0.25,1,3d,default,nonlooping,,1,0,25,250,75,0.25,no,yes,none,0,,no,,,yes,no,no,0,0,yes,no,,0,,no,no,no
wpn_vector_1straise_npc,raw\sound\fly\gear\rattle\fly_cloth_01.LN65.pc.snd.wav.wav,,loaded,bus_fx,grp_foley,snp_foley,,30,0,75,75,75,500,500,allon,default,allon,default,4,8,priority,oldest,-90,90,15,30,0.25,1,3d,default,nonlooping,,1,0,25,250,75,0.25,no,yes,none,0,,no,,,yes,no,no,0,0,yes,no,,0,,no,no,no
wpn_vector_1straise_npc,raw\sound\fly\gear\rattle\fly_cloth_02.LN65.pc.snd.wav.wav,,loaded,bus_fx,grp_foley,snp_foley,,30,0,75,75,75,500,500,allon,default,allon,default,4,8,priority,oldest,-90,90,15,30,0.25,1,3d,default,nonlooping,,1,0,25,250,75,0.25,no,yes,none,0,,no,,,yes,no,no,0,0,yes,no,,0,,no,no,no
wpn_vector_1straise_npc,raw\sound\fly\gear\rattle\fly_cloth_03.LN65.pc.snd.wav.wav,,loaded,bus_fx,grp_foley,snp_foley,,30,0,75,75,75,500,500,allon,default,allon,default,4,8,priority,oldest,-90,90,15,30,0.25,1,3d,default,nonlooping,,1,0,25,250,75,0.25,no,yes,none,0,,no,,,yes,no,no,0,0,yes,no,,0,,no,no,no
wpn_vector_1straise_plr,raw\sound\fly\gear\rattle\fly_cloth_00.LN65.pc.snd.wav.wav,,loaded,bus_fx,grp_foley,snp_foley,,30,0,86,89,0,5000,5000,allon,default,allon,default,8,8,priority,oldest,-88,84,70,70,0.25,1,2d,front,nonlooping,,1,0,0,0,0,0.25,no,yes,none,0,,no,,,yes,no,no,0,0,yes,no,,0,,no,no,no
wpn_vector_1straise_plr,raw\sound\fly\gear\rattle\fly_cloth_01.LN65.pc.snd.wav.wav,,loaded,bus_fx,grp_foley,snp_foley,,30,0,86,89,0,5000,5000,allon,default,allon,default,8,8,priority,oldest,-88,84,70,70,0.25,1,2d,front,nonlooping,,1,0,0,0,0,0.25,no,yes,none,0,,no,,,yes,no,no,0,0,yes,no,,0,,no,no,no
wpn_vector_1straise_plr,raw\sound\fly\gear\rattle\fly_cloth_02.LN65.pc.snd.wav.wav,,loaded,bus_fx,grp_foley,snp_foley,,30,0,86,89,0,5000,5000,allon,default,allon,default,8,8,priority,oldest,-88,84,70,70,0.25,1,2d,front,nonlooping,,1,0,0,0,0,0.25,no,yes,none,0,,no,,,yes,no,no,0,0,yes,no,,0,,no,no,no
wpn_vector_1straise_plr,raw\sound\fly\gear\rattle\fly_cloth_03.LN65.pc.snd.wav.wav,,loaded,bus_fx,grp_foley,snp_foley,,30,0,86,89,0,5000,5000,allon,default,allon,default,8,8,priority,oldest,-88,84,70,70,0.25,1,2d,front,nonlooping,,1,0,0,0,0,0.25,no,yes,none,0,,no,,,yes,no,no,0,0,yes,no,,0,,no,no,no
wpn_vector_dryfire_npc,raw\sound\wpn\smg\dry_fire\plr\dry_fire_plr.LN65.pc.snd.wav.wav,,loaded,bus_fx,grp_weapon,snp_wpn_3p,,55,0,87,87,900,900,900,cosdelay,alloff,cosdelay,default,8,3,priority,oldest,-150,150,20,90,0.25,0.8,3d,default,nonlooping,,1,0,0,0,0,0.25,no,no,none,0,,no,,,yes,no,no,0,0,yes,no,,0,,no,no,no
wpn_vector_dryfire_plr,raw\sound\wpn\smg\dry_fire\plr\dry_fire_plr.LN65.pc.snd.wav.wav,,loaded,bus_fx,grp_weapon,snp_wpn_1p,,65,0,93,93,0,5000,5000,allon,default,allon,default,2,8,oldest,oldest,-80,80,90,90,0.25,1,2d,front_mostly,nonlooping,,1,0,0,0,0,0.25,no,no,none,0,,no,,,yes,no,no,0,0,yes,no,,0,,no,no,no
wpn_vector_fire_plr_lh,raw\sound\wpn\smg\vectork10\plr\shot\wpn_vectork10_shot_plr.LN65.pc.snd.wav,wpn_vector_LFE,loaded,bus_fx,grp_weapon,snp_wpn_1p,,65,0,93,93,0,5000,5000,allon,default,allon,default,2,8,oldest,oldest,-80,80,90,90,0.25,1,2d,wpn_left,nonlooping,,1,0,0,0,0,0.25,no,no,none,0,,no,,,yes,no,no,0,0,yes,no,,0,,no,no,no
wpn_vector_fire_plr_rh,raw\sound\wpn\smg\vectork10\plr\shot\wpn_vectork10_shot_plr.LN65.pc.snd.wav,wpn_vector_LFE,loaded,bus_fx,grp_weapon,snp_wpn_1p,,65,0,93,93,0,5000,5000,allon,default,allon,default,2,8,oldest,oldest,-80,80,90,90,0.25,1,2d,wpn_right,nonlooping,,1,0,0,0,0,0.25,no,no,none,0,,no,,,yes,no,no,0,0,yes,no,,0,,no,no,no
wpn_vector_pickup_npc,raw\sound\fly\pickups\weapon\fly_weapon_pickup_00.LN65.pc.snd.wav.wav,,loaded,bus_fx,grp_foley,snp_foley,,30,0,75,75,75,500,500,allon,default,allon,default,2,1,priority,reject,-50,50,15,30,0.25,1,3d,default,nonlooping,,1,0,25,250,75,0.25,no,yes,none,0,,no,,,yes,no,no,0,0,yes,no,,0,,no,no,no
wpn_vector_pickup_npc,raw\sound\fly\pickups\weapon\fly_weapon_pickup_01.LN65.pc.snd.wav.wav,,loaded,bus_fx,grp_foley,snp_foley,,30,0,75,75,75,500,500,allon,default,allon,default,2,1,priority,reject,-50,50,15,30,0.25,1,3d,default,nonlooping,,1,0,25,250,75,0.25,no,yes,none,0,,no,,,yes,no,no,0,0,yes,no,,0,,no,no,no
wpn_vector_pickup_plr,raw\sound\fly\pickups\weapon\fly_weapon_pickup_00.LN65.pc.snd.wav.wav,,loaded,bus_fx,grp_foley,snp_foley,,30,0,75,75,0,5000,5000,allon,default,allon,default,1,8,reject,oldest,-88,84,70,70,0.25,1,2d,front,nonlooping,,1,0,0,0,0,0.25,no,yes,none,0,,no,,,yes,no,no,0,0,yes,no,,0,,no,no,no
wpn_vector_pickup_plr,raw\sound\fly\pickups\weapon\fly_weapon_pickup_01.LN65.pc.snd.wav.wav,,loaded,bus_fx,grp_foley,snp_foley,,30,0,75,75,0,5000,5000,allon,default,allon,default,1,8,reject,oldest,-88,84,70,70,0.25,1,2d,front,nonlooping,,1,0,0,0,0,0.25,no,yes,none,0,,no,,,yes,no,no,0,0,yes,no,,0,,no,no,no
wpn_vector_raise_npc,raw\sound\fly\gear\rattle\fly_cloth_00.LN65.pc.snd.wav.wav,,loaded,bus_fx,grp_foley,snp_foley,,30,0,75,75,75,500,500,allon,default,allon,default,4,8,priority,oldest,-90,90,15,30,0.25,1,3d,default,nonlooping,,1,0,25,250,75,0.25,no,yes,none,0,,no,,,yes,no,no,0,0,yes,no,,0,,no,no,no
wpn_vector_raise_npc,raw\sound\fly\gear\rattle\fly_cloth_01.LN65.pc.snd.wav.wav,,loaded,bus_fx,grp_foley,snp_foley,,30,0,75,75,75,500,500,allon,default,allon,default,4,8,priority,oldest,-90,90,15,30,0.25,1,3d,default,nonlooping,,1,0,25,250,75,0.25,no,yes,none,0,,no,,,yes,no,no,0,0,yes,no,,0,,no,no,no
wpn_vector_raise_npc,raw\sound\fly\gear\rattle\fly_cloth_02.LN65.pc.snd.wav.wav,,loaded,bus_fx,grp_foley,snp_foley,,30,0,75,75,75,500,500,allon,default,allon,default,4,8,priority,oldest,-90,90,15,30,0.25,1,3d,default,nonlooping,,1,0,25,250,75,0.25,no,yes,none,0,,no,,,yes,no,no,0,0,yes,no,,0,,no,no,no
wpn_vector_raise_npc,raw\sound\fly\gear\rattle\fly_cloth_03.LN65.pc.snd.wav.wav,,loaded,bus_fx,grp_foley,snp_foley,,30,0,75,75,75,500,500,allon,default,allon,default,4,8,priority,oldest,-90,90,15,30,0.25,1,3d,default,nonlooping,,1,0,25,250,75,0.25,no,yes,none,0,,no,,,yes,no,no,0,0,yes,no,,0,,no,no,no
wpn_vector_raise_plr,raw\sound\fly\gear\rattle\fly_cloth_00.LN65.pc.snd.wav.wav,,loaded,bus_fx,grp_foley,snp_foley,,30,0,86,89,0,5000,5000,allon,default,allon,default,8,8,priority,oldest,-88,84,70,70,0.25,1,2d,front,nonlooping,,1,0,0,0,0,0.25,no,yes,none,0,,no,,,yes,no,no,0,0,yes,no,,0,,no,no,no
wpn_vector_raise_plr,raw\sound\fly\gear\rattle\fly_cloth_01.LN65.pc.snd.wav.wav,,loaded,bus_fx,grp_foley,snp_foley,,30,0,86,89,0,5000,5000,allon,default,allon,default,8,8,priority,oldest,-88,84,70,70,0.25,1,2d,front,nonlooping,,1,0,0,0,0,0.25,no,yes,none,0,,no,,,yes,no,no,0,0,yes,no,,0,,no,no,no
wpn_vector_raise_plr,raw\sound\fly\gear\rattle\fly_cloth_02.LN65.pc.snd.wav.wav,,loaded,bus_fx,grp_foley,snp_foley,,30,0,86,89,0,5000,5000,allon,default,allon,default,8,8,priority,oldest,-88,84,70,70,0.25,1,2d,front,nonlooping,,1,0,0,0,0,0.25,no,yes,none,0,,no,,,yes,no,no,0,0,yes,no,,0,,no,no,no
wpn_vector_raise_plr,raw\sound\fly\gear\rattle\fly_cloth_03.LN65.pc.snd.wav.wav,,loaded,bus_fx,grp_foley,snp_foley,,30,0,86,89,0,5000,5000,allon,default,allon,default,8,8,priority,oldest,-88,84,70,70,0.25,1,2d,front,nonlooping,,1,0,0,0,0,0.25,no,yes,none,0,,no,,,yes,no,no,0,0,yes,no,,0,,no,no,no
wpn_vector_silencer_fire_npc,raw\sound\wpn\smg\msmc\plr\shot\silenced\wpn_msmc_sil_shot_plr.LN65.pc.snd.wav.wav,wpn_vector_silencer_LFE_npc,loaded,bus_fx,grp_weapon,snp_wpn_3p,,0,0,85,85,700,700,700,cosdelay,alloff,cosdelay,default,8,3,priority,oldest,-50,50,20,90,0.25,0.8,3d,default,nonlooping,,1,0,0,0,0,0.25,no,no,none,0,,no,,,yes,no,no,0,0,yes,no,,0,,no,no,no
wpn_vector_silencer_fire_npc_decay,raw\sound\wpn\pistol\decay\ext\silenced\wpn_pistol_decay_silenced_ext.LN65.pc.snd.wav.wav,,loaded,bus_fx,grp_weapon,snp_wpn_3p,,55,0,75,75,50,900,900,allon,default,rcurve1,default,10,1,reject,oldest,-100,100,20,70,0.15,1,3d,quad,nonlooping,,1,0,0,0,0,0.25,no,no,none,0,,no,ringoff_plr,outdoor,yes,no,no,0,0,yes,no,,0,,no,no,no
wpn_vector_silencer_fire_npc_decay,raw\sound\wpn\pistol\decay\int\silenced\wpn_pistol_decay_silenced_int.LN65.pc.snd.wav.wav,,loaded,bus_fx,grp_weapon,snp_wpn_3p,,55,0,75,75,50,900,900,allon,default,rcurve1,default,10,1,reject,oldest,-100,100,20,70,0.15,1,3d,quad,nonlooping,,1,0,0,0,0,0.25,no,no,none,0,,no,ringoff_plr,indoor,yes,no,no,0,0,yes,no,,0,,no,no,no
wpn_vector_silencer_fire_plr,raw\sound\wpn\smg\msmc\plr\shot\silenced\wpn_msmc_sil_shot_plr.LN65.pc.snd.wav.wav,wpn_vector_silencer_LFE,loaded,bus_fx,grp_weapon,snp_wpn_1p,@36b86475,0,0,93,93,0,5000,5000,allon,default,allon,default,2,8,oldest,oldest,-80,80,90,90,0.25,1,2d,front_mostly,nonlooping,,1,0,0,0,0,0.25,no,no,none,0,,no,,,yes,no,no,0,0,yes,no,,0,,no,no,no
wpn_vector_silencer_fire_plr_decay,raw\sound\wpn\pistol\decay\ext\silenced\wpn_pistol_decay_silenced_ext.LN65.pc.snd.wav.wav,,loaded,bus_fx,grp_weapon,snp_wpn_1p,,75,0,80,80,0,5000,5000,allon,default,allon,default,3,8,oldest,oldest,-50,50,90,90,0.25,1,2d,front_mostly,nonlooping,,1,0,0,0,0,0.25,no,no,none,0,,no,ringoff_plr,outdoor,yes,no,no,0,0,yes,no,,0,,no,no,no
wpn_vector_silencer_fire_plr_decay,raw\sound\wpn\pistol\decay\int\silenced\wpn_pistol_decay_silenced_int.LN65.pc.snd.wav.wav,,loaded,bus_fx,grp_weapon,snp_wpn_1p,,75,0,83,83,0,5000,5000,allon,default,allon,default,3,8,oldest,oldest,-50,50,90,90,0.25,1,2d,front_mostly,nonlooping,,1,0,0,0,0,0.25,no,no,none,0,,no,ringoff_plr,indoor,yes,no,no,0,0,yes,no,,0,,no,no,no
wpn_vector_silencer_LFE,raw\sound\wpn\smg\mp7\plr\lfe\wpn_mp7_fire_lfe.LN65.pc.snd.wav.wav,wpn_vector_silencer_fire_plr_decay,loaded,bus_hdrfx,grp_wpn_lfe,snp_wpn_1p,,0,0,86,86,0,5000,5000,allon,default,allon,default,1,2,priority,oldest,0,0,85,90,0.25,1,2d,lfe,nonlooping,,1,0,0,0,0,0.25,no,no,none,0,,no,,,no,no,no,0,0,yes,no,,0,,no,no,no
wpn_vector_silencer_LFE_npc,raw\sound\wpn\smg\mp7\plr\lfe\wpn_mp7_fire_lfe.LN65.pc.snd.wav.wav,wpn_vector_silencer_fire_npc_decay,loaded,bus_hdrfx,grp_wpn_lfe,snp_wpn_3p,,0,0,81,81,25,225,225,allon,default,allon,default,3,1,priority,oldest,0,0,40,90,0.25,0.75,3d,lfe,nonlooping,,1,0,0,0,0,0.25,no,no,none,0,,no,,,no,no,no,0,0,yes,no,,0,,no,no,no
wpn_as50qol_fire_npc_pap,raw\sound\wpn\pap\pap_shot_st.LN65.pc.snd.wav,wpn_as50qol_qolflux_l_npc_pap,loaded,bus_fx,grp_weapon,snp_wpn_3p,,80,0,82,82,75,1250,1250,allon,default,allon,default,10,3,priority,oldest,-100,100,50,90,0.35,1,3d,default,nonlooping,pitch,1,0,0,0,0,0.25,no,no,none,0,,no,,,yes,no,no,0,0,yes,no,,0,,no,no,no
wpn_as50qol_fire_plr_pap,raw\sound\wpn\pap\pap_shot_st.LN65.pc.snd.wav,wpn_as50qol_qolflux_l_plr_pap,loaded,bus_hdrfx,grp_weapon,snp_wpn_1p,,70,0,87,87,0,5000,5000,allon,default,allon,default,1,8,oldest,oldest,0,0,90,90,0.25,1,2d,wpn_all,nonlooping,,1,0,0,0,0,0.25,no,no,none,0,,no,,,yes,no,no,0,0,yes,no,,0,,no,no,no
fly_peacekeeper_bolt_back,raw\sound\wpn\assault\reload\fly_assault_bb.LN65.pc.snd.wav,,loaded,bus_fx,grp_foley,snp_foley,,30,0,86,89,0,5000,5000,allon,default,allon,default,8,8,priority,oldest,-88,84,70,70,0.25,1,2d,front,nonlooping,,1,0,0,0,0,0.25,no,yes,none,0,,no,,,yes,no,no,0,0,yes,no,,0,,no,no,no
fly_peacekeeper_bolt_release,raw\sound\wpn\assault\reload\fly_assault_bf.LN65.pc.snd.wav,,loaded,bus_fx,grp_foley,snp_foley,,30,0,86,89,0,5000,5000,allon,default,allon,default,8,8,priority,oldest,-88,84,70,70,0.25,1,2d,front,nonlooping,,1,0,0,0,0,0.25,no,yes,none,0,,no,,,yes,no,no,0,0,yes,no,,0,,no,no,no
fly_peacekeeper_button,raw\sound\wpn\assault\m16\reload\fly_m16_button.LN65.pc.snd.wav,,loaded,bus_fx,grp_foley,snp_foley,,30,0,86,89,0,5000,5000,allon,default,allon,default,8,8,priority,oldest,-88,84,70,70,0.25,1,2d,front,nonlooping,,1,0,0,0,0,0.25,no,yes,none,0,,no,,,yes,no,no,0,0,yes,no,,0,,no,no,no
fly_peacekeeper_charge,raw\sound\wpn\assault\reload\fly_assault_charge.LN65.pc.snd.wav,,loaded,bus_fx,grp_foley,snp_foley,,30,0,86,89,0,5000,5000,allon,default,allon,default,8,8,priority,oldest,-88,84,70,70,0.25,1,2d,front,nonlooping,,1,0,0,0,0,0.25,no,yes,none,0,,no,,,yes,no,no,0,0,yes,no,,0,,no,no,no
fly_peacekeeper_mag_in,raw\sound\wpn\assault\reload\fly_assault_mag_in.LN65.pc.snd.wav,,loaded,bus_fx,grp_foley,snp_foley,,30,0,86,89,0,5000,5000,allon,default,allon,default,8,8,priority,oldest,-88,84,70,70,0.25,1,2d,front,nonlooping,,1,0,0,0,0,0.25,no,yes,none,0,,no,,,yes,no,no,0,0,yes,no,,0,,no,no,no
fly_peacekeeper_mag_out,raw\sound\wpn\assault\reload\fly_assault_mag_out.LN65.pc.snd.wav,,loaded,bus_fx,grp_foley,snp_foley,,30,0,86,89,0,5000,5000,allon,default,allon,default,8,8,priority,oldest,-88,84,70,70,0.25,1,2d,front,nonlooping,,1,0,0,0,0,0.25,no,yes,none,0,,no,,,yes,no,no,0,0,yes,no,,0,,no,no,no
fly_sig556_bolt_back,raw\sound\wpn\assault\reload\fly_assault_bb.LN65.pc.snd.wav,,loaded,bus_fx,grp_foley,snp_foley,,30,0,86,89,0,5000,5000,allon,default,allon,default,8,8,priority,oldest,-88,84,70,70,0.25,1,2d,front,nonlooping,,1,0,0,0,0,0.25,no,yes,none,0,,no,,,yes,no,no,0,0,yes,no,,0,,no,no,no
fly_sig556_bolt_release,raw\sound\wpn\assault\reload\fly_assault_bf.LN65.pc.snd.wav,,loaded,bus_fx,grp_foley,snp_foley,,30,0,86,89,0,5000,5000,allon,default,allon,default,8,8,priority,oldest,-88,84,70,70,0.25,1,2d,front,nonlooping,,1,0,0,0,0,0.25,no,yes,none,0,,no,,,yes,no,no,0,0,yes,no,,0,,no,no,no
fly_sig556_button,raw\sound\wpn\assault\m16\reload\fly_m16_button.LN65.pc.snd.wav,,loaded,bus_fx,grp_foley,snp_foley,,30,0,86,89,0,5000,5000,allon,default,allon,default,8,8,priority,oldest,-88,84,70,70,0.25,1,2d,front,nonlooping,,1,0,0,0,0,0.25,no,yes,none,0,,no,,,yes,no,no,0,0,yes,no,,0,,no,no,no
fly_sig556_charge,raw\sound\wpn\assault\reload\fly_assault_charge.LN65.pc.snd.wav,,loaded,bus_fx,grp_foley,snp_foley,,30,0,86,89,0,5000,5000,allon,default,allon,default,8,8,priority,oldest,-88,84,70,70,0.25,1,2d,front,nonlooping,,1,0,0,0,0,0.25,no,yes,none,0,,no,,,yes,no,no,0,0,yes,no,,0,,no,no,no
fly_sig556_mag_in,raw\sound\wpn\assault\reload\fly_assault_mag_in.LN65.pc.snd.wav,,loaded,bus_fx,grp_foley,snp_foley,,30,0,86,89,0,5000,5000,allon,default,allon,default,8,8,priority,oldest,-88,84,70,70,0.25,1,2d,front,nonlooping,,1,0,0,0,0,0.25,no,yes,none,0,,no,,,yes,no,no,0,0,yes,no,,0,,no,no,no
fly_sig556_mag_out,raw\sound\wpn\assault\reload\fly_assault_mag_out.LN65.pc.snd.wav,,loaded,bus_fx,grp_foley,snp_foley,,30,0,86,89,0,5000,5000,allon,default,allon,default,8,8,priority,oldest,-88,84,70,70,0.25,1,2d,front,nonlooping,,1,0,0,0,0,0.25,no,yes,none,0,,no,,,yes,no,no,0,0,yes,no,,0,,no,no,no
fly_titus_slide_back,raw\sound\wpn\shotgun\titus\toggle\titus_flip_up.LN65.pc.snd.wav,,loaded,bus_fx,grp_foley,snp_foley,,30,0,86,89,0,5000,5000,allon,default,allon,default,8,8,priority,oldest,0,0,70,70,0.25,1,2d,front,nonlooping,,1,0,0,0,0,0.25,no,yes,none,0,,no,,,yes,no,no,0,0,yes,no,,0,,no,no,no
fly_titus_slide_forward,raw\sound\wpn\shotgun\titus\toggle\titus_flip_down.LN65.pc.snd.wav,,loaded,bus_fx,grp_foley,snp_foley,,30,0,86,89,0,5000,5000,allon,default,allon,default,8,8,priority,oldest,0,0,70,70,0.25,1,2d,front,nonlooping,,1,0,0,0,0,0.25,no,yes,none,0,,no,,,yes,no,no,0,0,yes,no,,0,,no,no,no
wpn_titus_alert,raw\sound\wpn\shotgun\titus\dart\alert\wpn_dart_alert.LN65.pc.snd.wav,,loaded,bus_fx,grp_impacts,snp_hdrfx,,65,0,81,83,100,500,750,allon,default,allon,default,8,8,priority,oldest,0,0,80,95,0.25,1,3d,default,nonlooping,,1,0,25,225,85,0.1,no,no,none,0,,no,,,yes,no,no,0,0,yes,no,,0,,no,no,no
wpn_titus_fire_exp_darts_plr,raw\sound\wpn\shotgun\titus\dart\wpn_titus_dart.LN65.pc.snd.wav,wpn_titus_exp_LFE,loaded,bus_fx,grp_weapon,snp_wpn_1p,wpn_cmn_suppressed_plr,0,0,93,93,0,5000,5000,allon,default,allon,default,3,8,oldest,oldest,-200,200,90,90,0.25,1,2d,front_mostly,nonlooping,,1,0,0,0,0,0.25,no,no,none,0,,no,,,yes,no,no,0,0,yes,no,,0,,no,no,no
wpn_titus_fire_exp_npc_pap,raw\sound\wpn\pap\pap_shot_st.LN65.pc.snd.wav,wpn_titus_flux_exp_l_npc_pap,loaded,bus_fx,grp_weapon,snp_wpn_3p,,80,0,82,82,75,1250,1250,allon,default,allon,default,10,3,priority,oldest,-100,100,50,90,0.35,1,3d,default,nonlooping,pitch,1,0,0,0,0,0.25,no,no,none,0,,no,,,yes,no,no,0,0,yes,no,,0,,no,no,no
wpn_titus_fire_exp_plr_pap,raw\sound\wpn\pap\pap_shot_st.LN65.pc.snd.wav,wpn_titus_flux_exp_l_plr_pap,loaded,bus_hdrfx,grp_weapon,snp_wpn_1p,,70,0,87,87,0,5000,5000,allon,default,allon,default,1,8,oldest,oldest,0,0,90,90,0.25,1,2d,wpn_all,nonlooping,,1,0,0,0,0,0.25,no,no,none,0,,no,,,yes,no,no,0,0,yes,no,,0,,no,no,no
wpn_titus_flux_exp_l_npc_pap,raw\sound\wpn\pap\pap_flux_left.LN65.pc.snd.wav,wpn_titus_flux_exp_r_npc_pap,loaded,bus_fx,grp_weapon,snp_wpn_3p,,84,0,75,75,25,900,900,allon,default,allon,default,8,4,priority,priority,-34,34,85,90,0.25,1,3d,default,nonlooping,pitch,1,0,0,0,0,0.25,no,no,left_shot,4000,,no,,,yes,no,no,0,0,yes,no,,0,,no,no,no
wpn_titus_flux_exp_l_plr_pap,raw\sound\wpn\pap\pap_flux_left.LN65.pc.snd.wav,wpn_titus_flux_exp_r_plr_pap,loaded,bus_fx,grp_weapon,snp_wpn_3p,,84,0,75,75,25,900,900,allon,default,allon,default,8,4,priority,priority,-34,34,85,90,0.25,1,3d,default,nonlooping,pitch,1,0,0,0,0,0.25,no,no,left_shot,4000,,no,,,yes,no,no,0,0,yes,no,,0,,no,no,no
wpn_titus_flux_exp_r_npc_pap,raw\sound\wpn\pap\pap_flux_right.LN65.pc.snd.wav,wpn_titus_fire_exp_npc,loaded,bus_fx,grp_weapon,snp_wpn_3p,,84,0,75,75,25,900,900,allon,default,allon,default,8,4,priority,priority,-34,34,85,90,0.25,1,3d,default,nonlooping,pitch,1,0,0,0,0,0.25,no,no,right_shot,4000,,no,,,yes,no,no,0,0,yes,no,,0,,no,no,no
wpn_titus_flux_exp_r_plr_pap,raw\sound\wpn\pap\pap_flux_right.LN65.pc.snd.wav,wpn_titus_fire_exp_plr,loaded,bus_fx,grp_weapon,snp_wpn_3p,,84,0,75,75,25,900,900,allon,default,allon,default,8,4,priority,priority,-34,34,85,90,0.25,1,3d,default,nonlooping,pitch,1,0,0,0,0,0.25,no,no,right_shot,4000,,no,,,yes,no,no,0,0,yes,no,,0,,no,no,no
wpn_titus_fire_npc_pap,raw\sound\wpn\pap\pap_shot_st.LN65.pc.snd.wav,wpn_titus_flux_l_npc_pap,loaded,bus_fx,grp_weapon,snp_wpn_3p,,80,0,82,82,75,1250,1250,allon,default,allon,default,10,3,priority,oldest,-100,100,50,90,0.35,1,3d,default,nonlooping,pitch,1,0,0,0,0,0.25,no,no,none,0,,no,,,yes,no,no,0,0,yes,no,,0,,no,no,no
wpn_titus_fire_plr_pap,raw\sound\wpn\pap\pap_shot_st.LN65.pc.snd.wav,wpn_titus_flux_l_plr_pap,loaded,bus_hdrfx,grp_weapon,snp_wpn_1p,,70,0,87,87,0,5000,5000,allon,default,allon,default,1,8,oldest,oldest,0,0,90,90,0.25,1,2d,wpn_all,nonlooping,,1,0,0,0,0,0.25,no,no,none,0,,no,,,yes,no,no,0,0,yes,no,,0,,no,no,no
wpn_titus_flux_l_npc_pap,raw\sound\wpn\pap\pap_flux_left.LN65.pc.snd.wav,wpn_titus_flux_r_npc_pap,loaded,bus_fx,grp_weapon,snp_wpn_3p,,84,0,75,75,25,900,900,allon,default,allon,default,8,4,priority,priority,-34,34,85,90,0.25,1,3d,default,nonlooping,pitch,1,0,0,0,0,0.25,no,no,left_shot,4000,,no,,,yes,no,no,0,0,yes,no,,0,,no,no,no
wpn_titus_flux_l_plr_pap,raw\sound\wpn\pap\pap_flux_left.LN65.pc.snd.wav,wpn_titus_flux_r_plr_pap,loaded,bus_fx,grp_weapon,snp_wpn_3p,,84,0,75,75,25,900,900,allon,default,allon,default,8,4,priority,priority,-34,34,85,90,0.25,1,3d,default,nonlooping,pitch,1,0,0,0,0,0.25,no,no,left_shot,4000,,no,,,yes,no,no,0,0,yes,no,,0,,no,no,no
wpn_titus_flux_r_npc_pap,raw\sound\wpn\pap\pap_flux_right.LN65.pc.snd.wav,wpn_titus_fire_npc,loaded,bus_fx,grp_weapon,snp_wpn_3p,,84,0,75,75,25,900,900,allon,default,allon,default,8,4,priority,priority,-34,34,85,90,0.25,1,3d,default,nonlooping,pitch,1,0,0,0,0,0.25,no,no,right_shot,4000,,no,,,yes,no,no,0,0,yes,no,,0,,no,no,no
wpn_titus_flux_r_plr_pap,raw\sound\wpn\pap\pap_flux_right.LN65.pc.snd.wav,wpn_titus_fire_plr,loaded,bus_fx,grp_weapon,snp_wpn_3p,,84,0,75,75,25,900,900,allon,default,allon,default,8,4,priority,priority,-34,34,85,90,0.25,1,3d,default,nonlooping,pitch,1,0,0,0,0,0.25,no,no,right_shot,4000,,no,,,yes,no,no,0,0,yes,no,,0,,no,no,no
wpn_titus_LFE,raw\sound\wpn\shotgun\srm1216\lfe\wpn_srm1216_lfe.LN65.pc.snd.wav,wpn_titus_fire_plr_decay,loaded,bus_hdrfx,grp_wpn_lfe,snp_wpn_1p,,0,0,86,86,0,5000,5000,allon,default,allon,default,3,2,oldest,oldest,0,0,85,90,0.25,1,2d,lfe,nonlooping,,1,0,0,0,0,0.25,no,no,none,0,,no,,,no,no,no,0,0,yes,no,,0,,no,no,no
wpn_titus_dryfire_npc,raw\sound\wpn\shotgun\dry_fire\npc\dry_fire_00.LN65.pc.snd.wav,,loaded,bus_fx,grp_weapon,snp_wpn_3p,,55,0,88,88,900,900,900,cosdelay,alloff,cosdelay,default,6,2,priority,oldest,-88,84,50,90,0.25,0.8,3d,default,nonlooping,,1,0,0,0,0,0.25,no,no,none,0,,no,,,yes,no,no,0,0,yes,no,,0,,no,no,no
wpn_titus_dryfire_plr,raw\sound\wpn\shotgun\dry_fire\plr\dry_fire_00.LN65.pc.snd.wav,,loaded,bus_fx,grp_weapon,snp_wpn_1p,,65,0,94,94,0,5000,5000,allon,default,allon,default,8,2,priority,oldest,-100,100,90,90,0.25,1,2d,front_mostly,nonlooping,,1,0,0,0,0,0.25,no,no,none,0,,no,,,yes,no,no,0,0,yes,no,,0,,no,no,no
wpn_titus_exp_LFE,raw\sound\wpn\smg\mp7\plr\lfe\wpn_mp7_fire_lfe.LN65.pc.snd.wav,wpn_titus_fire_exp_plr_decay,loaded,bus_hdrfx,grp_wpn_lfe,snp_wpn_1p,,0,0,86,86,0,5000,5000,allon,default,allon,default,8,2,priority,oldest,0,0,85,90,0.25,1,2d,lfe,nonlooping,,1,0,0,0,0,0.25,no,no,none,0,,no,,,no,no,no,0,0,yes,no,,0,,no,no,no
wpn_titus_fire_exp_LFE_npc,raw\sound\wpn\smg\mp7\plr\lfe\wpn_mp7_fire_lfe.LN65.pc.snd.wav,wpn_titus_fire_exp_npc_decay,loaded,bus_hdrfx,grp_wpn_lfe,snp_wpn_3p,,0,0,81,81,25,225,225,allon,default,allon,default,3,1,priority,oldest,0,0,40,90,0.25,0.75,3d,lfe,nonlooping,,1,0,0,0,0,0.25,no,no,none,0,,no,,,no,no,no,0,0,yes,no,,0,,no,no,no
wpn_titus_fire_exp_darts_npc,raw\sound\wpn\shotgun\titus\dart\wpn_titus_dart.LN65.pc.snd.wav,wpn_titus_fire_exp_LFE_npc,loaded,bus_fx,grp_weapon,snp_wpn_3p,,0,0,82,82,900,900,901,cosdelay,alloff,cosdelay,default,8,2,priority,oldest,-50,50,40,90,0.25,0.8,3d,default,nonlooping,,1,0,0,0,0,0.25,no,no,none,0,,no,,,yes,no,no,0,0,yes,no,,0,,no,no,no
wpn_titus_fire_exp_npc,raw\sound\wpn\assault\m27\plr\shot\silenced\wpn_m27_sil_shot_plr.LN65.pc.snd.wav,wpn_titus_fire_exp_darts_npc,loaded,bus_fx,grp_weapon,snp_wpn_3p,,0,0,82,82,900,900,901,cosdelay,alloff,cosdelay,default,8,2,priority,oldest,-50,50,40,90,0.25,0.8,3d,default,nonlooping,,1,0,0,0,0,0.25,no,no,none,0,,no,,,yes,no,no,0,0,yes,no,,0,,no,no,no
wpn_titus_fire_exp_npc_decay,raw\sound\wpn\assault\decay\int\silenced\wpn_aslt_decay_silenced_int.LN65.pc.snd.wav,,loaded,bus_fx,grp_weapon,snp_wpn_3p,,55,0,67,67,50,900,900,allon,default,rcurve1,default,3,1,priority,oldest,-100,100,20,70,0.15,1,3d,quad,nonlooping,,1,0,0,0,0,0.25,no,no,none,0,,no,ringoff_plr,indoor,yes,no,no,0,0,yes,no,,0,,no,no,no
wpn_titus_fire_exp_npc_decay,raw\sound\wpn\pistol\decay\ext\silenced\wpn_pistol_decay_silenced_ext.LN65.pc.snd.wav,,loaded,bus_fx,grp_weapon,snp_wpn_3p,,55,0,77,77,50,900,900,allon,default,rcurve1,default,3,1,priority,oldest,-100,100,20,70,0.15,1,3d,quad,nonlooping,,1,0,0,0,0,0.25,no,no,none,0,,no,ringoff_plr,outdoor,yes,no,no,0,0,yes,no,,0,,no,no,no
wpn_titus_fire_exp_plr,raw\sound\wpn\smg\msmc\plr\shot\silenced\wpn_msmc_sil_shot_plr.LN65.pc.snd.wav,wpn_titus_fire_exp_darts_plr,loaded,bus_fx,grp_weapon,snp_wpn_1p,@36b86475,0,0,93,93,0,5000,5000,allon,default,allon,default,3,8,oldest,oldest,-50,50,90,90,0.25,1,2d,front_mostly,nonlooping,,1,0,0,0,0,0.25,no,no,none,0,,no,,,yes,no,no,0,0,yes,no,,0,,no,no,no
wpn_titus_fire_exp_plr_decay,raw\sound\wpn\assault\decay\int\silenced\wpn_aslt_decay_silenced_int.LN65.pc.snd.wav,,loaded,bus_fx,grp_weapon,snp_wpn_1p,,75,0,83,83,0,5000,5000,allon,default,allon,default,3,8,oldest,oldest,-50,50,90,90,0.25,1,2d,front_mostly,nonlooping,,1,0,0,0,0,0.25,no,no,none,0,,no,ringoff_plr,indoor,yes,no,no,0,0,yes,no,,0,,no,no,no
wpn_titus_fire_exp_plr_decay,raw\sound\wpn\pistol\decay\ext\silenced\wpn_pistol_decay_silenced_ext.LN65.pc.snd.wav,,loaded,bus_fx,grp_weapon,snp_wpn_1p,,70,0,83,83,0,5000,5000,allon,default,allon,default,3,8,oldest,oldest,-50,50,90,90,0.25,1,2d,front_mostly,nonlooping,,1,0,0,0,0,0.25,no,no,none,0,,no,ringoff_plr,outdoor,yes,no,no,0,0,yes,no,,0,,no,no,no
wpn_titus_fire_npc,raw\sound\wpn\shotgun\srm1216\plr\shot\wpn_srm1216_fire.LN65.pc.snd.wav,wpn_titus_npc_LFE,loaded,bus_fx,grp_weapon,snp_wpn_3p,,55,0,88,88,900,900,900,cosdelay,alloff,cosdelay,default,6,2,priority,oldest,-88,84,50,90,0.25,0.8,3d,default,nonlooping,,1,0,0,0,0,0.25,no,no,none,0,,no,,,yes,no,no,0,0,yes,no,,0,,no,no,no
wpn_titus_fire_npc_decay,raw\sound\wpn\assault\decay\ext\wpn_assault_decay_ext.LN65.pc.snd.wav,,loaded,bus_fx,grp_weapon,snp_wpn_3p,,55,0,77,77,50,900,900,allon,default,rcurve1,default,3,1,priority,oldest,-100,100,20,70,0.15,1,3d,quad,nonlooping,,1,0,0,0,0,0.25,no,no,none,0,,no,ringoff_plr,outdoor,yes,no,no,0,0,yes,no,,0,,no,no,no
wpn_titus_fire_npc_decay,raw\sound\wpn\shotgun\decay\int\wpn_shotgun_decay_int.LN65.pc.snd.wav,,loaded,bus_fx,grp_weapon,snp_wpn_3p,,55,0,67,67,50,900,900,allon,default,rcurve1,default,3,1,priority,oldest,-100,100,20,70,0.15,1,3d,quad,nonlooping,,1,0,0,0,0,0.25,no,no,none,0,,no,ringoff_plr,indoor,yes,no,no,0,0,yes,no,,0,,no,no,no
wpn_titus_fire_plr,raw\sound\wpn\shotgun\srm1216\plr\shot\wpn_srm1216_fire.LN65.pc.snd.wav,wpn_titus_LFE,loaded,bus_fx,grp_weapon,snp_wpn_1p,,65,0,94,94,0,5000,5000,allon,default,allon,default,3,2,oldest,oldest,-100,100,90,90,0.25,1,2d,front_mostly,nonlooping,,1,0,0,0,0,0.25,no,no,none,0,,no,,,yes,no,no,0,0,yes,no,,0,,no,no,no
wpn_titus_fire_plr_decay,raw\sound\wpn\assault\decay\ext\wpn_assault_decay_ext.LN65.pc.snd.wav,,loaded,bus_fx,grp_weapon,snp_wpn_1p,,60,0,83,83,0,5000,5000,allon,default,allon,default,3,8,oldest,oldest,-50,50,90,90,0.25,1,2d,front_mostly,nonlooping,,1,0,0,0,0,0.25,no,no,none,0,,no,ringoff_plr,outdoor,yes,no,no,0,0,yes,no,,0,,no,no,no
wpn_titus_fire_plr_decay,raw\sound\wpn\shotgun\decay\int\wpn_shotgun_decay_int.LN65.pc.snd.wav,,loaded,bus_fx,grp_weapon,snp_wpn_1p,,60,0,83,83,0,5000,5000,allon,default,allon,default,3,8,oldest,oldest,-50,50,90,90,0.25,1,2d,front_mostly,nonlooping,,1,0,0,0,0,0.25,no,no,none,0,,no,ringoff_plr,indoor,yes,no,no,0,0,yes,no,,0,,no,no,no
wpn_titus_npc_LFE,raw\sound\wpn\shotgun\srm1216\lfe\wpn_srm1216_lfe.LN65.pc.snd.wav,wpn_titus_npc_dist,loaded,bus_hdrfx,grp_wpn_lfe,snp_wpn_3p,,0,0,81,81,25,225,225,allon,default,allon,default,3,1,priority,oldest,0,0,40,90,0.25,0.75,3d,lfe,nonlooping,,1,0,0,0,0,0.25,no,no,none,0,,no,,,no,no,no,0,0,yes,no,,0,,no,no,no
wpn_titus_npc_dist,raw\sound\wpn\dist_guns\sht\wpn_shotgun_dist_00.LN65.pc.snd.wav,wpn_titus_fire_npc_decay,loaded,bus_fx,grp_weapon,snp_wpn_3p,,80,0,88,88,900,6000,12500,sindelay,default,sindelay,allon,6,3,priority,oldest,-300,300,90,40,0.25,1,3d,default,nonlooping,pitch,1,0,0,0,0,0.25,no,no,none,0,,no,,,yes,no,no,0,0,yes,no,,0,,no,no,no
wpn_titus_npc_dist,raw\sound\wpn\dist_guns\sht\wpn_shotgun_dist_01.LN65.pc.snd.wav,wpn_titus_fire_npc_decay,loaded,bus_fx,grp_weapon,snp_wpn_3p,,80,0,88,88,900,6000,12500,sindelay,default,sindelay,allon,6,3,priority,oldest,-300,300,90,40,0.25,1,3d,default,nonlooping,pitch,1,0,0,0,0,0.25,no,no,none,0,,no,,,yes,no,no,0,0,yes,no,,0,,no,no,no
zmqol_zombie_riser,raw\sound\evt\zombie_global\spawn\dirt\dirt_00.SN50.pc.snd.flac,,streamed,bus_hdrfx,grp_hdrfx,snp_hdrfx,,60,0,88,88,250,1000,1125,allon,default,allon,default,3,8,priority,oldest,0,0,40,60,0.25,1,3d,default,nonlooping,,1,0,0,0,0,0.1,no,yes,none,0,,no,,,yes,no,no,0,0,yes,no,,0,,no,no,no
zmqol_zombie_riser,raw\sound\evt\zombie_global\spawn\dirt\dirt_01.SN50.pc.snd.flac,,streamed,bus_hdrfx,grp_hdrfx,snp_hdrfx,,60,0,88,88,250,1000,1125,allon,default,allon,default,3,8,priority,oldest,0,0,40,60,0.25,1,3d,default,nonlooping,,1,0,0,0,0,0.1,no,yes,none,0,,no,,,yes,no,no,0,0,yes,no,,0,,no,no,no
fly_fnp45_hammer,raw\sound\wpn\pistol\reloads\fly_pistol_hammer.LN65.pc.snd.wav,,loaded,bus_fx,grp_foley,snp_foley,,30,0,86,89,0,5000,5000,allon,default,allon,default,8,8,priority,oldest,-88,84,70,70,0.25,1,2d,front,nonlooping,,1,0,0,0,0,0.25,no,yes,none,0,,no,,,yes,no,no,0,0,yes,no,,0,,no,no,no
fly_fnp45_mag_in,raw\sound\wpn\pistol\reloads\fly_pistol_mag_in.LN65.pc.snd.wav,,loaded,bus_fx,grp_foley,snp_foley,,30,0,86,89,0,5000,5000,allon,default,allon,default,8,8,priority,oldest,-88,84,70,70,0.25,1,2d,front,nonlooping,,1,0,0,0,0,0.25,no,yes,none,0,,no,,,yes,no,no,0,0,yes,no,,0,,no,no,no
fly_fnp45_mag_out,raw\sound\wpn\pistol\reloads\fly_pistol_mag_out.LN65.pc.snd.wav,,loaded,bus_fx,grp_foley,snp_foley,,30,0,86,89,0,5000,5000,allon,default,allon,default,8,8,priority,oldest,-88,84,70,70,0.25,1,2d,front,nonlooping,,1,0,0,0,0,0.25,no,yes,none,0,,no,,,yes,no,no,0,0,yes,no,,0,,no,no,no
fly_fnp45_slide_back,raw\sound\wpn\pistol\reloads\fly_pistol_sb.LN65.pc.snd.wav,,loaded,bus_fx,grp_foley,snp_foley,,30,0,86,89,0,5000,5000,allon,default,allon,default,8,8,priority,oldest,-88,84,70,70,0.25,1,2d,front,nonlooping,,1,0,0,0,0,0.25,no,yes,none,0,,no,,,yes,no,no,0,0,yes,no,,0,,no,no,no
fly_fnp45_slide_forward,raw\sound\wpn\pistol\reloads\fly_pistol_sf.LN65.pc.snd.wav,,loaded,bus_fx,grp_foley,snp_foley,,30,0,86,89,0,5000,5000,allon,default,allon,default,8,8,priority,oldest,-88,84,70,70,0.25,1,2d,front,nonlooping,,1,0,0,0,0,0.25,no,yes,none,0,,no,,,yes,no,no,0,0,yes,no,,0,,no,no,no
wpn_fnp45_1straise_npc,raw\sound\fly\gear\rattle\fly_cloth_00.LN65.pc.snd.wav,,loaded,bus_fx,grp_foley,snp_foley,,30,0,75,75,75,500,500,allon,default,allon,default,4,8,priority,oldest,-90,90,15,30,0.25,1,3d,default,nonlooping,,1,0,25,250,75,0.25,no,yes,none,0,,no,,,yes,no,no,0,0,yes,no,,0,,no,no,no
wpn_fnp45_1straise_npc,raw\sound\fly\gear\rattle\fly_cloth_01.LN65.pc.snd.wav,,loaded,bus_fx,grp_foley,snp_foley,,30,0,75,75,75,500,500,allon,default,allon,default,4,8,priority,oldest,-90,90,15,30,0.25,1,3d,default,nonlooping,,1,0,25,250,75,0.25,no,yes,none,0,,no,,,yes,no,no,0,0,yes,no,,0,,no,no,no
wpn_fnp45_1straise_npc,raw\sound\fly\gear\rattle\fly_cloth_02.LN65.pc.snd.wav,,loaded,bus_fx,grp_foley,snp_foley,,30,0,75,75,75,500,500,allon,default,allon,default,4,8,priority,oldest,-90,90,15,30,0.25,1,3d,default,nonlooping,,1,0,25,250,75,0.25,no,yes,none,0,,no,,,yes,no,no,0,0,yes,no,,0,,no,no,no
wpn_fnp45_1straise_npc,raw\sound\fly\gear\rattle\fly_cloth_03.LN65.pc.snd.wav,,loaded,bus_fx,grp_foley,snp_foley,,30,0,75,75,75,500,500,allon,default,allon,default,4,8,priority,oldest,-90,90,15,30,0.25,1,3d,default,nonlooping,,1,0,25,250,75,0.25,no,yes,none,0,,no,,,yes,no,no,0,0,yes,no,,0,,no,no,no
wpn_fnp45_1straise_plr,raw\sound\fly\gear\rattle\fly_cloth_00.LN65.pc.snd.wav,,loaded,bus_fx,grp_foley,snp_foley,,30,0,86,89,0,5000,5000,allon,default,allon,default,8,8,priority,oldest,-88,84,70,70,0.25,1,2d,front,nonlooping,,1,0,0,0,0,0.25,no,yes,none,0,,no,,,yes,no,no,0,0,yes,no,,0,,no,no,no
wpn_fnp45_1straise_plr,raw\sound\fly\gear\rattle\fly_cloth_01.LN65.pc.snd.wav,,loaded,bus_fx,grp_foley,snp_foley,,30,0,86,89,0,5000,5000,allon,default,allon,default,8,8,priority,oldest,-88,84,70,70,0.25,1,2d,front,nonlooping,,1,0,0,0,0,0.25,no,yes,none,0,,no,,,yes,no,no,0,0,yes,no,,0,,no,no,no
wpn_fnp45_1straise_plr,raw\sound\fly\gear\rattle\fly_cloth_02.LN65.pc.snd.wav,,loaded,bus_fx,grp_foley,snp_foley,,30,0,86,89,0,5000,5000,allon,default,allon,default,8,8,priority,oldest,-88,84,70,70,0.25,1,2d,front,nonlooping,,1,0,0,0,0,0.25,no,yes,none,0,,no,,,yes,no,no,0,0,yes,no,,0,,no,no,no
wpn_fnp45_1straise_plr,raw\sound\fly\gear\rattle\fly_cloth_03.LN65.pc.snd.wav,,loaded,bus_fx,grp_foley,snp_foley,,30,0,86,89,0,5000,5000,allon,default,allon,default,8,8,priority,oldest,-88,84,70,70,0.25,1,2d,front,nonlooping,,1,0,0,0,0,0.25,no,yes,none,0,,no,,,yes,no,no,0,0,yes,no,,0,,no,no,no
wpn_fnp45_dryfire_npc,raw\sound\wpn\smg\dry_fire\plr\dry_fire_plr.LN65.pc.snd.wav,,loaded,bus_fx,grp_weapon,snp_wpn_3p,,55,0,85,85,900,900,900,cosdelay,alloff,cosdelay,default,6,2,priority,oldest,-281,281,20,90,0.25,0.8,3d,default,nonlooping,,1,0,0,0,0,0.25,no,no,none,0,,no,,,yes,no,no,0,0,yes,no,,0,,no,no,no
wpn_fnp45_dryfire_plr,raw\sound\wpn\smg\dry_fire\plr\dry_fire_plr.LN65.pc.snd.wav,,loaded,bus_fx,grp_weapon,snp_wpn_1p,,65,0,90,90,0,5000,5000,allon,default,allon,default,2,8,oldest,oldest,0,0,90,90,0.25,1,2d,front_mostly,nonlooping,,1,0,0,0,0,0.25,no,no,none,0,,no,,,yes,no,no,0,0,yes,no,,0,,no,no,no
wpn_fnp45_fire_npc,raw\sound\wpn\pistol\fnp45\plr\shot\wpn_fnp45_fire_plr.LN65.pc.snd.wav,wpn_fnp45_LFE_npc,loaded,bus_fx,grp_weapon,snp_wpn_3p,,55,0,85,85,900,900,900,cosdelay,alloff,cosdelay,default,6,2,priority,oldest,-25,25,20,90,0.25,0.8,3d,default,nonlooping,variant,1,0,0,0,0,0.3,no,no,none,0,,no,,,yes,no,no,0,0,yes,no,,0,,no,no,no
wpn_fnp45_fire_npc_decay,raw\sound\wpn\pistol\decay\ext\wpn_pistol_decay_ext.LN65.pc.snd.wav,,loaded,bus_fx,grp_weapon,snp_wpn_3p,,55,0,75,75,50,900,900,allon,default,rcurve1,default,10,1,reject,oldest,-100,100,20,70,0.15,1,3d,quad,nonlooping,,1,0,0,0,0,0.25,no,no,none,0,,no,ringoff_plr,outdoor,yes,no,no,0,0,yes,no,,0,,no,no,no
wpn_fnp45_fire_npc_decay,raw\sound\wpn\pistol\decay\int\wpn_pistol_decay_int.LN65.pc.snd.wav,,loaded,bus_fx,grp_weapon,snp_wpn_3p,,55,0,75,75,50,900,900,allon,default,rcurve1,default,10,1,reject,oldest,-100,100,20,70,0.15,1,3d,quad,nonlooping,,1,0,0,0,0,0.25,no,no,none,0,,no,ringoff_plr,indoor,yes,no,no,0,0,yes,no,,0,,no,no,no
wpn_fnp45_fire_npc_dist,raw\sound\wpn\dist_guns\pis\wpn_pistol_dist_00.LN65.pc.snd.wav,wpn_fnp45_fire_npc_decay,loaded,bus_fx,grp_weapon,snp_wpn_3p,,80,0,81,81,900,6000,12500,sindelay,default,sindelay,allon,6,2,priority,oldest,-300,300,90,40,0.25,1,3d,default,nonlooping,variant,1,0,0,0,0,0.25,no,no,none,0,,no,,,yes,no,no,0,0,yes,no,,0,,no,no,no
wpn_fnp45_fire_npc_dist,raw\sound\wpn\dist_guns\pis\wpn_pistol_dist_01.LN65.pc.snd.wav,wpn_fnp45_fire_npc_decay,loaded,bus_fx,grp_weapon,snp_wpn_3p,,80,0,81,81,900,6000,12500,sindelay,default,sindelay,allon,6,2,priority,oldest,-300,300,90,40,0.25,1,3d,default,nonlooping,variant,1,0,0,0,0,0.25,no,no,none,0,,no,,,yes,no,no,0,0,yes,no,,0,,no,no,no
wpn_fnp45_fire_npc_dist,raw\sound\wpn\dist_guns\pis\wpn_pistol_dist_02.LN65.pc.snd.wav,wpn_fnp45_fire_npc_decay,loaded,bus_fx,grp_weapon,snp_wpn_3p,,80,0,81,81,900,6000,12500,sindelay,default,sindelay,allon,6,2,priority,oldest,-300,300,90,40,0.25,1,3d,default,nonlooping,variant,1,0,0,0,0,0.25,no,no,none,0,,no,,,yes,no,no,0,0,yes,no,,0,,no,no,no
wpn_fnp45_fire_plr,raw\sound\wpn\pistol\fnp45\plr\shot\wpn_fnp45_fire_plr.LN65.pc.snd.wav,wpn_fnp45_LFE,loaded,bus_fx,grp_weapon,snp_wpn_1p,wpn_cmn_shot_plr,65,0,90,90,0,5000,5000,allon,default,allon,default,2,8,oldest,oldest,-25,25,90,90,0.25,1,2d,front_mostly,nonlooping,,1,0,0,0,0,0.25,no,no,none,0,,no,,,yes,no,no,0,0,yes,no,,0,,no,no,no
wpn_fnp45_fire_plr_decay,raw\sound\wpn\pistol\decay\ext\wpn_pistol_decay_ext.LN65.pc.snd.wav,,loaded,bus_fx,grp_weapon,snp_wpn_1p,,65,0,80,80,0,5000,5000,allon,default,allon,default,3,8,oldest,oldest,-50,50,90,90,0.25,1,2d,front_mostly,nonlooping,,1,0,0,0,0,0.25,no,no,none,0,,no,ringoff_plr,outdoor,yes,no,no,0,0,yes,no,,0,,no,no,no
wpn_fnp45_fire_plr_decay,raw\sound\wpn\pistol\decay\int\wpn_pistol_decay_int.LN65.pc.snd.wav,,loaded,bus_fx,grp_weapon,snp_wpn_1p,,65,0,80,80,0,5000,5000,allon,default,allon,default,3,8,oldest,oldest,-50,50,90,90,0.25,1,2d,front_mostly,nonlooping,,1,0,0,0,0,0.25,no,no,none,0,,no,ringoff_plr,indoor,yes,no,no,0,0,yes,no,,0,,no,no,no
wpn_fnp45_fire_plr_lh,raw\sound\wpn\pistol\fiveseven\plr\shot\wpn_fiveseven_shot_plr.LN65.pc.snd.wav,wpn_fnp45_LFE,loaded,bus_fx,grp_weapon,snp_wpn_1p,wpn_cmn_shot_plr,65,0,90,90,0,5000,5000,allon,default,allon,default,2,8,oldest,oldest,0,0,90,90,0.25,1,2d,wpn_left,nonlooping,,1,0,0,0,0,0.25,no,no,none,0,,no,,,yes,no,no,0,0,yes,no,,0,,no,no,no
wpn_fnp45_fire_plr_rh,raw\sound\wpn\pistol\fiveseven\plr\shot\wpn_fiveseven_shot_plr.LN65.pc.snd.wav,wpn_fnp45_LFE,loaded,bus_fx,grp_weapon,snp_wpn_1p,wpn_cmn_shot_plr,65,0,90,90,0,5000,5000,allon,default,allon,default,2,8,oldest,oldest,0,0,90,90,0.25,1,2d,wpn_right,nonlooping,,1,0,0,0,0,0.25,no,no,none,0,,no,,,yes,no,no,0,0,yes,no,,0,,no,no,no
wpn_fnp45_LFE,raw\sound\wpn\smg\mp7\plr\lfe\wpn_mp7_fire_lfe.LN65.pc.snd.wav,wpn_fnp45_fire_plr_decay,loaded,bus_hdrfx,grp_wpn_lfe,snp_wpn_1p,,0,0,86,86,0,5000,5000,allon,default,allon,default,8,2,priority,oldest,0,0,85,90,0.25,1,2d,lfe,nonlooping,,1,0,0,0,0,0.25,no,no,none,0,,no,,,no,no,no,0,0,yes,no,,0,,no,no,no
wpn_fnp45_LFE_npc,raw\sound\wpn\smg\mp7\plr\lfe\wpn_mp7_fire_lfe.LN65.pc.snd.wav,wpn_fnp45_fire_npc_dist,loaded,bus_hdrfx,grp_wpn_lfe,snp_wpn_3p,,0,0,81,81,25,225,225,allon,default,allon,default,3,1,priority,oldest,0,0,40,90,0.25,0.75,3d,lfe,nonlooping,,1,0,0,0,0,0.25,no,no,none,0,,no,,,no,no,no,0,0,yes,no,,0,,no,no,no
wpn_fnp45_pickup_npc,raw\sound\fly\pickups\weapon\fly_weapon_pickup_00.LN65.pc.snd.wav,,loaded,bus_fx,grp_foley,snp_foley,,30,0,75,75,75,500,500,allon,default,allon,default,2,1,priority,reject,-50,50,15,30,0.25,1,3d,default,nonlooping,,1,0,25,250,75,0.25,no,yes,none,0,,no,,,yes,no,no,0,0,yes,no,,0,,no,no,no
wpn_fnp45_pickup_npc,raw\sound\fly\pickups\weapon\fly_weapon_pickup_01.LN65.pc.snd.wav,,loaded,bus_fx,grp_foley,snp_foley,,30,0,75,75,75,500,500,allon,default,allon,default,2,1,priority,reject,-50,50,15,30,0.25,1,3d,default,nonlooping,,1,0,25,250,75,0.25,no,yes,none,0,,no,,,yes,no,no,0,0,yes,no,,0,,no,no,no
wpn_fnp45_pickup_plr,raw\sound\fly\pickups\weapon\fly_weapon_pickup_00.LN65.pc.snd.wav,,loaded,bus_fx,grp_foley,snp_foley,,30,0,75,75,0,5000,5000,allon,default,allon,default,1,8,reject,oldest,-88,84,70,70,0.25,1,2d,front,nonlooping,,1,0,0,0,0,0.25,no,yes,none,0,,no,,,yes,no,no,0,0,yes,no,,0,,no,no,no
wpn_fnp45_pickup_plr,raw\sound\fly\pickups\weapon\fly_weapon_pickup_01.LN65.pc.snd.wav,,loaded,bus_fx,grp_foley,snp_foley,,30,0,75,75,0,5000,5000,allon,default,allon,default,1,8,reject,oldest,-88,84,70,70,0.25,1,2d,front,nonlooping,,1,0,0,0,0,0.25,no,yes,none,0,,no,,,yes,no,no,0,0,yes,no,,0,,no,no,no
wpn_fnp45_raise_npc,raw\sound\fly\gear\rattle\fly_cloth_00.LN65.pc.snd.wav,,loaded,bus_fx,grp_foley,snp_foley,,30,0,75,75,75,500,500,allon,default,allon,default,4,8,priority,oldest,-90,90,15,30,0.25,1,3d,default,nonlooping,,1,0,25,250,75,0.25,no,yes,none,0,,no,,,yes,no,no,0,0,yes,no,,0,,no,no,no
wpn_fnp45_raise_npc,raw\sound\fly\gear\rattle\fly_cloth_01.LN65.pc.snd.wav,,loaded,bus_fx,grp_foley,snp_foley,,30,0,75,75,75,500,500,allon,default,allon,default,4,8,priority,oldest,-90,90,15,30,0.25,1,3d,default,nonlooping,,1,0,25,250,75,0.25,no,yes,none,0,,no,,,yes,no,no,0,0,yes,no,,0,,no,no,no
wpn_fnp45_raise_npc,raw\sound\fly\gear\rattle\fly_cloth_02.LN65.pc.snd.wav,,loaded,bus_fx,grp_foley,snp_foley,,30,0,75,75,75,500,500,allon,default,allon,default,4,8,priority,oldest,-90,90,15,30,0.25,1,3d,default,nonlooping,,1,0,25,250,75,0.25,no,yes,none,0,,no,,,yes,no,no,0,0,yes,no,,0,,no,no,no
wpn_fnp45_raise_npc,raw\sound\fly\gear\rattle\fly_cloth_03.LN65.pc.snd.wav,,loaded,bus_fx,grp_foley,snp_foley,,30,0,75,75,75,500,500,allon,default,allon,default,4,8,priority,oldest,-90,90,15,30,0.25,1,3d,default,nonlooping,,1,0,25,250,75,0.25,no,yes,none,0,,no,,,yes,no,no,0,0,yes,no,,0,,no,no,no
wpn_fnp45_raise_plr,raw\sound\fly\gear\rattle\fly_cloth_00.LN65.pc.snd.wav,,loaded,bus_fx,grp_foley,snp_foley,,30,0,86,89,0,5000,5000,allon,default,allon,default,8,8,priority,oldest,-88,84,70,70,0.25,1,2d,front,nonlooping,,1,0,0,0,0,0.25,no,yes,none,0,,no,,,yes,no,no,0,0,yes,no,,0,,no,no,no
wpn_fnp45_raise_plr,raw\sound\fly\gear\rattle\fly_cloth_01.LN65.pc.snd.wav,,loaded,bus_fx,grp_foley,snp_foley,,30,0,86,89,0,5000,5000,allon,default,allon,default,8,8,priority,oldest,-88,84,70,70,0.25,1,2d,front,nonlooping,,1,0,0,0,0,0.25,no,yes,none,0,,no,,,yes,no,no,0,0,yes,no,,0,,no,no,no
wpn_fnp45_raise_plr,raw\sound\fly\gear\rattle\fly_cloth_02.LN65.pc.snd.wav,,loaded,bus_fx,grp_foley,snp_foley,,30,0,86,89,0,5000,5000,allon,default,allon,default,8,8,priority,oldest,-88,84,70,70,0.25,1,2d,front,nonlooping,,1,0,0,0,0,0.25,no,yes,none,0,,no,,,yes,no,no,0,0,yes,no,,0,,no,no,no
wpn_fnp45_raise_plr,raw\sound\fly\gear\rattle\fly_cloth_03.LN65.pc.snd.wav,,loaded,bus_fx,grp_foley,snp_foley,,30,0,86,89,0,5000,5000,allon,default,allon,default,8,8,priority,oldest,-88,84,70,70,0.25,1,2d,front,nonlooping,,1,0,0,0,0,0.25,no,yes,none,0,,no,,,yes,no,no,0,0,yes,no,,0,,no,no,no
wpn_fnp45_silencer_fire_npc,raw\sound\wpn\pistol\fiveseven\plr\shot\silenced\wpn_fiveseven_sil_shot_plr.LN65.pc.snd.wav,wpn_fnp45_silencer_LFE_npc,loaded,bus_fx,grp_weapon,snp_wpn_3p,,0,0,85,85,900,900,900,cosdelay,alloff,cosdelay,default,6,2,priority,oldest,-50,50,20,90,0.25,0.8,3d,default,nonlooping,,1,0,0,0,0,0.25,no,no,none,0,,no,,,yes,no,no,0,0,yes,no,,0,,no,no,no
wpn_fnp45_silencer_fire_npc_decay,raw\sound\wpn\pistol\decay\ext\silenced\wpn_pistol_decay_silenced_ext.LN65.pc.snd.wav,,loaded,bus_fx,grp_weapon,snp_wpn_3p,,55,0,75,75,50,900,900,allon,default,rcurve1,default,10,1,reject,oldest,-100,100,20,70,0.15,1,3d,quad,nonlooping,,1,0,0,0,0,0.25,no,no,none,0,,no,ringoff_plr,outdoor,yes,no,no,0,0,yes,no,,0,,no,no,no
wpn_fnp45_silencer_fire_npc_decay,raw\sound\wpn\pistol\decay\int\silenced\wpn_pistol_decay_silenced_int.LN65.pc.snd.wav,,loaded,bus_fx,grp_weapon,snp_wpn_3p,,55,0,75,75,50,900,900,allon,default,rcurve1,default,10,1,reject,oldest,-100,100,20,70,0.15,1,3d,quad,nonlooping,,1,0,0,0,0,0.25,no,no,none,0,,no,ringoff_plr,indoor,yes,no,no,0,0,yes,no,,0,,no,no,no
wpn_fnp45_silencer_fire_plr,raw\sound\wpn\pistol\fiveseven\plr\shot\silenced\wpn_fiveseven_sil_shot_plr.LN65.pc.snd.wav,wpn_fnp45_silencer_LFE,loaded,bus_fx,grp_weapon,snp_wpn_1p,wpn_cmn_suppressed_plr,0,0,90,90,0,5000,5000,allon,default,allon,default,2,8,oldest,oldest,-25,-25,90,90,0.25,1,2d,front_mostly,nonlooping,,1,0,0,0,0,0.25,no,no,none,0,,no,,,yes,no,no,0,0,yes,no,,0,,no,no,no
wpn_fnp45_silencer_fire_plr_decay,raw\sound\wpn\pistol\decay\ext\silenced\wpn_pistol_decay_silenced_ext.LN65.pc.snd.wav,,loaded,bus_fx,grp_weapon,snp_wpn_1p,,75,0,80,80,0,5000,5000,allon,default,allon,default,3,8,oldest,oldest,-50,50,90,90,0.25,1,2d,front_mostly,nonlooping,,1,0,0,0,0,0.25,no,no,none,0,,no,ringoff_plr,outdoor,yes,no,no,0,0,yes,no,,0,,no,no,no
wpn_fnp45_silencer_fire_plr_decay,raw\sound\wpn\pistol\decay\int\silenced\wpn_pistol_decay_silenced_int.LN65.pc.snd.wav,,loaded,bus_fx,grp_weapon,snp_wpn_1p,,75,0,83,83,0,5000,5000,allon,default,allon,default,3,8,oldest,oldest,-50,50,90,90,0.25,1,2d,front_mostly,nonlooping,,1,0,0,0,0,0.25,no,no,none,0,,no,ringoff_plr,indoor,yes,no,no,0,0,yes,no,,0,,no,no,no
wpn_fnp45_silencer_LFE,raw\sound\wpn\smg\mp7\plr\lfe\wpn_mp7_fire_lfe.LN65.pc.snd.wav,wpn_fnp45_silencer_fire_plr_decay,loaded,bus_hdrfx,grp_wpn_lfe,snp_wpn_1p,,0,0,86,86,0,5000,5000,allon,default,allon,default,1,2,priority,oldest,0,0,85,90,0.25,1,2d,lfe,nonlooping,,1,0,0,0,0,0.25,no,no,none,0,,no,,,no,no,no,0,0,yes,no,,0,,no,no,no
wpn_fnp45_silencer_LFE_npc,raw\sound\wpn\smg\mp7\plr\lfe\wpn_mp7_fire_lfe.LN65.pc.snd.wav,wpn_fnp45_silencer_fire_npc_decay,loaded,bus_hdrfx,grp_wpn_lfe,snp_wpn_3p,,0,0,81,81,25,225,225,allon,default,allon,default,3,1,priority,oldest,0,0,40,90,0.25,0.75,3d,lfe,nonlooping,,1,0,0,0,0,0.25,no,no,none,0,,no,,,no,no,no,0,0,yes,no,,0,,no,no,no
wpn_fnp45_fire_npc_pap,raw\sound\wpn\pap\pap_shot_st.LN65.pc.snd.wav,wpn_fnp45_flux_l_npc_pap,loaded,bus_fx,grp_weapon,snp_wpn_3p,,80,0,82,82,75,1250,1250,allon,default,allon,default,10,3,priority,oldest,-100,100,50,90,0.35,1,3d,default,nonlooping,pitch,1,0,0,0,0,0.25,no,no,none,0,,no,,,yes,no,no,0,0,yes,no,,0,,no,no,no
wpn_fnp45_flux_l_npc_pap,raw\sound\wpn\pap\pap_flux_left.LN65.pc.snd.wav,wpn_fnp45_flux_r_npc_pap,loaded,bus_fx,grp_weapon,snp_wpn_3p,,84,0,75,75,25,900,900,allon,default,allon,default,8,4,priority,priority,-34,34,85,90,0.25,1,3d,default,nonlooping,pitch,1,0,0,0,0,0.25,no,no,left_shot,4000,,no,,,yes,no,no,0,0,yes,no,,0,,no,no,no
wpn_fnp45_flux_r_npc_pap,raw\sound\wpn\pap\pap_flux_right.LN65.pc.snd.wav,wpn_fnp45_fire_npc,loaded,bus_fx,grp_weapon,snp_wpn_3p,,84,0,75,75,25,900,900,allon,default,allon,default,8,4,priority,priority,-34,34,85,90,0.25,1,3d,default,nonlooping,pitch,1,0,0,0,0,0.25,no,no,right_shot,4000,,no,,,yes,no,no,0,0,yes,no,,0,,no,no,no
wpn_fnp45_fire_plr_pap,raw\sound\wpn\pap\pap_shot_st.LN65.pc.snd.wav,wpn_fnp45_flux_l_plr_pap,loaded,bus_hdrfx,grp_weapon,snp_wpn_1p,,70,0,87,87,0,5000,5000,allon,default,allon,default,1,8,oldest,oldest,0,0,90,90,0.25,1,2d,wpn_all,nonlooping,,1,0,0,0,0,0.25,no,no,none,0,,no,,,yes,no,no,0,0,yes,no,,0,,no,no,no
wpn_fnp45_flux_l_plr_pap,raw\sound\wpn\pap\pap_flux_left.LN65.pc.snd.wav,wpn_fnp45_flux_r_plr_pap,loaded,bus_fx,grp_weapon,snp_wpn_3p,,84,0,75,75,25,900,900,allon,default,allon,default,8,4,priority,priority,-34,34,85,90,0.25,1,3d,default,nonlooping,pitch,1,0,0,0,0,0.25,no,no,left_shot,4000,,no,,,yes,no,no,0,0,yes,no,,0,,no,no,no
wpn_fnp45_flux_r_plr_pap,raw\sound\wpn\pap\pap_flux_right.LN65.pc.snd.wav,wpn_fnp45_fire_plr,loaded,bus_fx,grp_weapon,snp_wpn_3p,,84,0,75,75,25,900,900,allon,default,allon,default,8,4,priority,priority,-34,34,85,90,0.25,1,3d,default,nonlooping,pitch,1,0,0,0,0,0.25,no,no,right_shot,4000,,no,,,yes,no,no,0,0,yes,no,,0,,no,no,no
zmqol_hit_cw,raw\sound\zmqol\hit_cw.wav,,loaded,bus_fx,grp_weapon,snp_never_duck,,0,100,99,99,0,5000,5000,allon,allon,allon,allon,128,128,priority,oldest,0,0,40,90,0.25,1,2d,default,nonlooping,,1,0,0,0,0,0.25,no,no,none,0,,no,,,yes,no,no,0,0,yes,no,,0,,no,no,no
zmqol_kill_cw,raw\sound\zmqol\kill_cw.wav,,loaded,bus_fx,grp_weapon,snp_never_duck,,0,100,99,99,0,5000,5000,allon,allon,allon,allon,128,128,priority,oldest,0,0,40,90,0.25,1,2d,default,nonlooping,,1,0,0,0,0,0.25,no,no,none,0,,no,,,yes,no,no,0,0,yes,no,,0,,no,no,no
zmqol_hit_mw,raw\sound\zmqol\hit_mw.wav,,loaded,bus_fx,grp_weapon,snp_never_duck,,0,100,99,99,0,5000,5000,allon,allon,allon,allon,128,128,priority,oldest,0,0,40,90,0.25,1,2d,default,nonlooping,,1,0,0,0,0,0.25,no,no,none,0,,no,,,yes,no,no,0,0,yes,no,,0,,no,no,no
zmqol_kill_mw,raw\sound\zmqol\kill_mw.wav,,loaded,bus_fx,grp_weapon,snp_never_duck,,0,100,99,99,0,5000,5000,allon,allon,allon,allon,128,128,priority,oldest,0,0,40,90,0.25,1,2d,default,nonlooping,,1,0,0,0,0,0.25,no,no,none,0,,no,,,yes,no,no,0,0,yes,no,,0,,no,no,no
zmqol_crit_mw,raw\sound\zmqol\crit_mw.wav,,loaded,bus_fx,grp_weapon,snp_never_duck,,0,100,99,99,0,5000,5000,allon,allon,allon,allon,128,128,priority,oldest,0,0,40,90,0.25,1,2d,default,nonlooping,,1,0,0,0,0,0.25,no,no,none,0,,no,,,yes,no,no,0,0,yes,no,,0,,no,no,no
zmqol_hit_bo4,raw\sound\zmqol\hit_bo4.wav,,loaded,bus_fx,grp_weapon,snp_never_duck,,0,100,99,99,0,5000,5000,allon,allon,allon,allon,128,128,priority,oldest,0,0,40,90,0.25,1,2d,default,nonlooping,,1,0,0,0,0,0.25,no,no,none,0,,no,,,yes,no,no,0,0,yes,no,,0,,no,no,no
zmqol_kill_bo4,raw\sound\zmqol\kill_bo4.wav,,loaded,bus_fx,grp_weapon,snp_never_duck,,0,100,99,99,0,5000,5000,allon,allon,allon,allon,128,128,priority,oldest,0,0,40,90,0.25,1,2d,default,nonlooping,,1,0,0,0,0,0.25,no,no,none,0,,no,,,yes,no,no,0,0,yes,no,,0,,no,no,no
zmqol_hit_ow,raw\sound\zmqol\hit_ow.wav,,loaded,bus_fx,grp_weapon,snp_never_duck,,0,100,99,99,0,5000,5000,allon,allon,allon,allon,128,128,priority,oldest,0,0,40,90,0.25,1,2d,default,nonlooping,,1,0,0,0,0,0.25,no,no,none,0,,no,,,yes,no,no,0,0,yes,no,,0,,no,no,no
zmqol_kill_ow,raw\sound\zmqol\kill_ow2.wav,,loaded,bus_fx,grp_weapon,snp_never_duck,,0,100,99,99,0,5000,5000,allon,allon,allon,allon,128,128,priority,oldest,0,0,40,90,0.25,1,2d,default,nonlooping,,1,0,0,0,0,0.25,no,no,none,0,,no,,,yes,no,no,0,0,yes,no,,0,,no,no,no
zmqol_hit_al,raw\sound\zmqol\hit_al.wav,,loaded,bus_fx,grp_weapon,snp_never_duck,,0,100,99,99,0,5000,5000,allon,allon,allon,allon,128,128,priority,oldest,0,0,40,90,0.25,1,2d,default,nonlooping,,1,0,0,0,0,0.25,no,no,none,0,,no,,,yes,no,no,0,0,yes,no,,0,,no,no,no
zmqol_kill_al,raw\sound\zmqol\kill_al.wav,,loaded,bus_fx,grp_weapon,snp_never_duck,,0,100,99,99,0,5000,5000,allon,allon,allon,allon,128,128,priority,oldest,0,0,40,90,0.25,1,2d,default,nonlooping,,1,0,0,0,0,0.25,no,no,none,0,,no,,,yes,no,no,0,0,yes,no,,0,,no,no,no
zmqol_hit_8bit,raw\sound\zmqol\hit_8bit.wav,,loaded,bus_fx,grp_weapon,snp_never_duck,,0,100,99,99,0,5000,5000,allon,allon,allon,allon,128,128,priority,oldest,0,0,40,90,0.25,1,2d,default,nonlooping,,1,0,0,0,0,0.25,no,no,none,0,,no,,,yes,no,no,0,0,yes,no,,0,,no,no,no
zmqol_kill_8bit,raw\sound\zmqol\kill_8bit.wav,,loaded,bus_fx,grp_weapon,snp_never_duck,,0,100,99,99,0,5000,5000,allon,allon,allon,allon,128,128,priority,oldest,0,0,40,90,0.25,1,2d,default,nonlooping,,1,0,0,0,0,0.25,no,no,none,0,,no,,,yes,no,no,0,0,yes,no,,0,,no,no,no
zmqol_hit_mwog,raw\sound\zmqol\hit_mwog.wav,,loaded,bus_fx,grp_weapon,snp_never_duck,,0,100,99,99,0,5000,5000,allon,allon,allon,allon,128,128,priority,oldest,0,0,40,90,0.25,1,2d,default,nonlooping,,1,0,0,0,0,0.25,no,no,none,0,,no,,,yes,no,no,0,0,yes,no,,0,,no,no,no
zmqol_kill_mwog,raw\sound\zmqol\kill_mwog.wav,,loaded,bus_fx,grp_weapon,snp_never_duck,,0,100,99,99,0,5000,5000,allon,allon,allon,allon,128,128,priority,oldest,0,0,40,90,0.25,1,2d,default,nonlooping,,1,0,0,0,0,0.25,no,no,none,0,,no,,,yes,no,no,0,0,yes,no,,0,,no,no,no
zmqol_hit_bo7,raw\sound\zmqol\hit_bo7.wav,,loaded,bus_fx,grp_weapon,snp_never_duck,,0,100,99,99,0,5000,5000,allon,allon,allon,allon,128,128,priority,oldest,0,0,40,90,0.25,1,2d,default,nonlooping,,1,0,0,0,0,0.25,no,no,none,0,,no,,,yes,no,no,0,0,yes,no,,0,,no,no,no
zmqol_kill_bo7,raw\sound\zmqol\kill_bo7_1.wav,,loaded,bus_fx,grp_weapon,snp_never_duck,,0,100,99,99,0,5000,5000,allon,allon,allon,allon,128,128,priority,oldest,0,0,40,90,0.25,1,2d,default,nonlooping,,1,0,0,0,0,0.25,no,no,none,0,,no,,,yes,no,no,0,0,yes,no,,0,,no,no,no
zmqol_kill_bo7,raw\sound\zmqol\kill_bo7_2.wav,,loaded,bus_fx,grp_weapon,snp_never_duck,,0,100,99,99,0,5000,5000,allon,allon,allon,allon,128,128,priority,oldest,0,0,40,90,0.25,1,2d,default,nonlooping,,1,0,0,0,0,0.25,no,no,none,0,,no,,,yes,no,no,0,0,yes,no,,0,,no,no,no
zmqol_crit_bo7,raw\sound\zmqol\crit_bo7.wav,,loaded,bus_fx,grp_weapon,snp_never_duck,,0,100,99,99,0,5000,5000,allon,allon,allon,allon,128,128,priority,oldest,0,0,40,90,0.25,1,2d,default,nonlooping,,1,0,0,0,0,0.25,no,no,none,0,,no,,,yes,no,no,0,0,yes,no,,0,,no,no,no
zmqol_downed_bo4,raw\sound\zmqol\downed_bo4.wav,,loaded,bus_fx,grp_weapon,snp_never_duck,,0,100,99,99,0,5000,5000,allon,allon,allon,allon,100,100,priority,oldest,0,0,40,90,0.25,1,2d,default,nonlooping,,1,0,0,0,0,0.25,no,no,none,0,,no,,,yes,no,no,0,0,yes,no,,0,,no,no,no
zmqol_downed_cw,raw\sound\zmqol\downed_cw.wav,,loaded,bus_fx,grp_weapon,snp_never_duck,,0,100,99,99,0,5000,5000,allon,allon,allon,allon,100,100,priority,oldest,0,0,40,90,0.25,1,2d,default,nonlooping,,1,0,0,0,0,0.25,no,no,none,0,,no,,,yes,no,no,0,0,yes,no,,0,,no,no,no
zmqol_downed_mw,raw\sound\zmqol\downed_mw.wav,,loaded,bus_fx,grp_weapon,snp_never_duck,,0,100,99,99,0,5000,5000,allon,allon,allon,allon,100,100,priority,oldest,0,0,40,90,0.25,1,2d,default,nonlooping,,1,0,0,0,0,0.25,no,no,none,0,,no,,,yes,no,no,0,0,yes,no,,0,,no,no,no
fly_titus_bolt_back,raw\sound\wpn\assault\reload\fly_assault_bb.LN65.pc.snd.wav,,loaded,bus_fx,grp_foley,snp_foley,,30,0,86,89,0,5000,5000,allon,default,allon,default,8,8,priority,oldest,-88,84,70,70,0.25,1,2d,front,nonlooping,,1,0,0,0,0,0.25,no,yes,none,0,,no,,,yes,no,no,0,0,yes,no,,0,,no,no,no
fly_titus_bolt_release,raw\sound\wpn\assault\reload\fly_assault_bf.LN65.pc.snd.wav,,loaded,bus_fx,grp_foley,snp_foley,,30,0,86,89,0,5000,5000,allon,default,allon,default,8,8,priority,oldest,-88,84,70,70,0.25,1,2d,front,nonlooping,,1,0,0,0,0,0.25,no,yes,none,0,,no,,,yes,no,no,0,0,yes,no,,0,,no,no,no
fly_titus_mag_in,raw\sound\wpn\assault\reload\fly_assault_mag_in.LN65.pc.snd.wav,,loaded,bus_fx,grp_foley,snp_foley,,30,0,86,89,0,5000,5000,allon,default,allon,default,8,8,priority,oldest,-88,84,70,70,0.25,1,2d,front,nonlooping,,1,0,0,0,0,0.25,no,yes,none,0,,no,,,yes,no,no,0,0,yes,no,,0,,no,no,no
fly_titus_mag_out,raw\sound\wpn\assault\reload\fly_assault_mag_out.LN65.pc.snd.wav,,loaded,bus_fx,grp_foley,snp_foley,,30,0,86,89,0,5000,5000,allon,default,allon,default,8,8,priority,oldest,-88,84,70,70,0.25,1,2d,front,nonlooping,,1,0,0,0,0,0.25,no,yes,none,0,,no,,,yes,no,no,0,0,yes,no,,0,,no,no,no
fly_titus_tap,raw\sound\wpn\assault\m14\reload\fly_m14_tap.LN65.pc.snd.wav,,loaded,bus_fx,grp_foley,snp_foley,,30,0,86,89,0,5000,5000,allon,default,allon,default,8,8,priority,oldest,-88,84,70,70,0.25,1,2d,front,nonlooping,,1,0,0,0,0,0.25,no,yes,none,0,,no,,,yes,no,no,0,0,yes,no,,0,,no,no,no
wpn_vulcan_dist_loop_npc,raw\sound\wpn\lmg\vulcan\npc\fire\dist\wpn_vulcan_fire_loop_dist_npc.LL65.pc.snd.wav.wav,,loaded,bus_fx,grp_weapon,snp_wpn_3p,,80,0,85,85,900,6000,12500,sindelay,default,sindelay,allon,8,1,priority,reject,0,0,90,40,0.25,1,3d,default,looping,variant,1,0,0,0,0,0.25,no,no,none,0,,no,,,yes,no,no,0,200,yes,no,,0,,no,no,no
wpn_vulcan_dist_loop_ring_npc,raw\sound\wpn\lmg\vulcan\npc\fire\dist\wpn_vulcan_fire_stop_dist_npc.LN65.pc.snd.wav.wav,,loaded,bus_fx,grp_weapon,snp_wpn_3p,,80,0,85,85,900,6000,12500,sindelay,default,sindelay,allon,8,1,priority,reject,0,0,90,40,0.25,1,3d,default,nonlooping,variant,1,0,0,0,0,0.25,no,no,none,0,,no,,,yes,no,no,50,0,yes,no,,0,,no,no,no
wpn_vulcan_fire_lfe_ring_plr,raw\sound\wpn\lmg\minigun\wpn_minigun_shot_lfe_ring_plr.LN65.pc.snd.wav.wav,,loaded,bus_hdrfx,grp_wpn_lfe,snp_wpn_1p,,0,0,86,86,0,5000,5000,allon,default,allon,default,1,2,oldest,oldest,0,0,85,90,0.25,1,2d,lfe,nonlooping,,1,0,0,0,0,0.25,no,no,none,0,,no,,,no,no,no,0,0,yes,no,,0,,no,no,no
wpn_vulcan_fire_loop_lfe_plr,raw\sound\wpn\lmg\vulcan\plr\lfe\wpn_vulcan_fire_lfe_plr.LL65.pc.snd.wav.wav,,loaded,bus_hdrfx,grp_wpn_lfe,snp_wpn_1p,,0,0,86,86,0,5000,5000,allon,default,allon,default,8,1,priority,reject,0,0,85,90,0.25,1,2d,lfe,looping,,1,0,0,0,0,0.25,no,no,none,0,,no,,,no,no,no,0,0,yes,no,,0,,no,no,no
wpn_vulcan_fire_loop_npc,raw\sound\wpn\lmg\vulcan\plr\fire\wpn_vulcan_fire_loop_plr.LL65.pc.snd.wav.wav,wpn_vulcan_dist_loop_npc,loaded,bus_fx,grp_weapon,snp_wpn_3p,,70,0,85,85,900,900,901,cosdelay,alloff,cosdelay,default,8,1,priority,reject,0,0,50,90,0.25,0.8,3d,default,looping,pitch,1,150,0,0,0,0.25,no,no,none,0,,no,,,yes,no,no,50,200,yes,no,,0,,no,no,no
wpn_vulcan_fire_loop_plr,raw\sound\wpn\lmg\vulcan\plr\fire\wpn_vulcan_fire_loop_plr.LL65.pc.snd.wav.wav,,loaded,bus_fx,grp_weapon,snp_wpn_1p,@ce86373b,70,0,93,93,0,5000,5000,allon,default,allon,default,2,8,oldest,oldest,0,0,90,90,0.25,1,2d,front_mostly,looping,,1,500,0,0,0,0.25,no,no,none,0,,no,,,yes,no,no,50,200,yes,no,,0,,no,no,no
wpn_vulcan_fire_loop_ring_npc,raw\sound\wpn\lmg\vulcan\plr\fire\wpn_vulcan_fire_stop_plr.LN65.pc.snd.wav.wav,wpn_vulcan_dist_loop_ring_npc,loaded,bus_fx,grp_weapon,snp_wpn_3p,,70,0,85,85,900,900,901,cosdelay,alloff,cosdelay,default,8,1,priority,reject,0,0,50,90,0.25,0.8,3d,default,nonlooping,pitch,1,0,0,0,0,0.25,no,no,none,0,,no,,,yes,no,no,0,0,yes,no,,0,,no,no,no
wpn_vulcan_fire_loop_ring_plr,raw\sound\wpn\lmg\vulcan\plr\fire\wpn_vulcan_fire_stop_plr.LN65.pc.snd.wav.wav,,loaded,bus_fx,grp_weapon,snp_wpn_1p,,70,0,93,93,0,5000,5000,allon,default,allon,default,1,8,oldest,oldest,0,0,90,90,0.25,1,2d,front_mostly,nonlooping,,1,0,0,0,0,0.25,no,no,none,0,,no,,,yes,no,no,50,0,yes,no,,0,,no,no,no
wpn_vulcan_fire_loop_start_npc,raw\sound\wpn\lmg\vulcan\plr\fire\wpn_vulcan_fire_stop_plr.LN65.pc.snd.wav.wav,,loaded,bus_fx,grp_weapon,snp_wpn_3p,,70,0,85,85,900,900,901,cosdelay,alloff,cosdelay,default,8,1,priority,reject,0,0,50,90,0.25,0.8,3d,default,nonlooping,pitch,1,0,0,0,0,0.25,no,no,none,0,,no,,,yes,no,no,0,0,yes,no,,0,,no,no,no
wpn_vulcan_fire_loop_start_plr,raw\sound\wpn\lmg\vulcan\plr\fire\wpn_vulcan_fire_start_plr.LN65.pc.snd.wav.wav,,loaded,bus_fx,grp_weapon,snp_wpn_1p,,70,0,93,93,0,5000,5000,allon,default,allon,default,1,8,oldest,oldest,0,0,90,90,0.25,1,2d,front_mostly,nonlooping,,1,0,0,0,0,0.25,no,no,none,0,,no,,,yes,no,no,0,0,yes,no,,0,,no,no,no
wpn_vulcan_loop_npc,raw\sound\wpn\lmg\vulcan\plr\spool\wpn_vulcan_loop_plr.LL65.pc.snd.wav.wav,,loaded,bus_fx,grp_weapon,snp_wpn_3p,,75,0,67,67,200,350,350,allon,default,rcurve1,default,10,1,priority,reject,0,0,50,90,0.35,1,3d,default,looping,pitch,1,466,0,0,0,0.25,no,no,none,0,,no,,,yes,no,no,0,0,yes,no,,0,,no,no,no
wpn_vulcan_loop_plr,raw\sound\wpn\lmg\vulcan\plr\spool\wpn_vulcan_loop_plr.LL65.pc.snd.wav.wav,,loaded,bus_fx,grp_weapon,snp_wpn_1p,,10,0,80,80,0,5000,5000,allon,default,allon,default,1,8,reject,oldest,0,0,90,90,0.25,1,2d,wpn_fnt,looping,,1,750,0,0,0,0.25,no,no,none,0,,no,,,yes,no,no,50,50,yes,no,,0,,no,no,no
wpn_vulcan_raise_npc,raw\sound\wpn\lmg\minigun\foley\fly_minigun_up.LN65.pc.snd.wav.wav,,loaded,bus_fx,grp_foley,snp_foley,,30,0,75,75,75,500,500,allon,default,allon,default,4,8,priority,oldest,-90,90,15,30,0.25,1,3d,default,nonlooping,,1,0,25,250,75,0.25,no,yes,none,0,,no,,,yes,no,no,0,0,yes,no,,0,,no,no,no
wpn_vulcan_raise_plr,raw\sound\wpn\lmg\minigun\foley\fly_minigun_up.LN65.pc.snd.wav.wav,,loaded,bus_fx,grp_foley,snp_foley,,30,0,86,89,0,5000,5000,allon,default,allon,default,8,8,priority,oldest,-88,84,70,70,0.25,1,2d,front,nonlooping,,1,0,0,0,0,0.25,no,yes,none,0,,no,,,yes,no,no,0,0,yes,no,,0,,no,no,no
wpn_vulcan_start_npc,raw\sound\wpn\lmg\vulcan\plr\spool\wpn_vulcan_start_plr.LN65.pc.snd.wav.wav,,loaded,bus_fx,grp_weapon,snp_wpn_3p,,75,0,67,67,200,350,350,allon,default,rcurve1,default,10,1,priority,reject,0,0,50,90,0.35,1,3d,default,nonlooping,pitch,1,0,0,0,0,0.25,no,no,none,0,,no,,,yes,no,no,0,0,yes,no,,0,,no,no,no
wpn_vulcan_start_plr,raw\sound\wpn\lmg\vulcan\plr\spool\wpn_vulcan_start_plr.LN65.pc.snd.wav.wav,,loaded,bus_fx,grp_weapon,snp_wpn_1p,,10,0,80,80,0,5000,5000,allon,default,allon,default,1,8,reject,oldest,0,0,90,90,0.25,1,2d,wpn_fnt,nonlooping,,1,0,0,0,0,0.25,no,no,none,0,,no,,,yes,no,no,0,0,yes,no,,0,,no,no,no
wpn_vulcan_stop_npc,raw\sound\wpn\lmg\vulcan\plr\spool\wpn_vulcan_stop_plr.LN65.pc.snd.wav.wav,,loaded,bus_fx,grp_weapon,snp_wpn_3p,,75,0,67,67,200,350,350,allon,default,rcurve1,default,10,1,priority,reject,0,0,50,90,0.35,1,3d,default,nonlooping,pitch,1,0,0,0,0,0.25,no,no,none,0,,no,,,yes,no,no,0,0,yes,no,,0,,no,no,no
wpn_vulcan_stop_plr,raw\sound\wpn\lmg\vulcan\plr\spool\wpn_vulcan_stop_plr.LN65.pc.snd.wav.wav,,loaded,bus_fx,grp_weapon,snp_wpn_1p,,10,0,80,80,0,5000,5000,allon,default,allon,default,1,8,reject,oldest,0,0,90,90,0.25,1,2d,wpn_fnt,nonlooping,,1,0,0,0,0,0.25,no,no,none,0,,no,,,yes,no,no,300,0,yes,no,,0,,no,no,no
vox_zmba_sam_qol_powerup_zombie_blood_0,raw\sound\zmb\qol\vox_zmba_powerup_zombie_blood_d_0.SN40.pc.snd.flac,,streamed,bus_voice,grp_voice,snp_never_duck,,0,0,84,84,0,5000,5000,allon,default,allon,default,8,8,priority,oldest,0,0,100,100,0,1,2d,quad,nonlooping,,1,0,0,0,0,0,no,yes,none,0,,no,mature,,yes,no,no,0,0,yes,yes,,0,,no,no,no
vox_zmba_sam_qol_powerup_blood_money_0,raw\sound\zmb\qol\vox_zmba_powerup_blood_money_d_0.SN40.pc.snd.flac,,streamed,bus_voice,grp_voice,snp_never_duck,,0,0,84,84,0,5000,5000,allon,default,allon,default,8,8,priority,oldest,0,0,100,100,0,1,2d,quad,nonlooping,,1,0,0,0,0,0,no,yes,none,0,,no,mature,,yes,no,no,0,0,yes,yes,,0,,no,no,no
vox_zmba_sam_qol_powerup_zombie_blood,raw\sound\zmb\qol\vox_zmba_powerup_zombie_blood_d_0.SN40.pc.snd.flac,,streamed,bus_voice,grp_voice,snp_never_duck,,0,0,84,84,0,5000,5000,allon,default,allon,default,8,8,priority,oldest,0,0,100,100,0,1,2d,quad,nonlooping,,1,0,0,0,0,0,no,yes,none,0,,no,mature,,yes,no,no,0,0,yes,yes,,0,,no,no,no
vox_zmba_sam_qol_powerup_blood_money,raw\sound\zmb\qol\vox_zmba_powerup_blood_money_d_0.SN40.pc.snd.flac,,streamed,bus_voice,grp_voice,snp_never_duck,,0,0,84,84,0,5000,5000,allon,default,allon,default,8,8,priority,oldest,0,0,100,100,0,1,2d,quad,nonlooping,,1,0,0,0,0,0,no,yes,none,0,,no,mature,,yes,no,no,0,0,yes,yes,,0,,no,no,no
aml_dog_attack_jump,raw\sound\zmb\ai\hellhounds\vox\attack\attack_00.LN55.pc.snd.wav,zmb_hellhound_vocals_bite,loaded,bus_fx,grp_ambience,snp_ambience,,60,0,85,85,75,550,550,allon,default,allon,default,6,1,priority,oldest,-50,50,10,50,0,1,3d,default,nonlooping,,1,0,0,0,0,0.1,no,yes,none,0,,no,,,yes,no,no,0,0,yes,yes,,0,,no,no,no
aml_dog_attack_jump,raw\sound\zmb\ai\hellhounds\vox\attack\attack_01.LN55.pc.snd.wav,zmb_hellhound_vocals_bite,loaded,bus_fx,grp_ambience,snp_ambience,,60,0,85,85,75,550,550,allon,default,allon,default,6,1,priority,oldest,-50,50,10,50,0,1,3d,default,nonlooping,,1,0,0,0,0,0.1,no,yes,none,0,,no,,,yes,no,no,0,0,yes,yes,,0,,no,no,no
aml_dog_attack_jump,raw\sound\zmb\ai\hellhounds\vox\attack\attack_02.LN55.pc.snd.wav,zmb_hellhound_vocals_bite,loaded,bus_fx,grp_ambience,snp_ambience,,60,0,85,85,75,550,550,allon,default,allon,default,6,1,priority,oldest,-50,50,10,50,0,1,3d,default,nonlooping,,1,0,0,0,0,0.1,no,yes,none,0,,no,,,yes,no,no,0,0,yes,yes,,0,,no,no,no
aml_dog_attack_jump,raw\sound\zmb\ai\hellhounds\vox\attack\attack_03.LN55.pc.snd.wav,zmb_hellhound_vocals_bite,loaded,bus_fx,grp_ambience,snp_ambience,,60,0,85,85,75,550,550,allon,default,allon,default,6,1,priority,oldest,-50,50,10,50,0,1,3d,default,nonlooping,,1,0,0,0,0,0.1,no,yes,none,0,,no,,,yes,no,no,0,0,yes,yes,,0,,no,no,no
aml_dog_attack_jump,raw\sound\zmb\ai\hellhounds\vox\attack\attack_04.LN55.pc.snd.wav,zmb_hellhound_vocals_bite,loaded,bus_fx,grp_ambience,snp_ambience,,60,0,85,85,75,550,550,allon,default,allon,default,6,1,priority,oldest,-50,50,10,50,0,1,3d,default,nonlooping,,1,0,0,0,0,0.1,no,yes,none,0,,no,,,yes,no,no,0,0,yes,yes,,0,,no,no,no
aml_dog_attack_jump,raw\sound\zmb\ai\hellhounds\vox\attack\attack_05.LN55.pc.snd.wav,zmb_hellhound_vocals_bite,loaded,bus_fx,grp_ambience,snp_ambience,,60,0,85,85,75,550,550,allon,default,allon,default,6,1,priority,oldest,-50,50,10,50,0,1,3d,default,nonlooping,,1,0,0,0,0,0.1,no,yes,none,0,,no,,,yes,no,no,0,0,yes,yes,,0,,no,no,no
aml_dog_attack_jump,raw\sound\zmb\ai\hellhounds\vox\attack\attack_06.LN55.pc.snd.wav,zmb_hellhound_vocals_bite,loaded,bus_fx,grp_ambience,snp_ambience,,60,0,85,85,75,550,550,allon,default,allon,default,6,1,priority,oldest,-50,50,10,50,0,1,3d,default,nonlooping,,1,0,0,0,0,0.1,no,yes,none,0,,no,,,yes,no,no,0,0,yes,yes,,0,,no,no,no
aml_dog_bark,,,loaded,bus_fx,grp_ambience,snp_ambience,,60,0,65,65,75,550,550,allon,default,allon,default,6,8,priority,oldest,-50,50,10,50,0,1,3d,default,nonlooping,,1,0,0,0,0,0.1,no,yes,none,0,,no,,,yes,no,no,0,0,yes,yes,,0,,no,no,no
aml_dog_growl,,,loaded,bus_fx,grp_ambience,snp_ambience,,60,0,65,65,75,550,550,allon,default,allon,default,6,8,priority,oldest,-50,50,10,50,0,1,3d,default,nonlooping,,1,0,0,0,0,0.1,no,yes,none,0,,no,,,yes,no,no,0,0,yes,yes,,0,,no,no,no
aml_dog_idle_look,,,loaded,bus_fx,grp_ambience,snp_ambience,,60,0,65,65,75,550,550,allon,default,allon,default,6,8,priority,oldest,-50,50,10,50,0,1,3d,default,nonlooping,,1,0,0,0,0,0.1,no,yes,none,0,,no,,,yes,no,no,0,0,yes,yes,,0,,no,no,no
aml_dog_run_start,,,loaded,bus_fx,grp_ambience,snp_ambience,,60,0,65,65,75,550,550,allon,default,allon,default,6,8,priority,oldest,-50,50,10,50,0,1,3d,default,nonlooping,,1,0,0,0,0,0.1,no,yes,none,0,,no,,,yes,no,no,0,0,yes,yes,,0,,no,no,no
fly_dog_step_run_default,raw\sound\evt\zombie_global\hellhounds\step\step_00.LN55.pc.snd.wav,,loaded,bus_fx,grp_ambience,snp_ambience,,60,0,81,81,125,400,600,allon,default,allon,default,6,8,priority,oldest,-50,50,10,50,0,1,3d,default,nonlooping,,1,0,0,0,0,0.1,no,yes,none,0,,no,,,yes,no,no,0,0,yes,no,,0,,no,no,no
fly_dog_step_run_default,raw\sound\evt\zombie_global\hellhounds\step\step_01.LN55.pc.snd.wav,,loaded,bus_fx,grp_ambience,snp_ambience,,60,0,81,81,125,400,600,allon,default,allon,default,6,8,priority,oldest,-50,50,10,50,0,1,3d,default,nonlooping,,1,0,0,0,0,0.1,no,yes,none,0,,no,,,yes,no,no,0,0,yes,no,,0,,no,no,no
fly_dog_step_run_default,raw\sound\evt\zombie_global\hellhounds\step\step_02.LN55.pc.snd.wav,,loaded,bus_fx,grp_ambience,snp_ambience,,60,0,81,81,125,400,600,allon,default,allon,default,6,8,priority,oldest,-50,50,10,50,0,1,3d,default,nonlooping,,1,0,0,0,0,0.1,no,yes,none,0,,no,,,yes,no,no,0,0,yes,no,,0,,no,no,no
fly_dog_step_run_default,raw\sound\evt\zombie_global\hellhounds\step\step_03.LN55.pc.snd.wav,,loaded,bus_fx,grp_ambience,snp_ambience,,60,0,81,81,125,400,600,allon,default,allon,default,6,8,priority,oldest,-50,50,10,50,0,1,3d,default,nonlooping,,1,0,0,0,0,0.1,no,yes,none,0,,no,,,yes,no,no,0,0,yes,no,,0,,no,no,no
fly_dog_step_run_default,raw\sound\evt\zombie_global\hellhounds\step\step_04.LN55.pc.snd.wav,,loaded,bus_fx,grp_ambience,snp_ambience,,60,0,81,81,125,400,600,allon,default,allon,default,6,8,priority,oldest,-50,50,10,50,0,1,3d,default,nonlooping,,1,0,0,0,0,0.1,no,yes,none,0,,no,,,yes,no,no,0,0,yes,no,,0,,no,no,no
fly_dog_step_run_default,raw\sound\evt\zombie_global\hellhounds\step\step_05.LN55.pc.snd.wav,,loaded,bus_fx,grp_ambience,snp_ambience,,60,0,81,81,125,400,600,allon,default,allon,default,6,8,priority,oldest,-50,50,10,50,0,1,3d,default,nonlooping,,1,0,0,0,0,0.1,no,yes,none,0,,no,,,yes,no,no,0,0,yes,no,,0,,no,no,no
fly_dog_step_run_default,raw\sound\evt\zombie_global\hellhounds\step\step_06.LN55.pc.snd.wav,,loaded,bus_fx,grp_ambience,snp_ambience,,60,0,81,81,125,400,600,allon,default,allon,default,6,8,priority,oldest,-50,50,10,50,0,1,3d,default,nonlooping,,1,0,0,0,0,0.1,no,yes,none,0,,no,,,yes,no,no,0,0,yes,no,,0,,no,no,no
fly_dog_step_run_default,raw\sound\evt\zombie_global\hellhounds\step\step_07.LN55.pc.snd.wav,,loaded,bus_fx,grp_ambience,snp_ambience,,60,0,81,81,125,400,600,allon,default,allon,default,6,8,priority,oldest,-50,50,10,50,0,1,3d,default,nonlooping,,1,0,0,0,0,0.1,no,yes,none,0,,no,,,yes,no,no,0,0,yes,no,,0,,no,no,no
fly_dog_step_run_default,raw\sound\evt\zombie_global\hellhounds\step\step_08.LN55.pc.snd.wav,,loaded,bus_fx,grp_ambience,snp_ambience,,60,0,81,81,125,400,600,allon,default,allon,default,6,8,priority,oldest,-50,50,10,50,0,1,3d,default,nonlooping,,1,0,0,0,0,0.1,no,yes,none,0,,no,,,yes,no,no,0,0,yes,no,,0,,no,no,no
fly_dog_step_run_default,raw\sound\evt\zombie_global\hellhounds\step\step_09.LN55.pc.snd.wav,,loaded,bus_fx,grp_ambience,snp_ambience,,60,0,81,81,125,400,600,allon,default,allon,default,6,8,priority,oldest,-50,50,10,50,0,1,3d,default,nonlooping,,1,0,0,0,0,0.1,no,yes,none,0,,no,,,yes,no,no,0,0,yes,no,,0,,no,no,no
fly_dog_step_run_default,raw\sound\evt\zombie_global\hellhounds\step\step_10.LN55.pc.snd.wav,,loaded,bus_fx,grp_ambience,snp_ambience,,60,0,81,81,125,400,600,allon,default,allon,default,6,8,priority,oldest,-50,50,10,50,0,1,3d,default,nonlooping,,1,0,0,0,0,0.1,no,yes,none,0,,no,,,yes,no,no,0,0,yes,no,,0,,no,no,no
fly_dog_step_run_default,raw\sound\evt\zombie_global\hellhounds\step\step_11.LN55.pc.snd.wav,,loaded,bus_fx,grp_ambience,snp_ambience,,60,0,81,81,125,400,600,allon,default,allon,default,6,8,priority,oldest,-50,50,10,50,0,1,3d,default,nonlooping,,1,0,0,0,0,0.1,no,yes,none,0,,no,,,yes,no,no,0,0,yes,no,,0,,no,no,no
zmb_dog_round_start,raw\sound\evt\zombie_global\hellhounds\dog_round_start.LN55.pc.snd.wav,,loaded,bus_fx,grp_ambience,snp_ambience,,60,0,85,85,75,550,550,allon,default,allon,default,6,8,priority,oldest,-50,50,10,50,0,1,3d,default,nonlooping,,1,0,0,0,0,0.1,no,yes,none,0,,no,,,yes,no,no,0,0,yes,no,,0,,no,no,no
zmb_hellhound_bolt,raw\sound\evt\zombie_global\hellhounds\spawn\strikes_00.LN55.pc.snd.wav,,loaded,bus_hdrfx,grp_hdrfx,snp_hdrfx,,60,0,85,85,1250,4000,5000,allon,default,allon,default,2,8,priority,oldest,-386,454,10,50,0.25,1,3d,default,nonlooping,,1,0,0,0,0,0,no,no,none,0,,no,,,yes,no,no,0,0,yes,no,,0,,no,no,no
zmb_hellhound_explode,raw\sound\zmb\ai\hellhounds\explode\explode_00.LN55.pc.snd.wav,zmb_hellhound_vocals_death,loaded,bus_fx,grp_ambience,snp_ambience,,60,0,85,85,75,550,550,allon,default,allon,default,6,8,priority,oldest,-50,50,10,50,0,1,3d,default,nonlooping,,1,0,0,0,0,0.1,no,yes,none,0,,no,,,yes,no,no,0,0,yes,no,,0,,no,no,no
zmb_hellhound_explode,raw\sound\zmb\ai\hellhounds\explode\explode_01.LN55.pc.snd.wav,zmb_hellhound_vocals_death,loaded,bus_fx,grp_ambience,snp_ambience,,60,0,85,85,75,550,550,allon,default,allon,default,6,8,priority,oldest,-50,50,10,50,0,1,3d,default,nonlooping,,1,0,0,0,0,0.1,no,yes,none,0,,no,,,yes,no,no,0,0,yes,no,,0,,no,no,no
zmb_hellhound_explode,raw\sound\zmb\ai\hellhounds\explode\explode_02.LN55.pc.snd.wav,zmb_hellhound_vocals_death,loaded,bus_fx,grp_ambience,snp_ambience,,60,0,85,85,75,550,550,allon,default,allon,default,6,8,priority,oldest,-50,50,10,50,0,1,3d,default,nonlooping,,1,0,0,0,0,0.1,no,yes,none,0,,no,,,yes,no,no,0,0,yes,no,,0,,no,no,no
zmb_hellhound_explode,raw\sound\zmb\ai\hellhounds\explode\explode_03.LN55.pc.snd.wav,zmb_hellhound_vocals_death,loaded,bus_fx,grp_ambience,snp_ambience,,60,0,85,85,75,550,550,allon,default,allon,default,6,8,priority,oldest,-50,50,10,50,0,1,3d,default,nonlooping,,1,0,0,0,0,0.1,no,yes,none,0,,no,,,yes,no,no,0,0,yes,no,,0,,no,no,no
zmb_hellhound_explode,raw\sound\zmb\ai\hellhounds\explode\explode_04.LN55.pc.snd.wav,zmb_hellhound_vocals_death,loaded,bus_fx,grp_ambience,snp_ambience,,60,0,85,85,75,550,550,allon,default,allon,default,6,8,priority,oldest,-50,50,10,50,0,1,3d,default,nonlooping,,1,0,0,0,0,0.1,no,yes,none,0,,no,,,yes,no,no,0,0,yes,no,,0,,no,no,no
zmb_hellhound_explode,raw\sound\zmb\ai\hellhounds\explode\explode_05.LN55.pc.snd.wav,zmb_hellhound_vocals_death,loaded,bus_fx,grp_ambience,snp_ambience,,60,0,85,85,75,550,550,allon,default,allon,default,6,8,priority,oldest,-50,50,10,50,0,1,3d,default,nonlooping,,1,0,0,0,0,0.1,no,yes,none,0,,no,,,yes,no,no,0,0,yes,no,,0,,no,no,no
zmb_hellhound_loop_fire,raw\sound\evt\zombie_global\hellhounds\loop_00.LL55.pc.snd.wav,,loaded,bus_fx,grp_ambience,snp_ambience,,60,0,75,75,75,550,550,allon,default,allon,default,6,8,priority,oldest,-50,50,10,50,0,1,3d,default,looping,,1,0,0,0,0,0.1,no,yes,none,0,,no,,,yes,no,no,0,0,yes,no,,0,,no,no,no
zmb_hellhound_prespawn,raw\sound\evt\zombie_global\hellhounds\spawn\pre_spawn.LN55.pc.snd.wav,,loaded,bus_hdrfx,grp_hdrfx,snp_hdrfx,,60,0,85,85,500,4000,5000,allon,default,allon,default,2,8,priority,oldest,-182,165,10,50,0.25,1,3d,default,nonlooping,,1,0,0,0,0,0,no,no,none,0,,no,,,yes,no,no,0,0,yes,no,,0,,no,no,no
zmb_hellhound_spawn,raw\sound\evt\zombie_global\hellhounds\spawn\spawn_01.LN55.pc.snd.wav,zmb_hellhound_spawn_flux_l,loaded,bus_hdrfx,grp_hdrfx,snp_hdrfx,,60,0,85,85,500,4000,5000,allon,default,allon,default,2,8,priority,oldest,-182,165,10,50,0.25,1,3d,default,nonlooping,,1,0,0,0,0,0,no,no,none,0,,no,,,yes,no,no,0,0,yes,no,,0,,no,no,no
zmb_hellhound_spawn_flux_l,raw\sound\evt\zombie_global\hellhounds\spawn\spn_flux_l.LN55.pc.snd.wav,zmb_hellhound_spawn_flux_r,loaded,bus_hdrfx,grp_hdrfx,snp_hdrfx,,60,0,78,78,25,1000,1000,allon,default,allon,default,6,8,priority,oldest,-182,0,10,50,0.25,1,3d,default,nonlooping,,1,500,0,0,0,0,no,no,left_player,4000,,no,,,yes,no,no,0,0,yes,no,,0,,no,no,no
zmb_hellhound_spawn_flux_r,raw\sound\evt\zombie_global\hellhounds\spawn\spn_flux_r.LN55.pc.snd.wav,,loaded,bus_hdrfx,grp_hdrfx,snp_hdrfx,,60,0,78,78,25,1000,1000,allon,default,allon,default,6,8,priority,oldest,0,165,10,50,0.25,1,3d,default,nonlooping,,1,500,0,0,0,0,no,no,right_player,4000,,no,,,yes,no,no,0,0,yes,no,,0,,no,no,no
zmb_hellhound_vocals_amb,raw\sound\zmb\ai\hellhounds\vox\move\move_00.LN55.pc.snd.wav,,loaded,bus_fx,grp_ambience,snp_ambience,,60,0,82,88,75,550,550,allon,default,allon,default,6,1,priority,oldest,-50,50,10,50,0,1,3d,default,nonlooping,,1,0,0,0,0,0.1,no,yes,none,0,,no,,,yes,no,no,0,0,yes,yes,,0,,no,no,no
zmb_hellhound_vocals_amb,raw\sound\zmb\ai\hellhounds\vox\move\move_01.LN55.pc.snd.wav,,loaded,bus_fx,grp_ambience,snp_ambience,,60,0,82,88,75,550,550,allon,default,allon,default,6,1,priority,oldest,-50,50,10,50,0,1,3d,default,nonlooping,,1,0,0,0,0,0.1,no,yes,none,0,,no,,,yes,no,no,0,0,yes,yes,,0,,no,no,no
zmb_hellhound_vocals_amb,raw\sound\zmb\ai\hellhounds\vox\move\move_02.LN55.pc.snd.wav,,loaded,bus_fx,grp_ambience,snp_ambience,,60,0,82,88,75,550,550,allon,default,allon,default,6,1,priority,oldest,-50,50,10,50,0,1,3d,default,nonlooping,,1,0,0,0,0,0.1,no,yes,none,0,,no,,,yes,no,no,0,0,yes,yes,,0,,no,no,no
zmb_hellhound_vocals_amb,raw\sound\zmb\ai\hellhounds\vox\move\move_03.LN55.pc.snd.wav,,loaded,bus_fx,grp_ambience,snp_ambience,,60,0,82,88,75,550,550,allon,default,allon,default,6,1,priority,oldest,-50,50,10,50,0,1,3d,default,nonlooping,,1,0,0,0,0,0.1,no,yes,none,0,,no,,,yes,no,no,0,0,yes,yes,,0,,no,no,no
zmb_hellhound_vocals_amb,raw\sound\zmb\ai\hellhounds\vox\move\move_04.LN55.pc.snd.wav,,loaded,bus_fx,grp_ambience,snp_ambience,,60,0,82,88,75,550,550,allon,default,allon,default,6,1,priority,oldest,-50,50,10,50,0,1,3d,default,nonlooping,,1,0,0,0,0,0.1,no,yes,none,0,,no,,,yes,no,no,0,0,yes,yes,,0,,no,no,no
zmb_hellhound_vocals_amb,raw\sound\zmb\ai\hellhounds\vox\move\move_05.LN55.pc.snd.wav,,loaded,bus_fx,grp_ambience,snp_ambience,,60,0,82,88,75,550,550,allon,default,allon,default,6,1,priority,oldest,-50,50,10,50,0,1,3d,default,nonlooping,,1,0,0,0,0,0.1,no,yes,none,0,,no,,,yes,no,no,0,0,yes,yes,,0,,no,no,no
zmb_hellhound_vocals_amb,raw\sound\zmb\ai\hellhounds\vox\move\move_06.LN55.pc.snd.wav,,loaded,bus_fx,grp_ambience,snp_ambience,,60,0,82,88,75,550,550,allon,default,allon,default,6,1,priority,oldest,-50,50,10,50,0,1,3d,default,nonlooping,,1,0,0,0,0,0.1,no,yes,none,0,,no,,,yes,no,no,0,0,yes,yes,,0,,no,no,no
zmb_hellhound_vocals_amb,raw\sound\zmb\ai\hellhounds\vox\move\move_07.LN55.pc.snd.wav,,loaded,bus_fx,grp_ambience,snp_ambience,,60,0,82,88,75,550,550,allon,default,allon,default,6,1,priority,oldest,-50,50,10,50,0,1,3d,default,nonlooping,,1,0,0,0,0,0.1,no,yes,none,0,,no,,,yes,no,no,0,0,yes,yes,,0,,no,no,no
zmb_hellhound_vocals_amb,raw\sound\zmb\ai\hellhounds\vox\move\move_08.LN55.pc.snd.wav,,loaded,bus_fx,grp_ambience,snp_ambience,,60,0,82,88,75,550,550,allon,default,allon,default,6,1,priority,oldest,-50,50,10,50,0,1,3d,default,nonlooping,,1,0,0,0,0,0.1,no,yes,none,0,,no,,,yes,no,no,0,0,yes,yes,,0,,no,no,no
zmb_hellhound_vocals_amb,raw\sound\zmb\ai\hellhounds\vox\move\move_09.LN55.pc.snd.wav,,loaded,bus_fx,grp_ambience,snp_ambience,,60,0,82,88,75,550,550,allon,default,allon,default,6,1,priority,oldest,-50,50,10,50,0,1,3d,default,nonlooping,,1,0,0,0,0,0.1,no,yes,none,0,,no,,,yes,no,no,0,0,yes,yes,,0,,no,no,no
zmb_hellhound_vocals_amb,raw\sound\zmb\ai\hellhounds\vox\move\move_10.LN55.pc.snd.wav,,loaded,bus_fx,grp_ambience,snp_ambience,,60,0,82,88,75,550,550,allon,default,allon,default,6,1,priority,oldest,-50,50,10,50,0,1,3d,default,nonlooping,,1,0,0,0,0,0.1,no,yes,none,0,,no,,,yes,no,no,0,0,yes,yes,,0,,no,no,no
zmb_hellhound_vocals_amb,raw\sound\zmb\ai\hellhounds\vox\move\move_11.LN55.pc.snd.wav,,loaded,bus_fx,grp_ambience,snp_ambience,,60,0,82,88,75,550,550,allon,default,allon,default,6,1,priority,oldest,-50,50,10,50,0,1,3d,default,nonlooping,,1,0,0,0,0,0.1,no,yes,none,0,,no,,,yes,no,no,0,0,yes,yes,,0,,no,no,no
zmb_hellhound_vocals_bite,raw\sound\zmb\ai\hellhounds\vox\bite\bite_00.LN55.pc.snd.wav,,loaded,bus_fx,grp_ambience,snp_ambience,,60,0,85,85,75,550,550,allon,default,allon,default,6,1,priority,oldest,-50,50,10,50,0,1,3d,default,nonlooping,,1,450,0,0,0,0.1,no,yes,none,0,,no,,,yes,no,no,0,0,yes,yes,,0,,no,no,no
zmb_hellhound_vocals_bite,raw\sound\zmb\ai\hellhounds\vox\bite\bite_01.LN55.pc.snd.wav,,loaded,bus_fx,grp_ambience,snp_ambience,,60,0,85,85,75,550,550,allon,default,allon,default,6,1,priority,oldest,-50,50,10,50,0,1,3d,default,nonlooping,,1,450,0,0,0,0.1,no,yes,none,0,,no,,,yes,no,no,0,0,yes,yes,,0,,no,no,no
zmb_hellhound_vocals_bite,raw\sound\zmb\ai\hellhounds\vox\bite\bite_02.LN55.pc.snd.wav,,loaded,bus_fx,grp_ambience,snp_ambience,,60,0,85,85,75,550,550,allon,default,allon,default,6,1,priority,oldest,-50,50,10,50,0,1,3d,default,nonlooping,,1,450,0,0,0,0.1,no,yes,none,0,,no,,,yes,no,no,0,0,yes,yes,,0,,no,no,no
zmb_hellhound_vocals_bite,raw\sound\zmb\ai\hellhounds\vox\bite\bite_03.LN55.pc.snd.wav,,loaded,bus_fx,grp_ambience,snp_ambience,,60,0,85,85,75,550,550,allon,default,allon,default,6,1,priority,oldest,-50,50,10,50,0,1,3d,default,nonlooping,,1,450,0,0,0,0.1,no,yes,none,0,,no,,,yes,no,no,0,0,yes,yes,,0,,no,no,no
zmb_hellhound_vocals_close,raw\sound\zmb\ai\hellhounds\vox\close\close_00.LN55.pc.snd.wav,,loaded,bus_fx,grp_ambience,snp_ambience,,60,0,89,89,75,550,550,allon,default,allon,default,6,1,priority,oldest,-50,50,10,50,0,1,3d,default,nonlooping,,1,0,0,0,0,0.1,no,yes,none,0,,no,,,yes,no,no,0,0,yes,yes,,0,,no,no,no
zmb_hellhound_vocals_close,raw\sound\zmb\ai\hellhounds\vox\close\close_01.LN55.pc.snd.wav,,loaded,bus_fx,grp_ambience,snp_ambience,,60,0,89,89,75,550,550,allon,default,allon,default,6,1,priority,oldest,-50,50,10,50,0,1,3d,default,nonlooping,,1,0,0,0,0,0.1,no,yes,none,0,,no,,,yes,no,no,0,0,yes,yes,,0,,no,no,no
zmb_hellhound_vocals_close,raw\sound\zmb\ai\hellhounds\vox\close\close_02.LN55.pc.snd.wav,,loaded,bus_fx,grp_ambience,snp_ambience,,60,0,89,89,75,550,550,allon,default,allon,default,6,1,priority,oldest,-50,50,10,50,0,1,3d,default,nonlooping,,1,0,0,0,0,0.1,no,yes,none,0,,no,,,yes,no,no,0,0,yes,yes,,0,,no,no,no
zmb_hellhound_vocals_close,raw\sound\zmb\ai\hellhounds\vox\close\close_03.LN55.pc.snd.wav,,loaded,bus_fx,grp_ambience,snp_ambience,,60,0,89,89,75,550,550,allon,default,allon,default,6,1,priority,oldest,-50,50,10,50,0,1,3d,default,nonlooping,,1,0,0,0,0,0.1,no,yes,none,0,,no,,,yes,no,no,0,0,yes,yes,,0,,no,no,no
zmb_hellhound_vocals_death,raw\sound\zmb\ai\hellhounds\vox\death\death_00.LN55.pc.snd.wav,,loaded,bus_fx,grp_ambience,snp_ambience,,60,0,88,88,75,550,550,allon,default,allon,default,6,1,priority,oldest,-50,50,10,50,0,1,3d,default,nonlooping,,1,0,0,0,0,0.1,no,yes,none,0,,no,,,yes,no,no,0,0,yes,no,,0,,no,no,no
zmb_hellhound_vocals_death,raw\sound\zmb\ai\hellhounds\vox\death\death_01.LN55.pc.snd.wav,,loaded,bus_fx,grp_ambience,snp_ambience,,60,0,88,88,75,550,550,allon,default,allon,default,6,1,priority,oldest,-50,50,10,50,0,1,3d,default,nonlooping,,1,0,0,0,0,0.1,no,yes,none,0,,no,,,yes,no,no,0,0,yes,no,,0,,no,no,no
zmb_hellhound_vocals_death,raw\sound\zmb\ai\hellhounds\vox\death\death_02.LN55.pc.snd.wav,,loaded,bus_fx,grp_ambience,snp_ambience,,60,0,88,88,75,550,550,allon,default,allon,default,6,1,priority,oldest,-50,50,10,50,0,1,3d,default,nonlooping,,1,0,0,0,0,0.1,no,yes,none,0,,no,,,yes,no,no,0,0,yes,no,,0,,no,no,no
zmb_hellhound_vocals_death,raw\sound\zmb\ai\hellhounds\vox\death\death_03.LN55.pc.snd.wav,,loaded,bus_fx,grp_ambience,snp_ambience,,60,0,88,88,75,550,550,allon,default,allon,default,6,1,priority,oldest,-50,50,10,50,0,1,3d,default,nonlooping,,1,0,0,0,0,0.1,no,yes,none,0,,no,,,yes,no,no,0,0,yes,no,,0,,no,no,no
zmb_hellhound_vocals_death,raw\sound\zmb\ai\hellhounds\vox\death\death_04.LN55.pc.snd.wav,,loaded,bus_fx,grp_ambience,snp_ambience,,60,0,88,88,75,550,550,allon,default,allon,default,6,1,priority,oldest,-50,50,10,50,0,1,3d,default,nonlooping,,1,0,0,0,0,0.1,no,yes,none,0,,no,,,yes,no,no,0,0,yes,no,,0,,no,no,no
zmb_hellhound_vocals_death,raw\sound\zmb\ai\hellhounds\vox\death\death_05.LN55.pc.snd.wav,,loaded,bus_fx,grp_ambience,snp_ambience,,60,0,88,88,75,550,550,allon,default,allon,default,6,1,priority,oldest,-50,50,10,50,0,1,3d,default,nonlooping,,1,0,0,0,0,0.1,no,yes,none,0,,no,,,yes,no,no,0,0,yes,no,,0,,no,no,no
zmb_hellhound_vocals_death,raw\sound\zmb\ai\hellhounds\vox\death\death_06.LN55.pc.snd.wav,,loaded,bus_fx,grp_ambience,snp_ambience,,60,0,88,88,75,550,550,allon,default,allon,default,6,1,priority,oldest,-50,50,10,50,0,1,3d,default,nonlooping,,1,0,0,0,0,0.1,no,yes,none,0,,no,,,yes,no,no,0,0,yes,no,,0,,no,no,no
wpn_evoskorpion_fire_npc,raw\sound\wpn\smg\evoskorpion\plr\shot\wpn_evoskorpion_fire_plr.LN65.pc.snd.wav.wav,wpn_evoskorpion_fire_npc_dist,loaded,bus_fx,grp_weapon,snp_wpn_3p,,55,0,87,87,900,900,900,cosdelay,alloff,cosdelay,default,8,3,priority,oldest,-50,50,20,90,0.25,0.8,3d,default,nonlooping,volume,1,0,0,0,0,0.25,no,no,none,0,,no,,,yes,no,no,0,0,yes,no,,0,,no,no,no
wpn_evoskorpion_fire_npc_pap,raw\sound\wpn\pap\pap_shot_st.LN65.pc.snd.wav.wav,wpn_evoskorpion_qolflux_l_npc_pap,loaded,bus_fx,grp_weapon,snp_wpn_3p,,80,0,82,82,75,1250,1250,allon,default,allon,default,10,3,priority,oldest,-100,100,50,90,0.35,1,3d,default,nonlooping,volume pitch,1,0,0,0,0,0.25,no,no,none,0,,no,,,yes,no,no,0,0,yes,no,,0,,no,no,no
wpn_evoskorpion_fire_plr,raw\sound\wpn\smg\evoskorpion\plr\shot\wpn_evoskorpion_fire_plr.LN65.pc.snd.wav.wav,wpn_evoskorpion_LFE,loaded,bus_fx,grp_weapon,snp_wpn_1p,,65,0,93,93,0,5000,5000,allon,default,allon,default,2,8,oldest,oldest,-50,50,90,90,0.25,1,2d,default,nonlooping,volume,1,0,0,0,0,0.25,no,no,none,0,,no,,,yes,no,no,0,0,yes,no,,0,,no,no,no
wpn_evoskorpion_fire_plr_pap,raw\sound\wpn\pap\pap_shot_st.LN65.pc.snd.wav.wav,wpn_evoskorpion_qolflux_l_plr_pap,loaded,bus_hdrfx,grp_weapon,snp_wpn_1p,,70,0,87,87,0,5000,5000,allon,default,allon,default,1,8,oldest,oldest,0,0,90,90,0.25,1,2d,default,nonlooping,volume,1,0,0,0,0,0.25,no,no,none,0,,no,,,yes,no,no,0,0,yes,no,,0,,no,no,no
wpn_uzi_fire_npc,raw\sound\wpn\smg\evoskorpion\plr\shot\wpn_evoskorpion_fire_plr.LN65.pc.snd.wav.wav,wpn_uzi_fire_npc_dist,loaded,bus_fx,grp_weapon,snp_wpn_3p,,55,0,87,87,900,900,900,cosdelay,alloff,cosdelay,default,8,3,priority,oldest,-50,50,20,90,0.25,0.8,3d,default,nonlooping,volume,1,0,0,0,0,0.25,no,no,none,0,,no,,,yes,no,no,0,0,yes,no,,0,,no,no,no
wpn_uzi_fire_npc_pap,raw\sound\wpn\pap\pap_shot_st.LN65.pc.snd.wav.wav,wpn_uzi_qolflux_l_npc_pap,loaded,bus_fx,grp_weapon,snp_wpn_3p,,80,0,82,82,75,1250,1250,allon,default,allon,default,10,3,priority,oldest,-100,100,50,90,0.35,1,3d,default,nonlooping,volume pitch,1,0,0,0,0,0.25,no,no,none,0,,no,,,yes,no,no,0,0,yes,no,,0,,no,no,no
wpn_uzi_fire_plr,raw\sound\wpn\smg\evoskorpion\plr\shot\wpn_evoskorpion_fire_plr.LN65.pc.snd.wav.wav,wpn_uzi_LFE,loaded,bus_fx,grp_weapon,snp_wpn_1p,,65,0,93,93,0,5000,5000,allon,default,allon,default,2,8,oldest,oldest,-50,50,90,90,0.25,1,2d,default,nonlooping,volume,1,0,0,0,0,0.25,no,no,none,0,,no,,,yes,no,no,0,0,yes,no,,0,,no,no,no
wpn_uzi_fire_plr_pap,raw\sound\wpn\pap\pap_shot_st.LN65.pc.snd.wav.wav,wpn_uzi_qolflux_l_plr_pap,loaded,bus_hdrfx,grp_weapon,snp_wpn_1p,,70,0,87,87,0,5000,5000,allon,default,allon,default,1,8,oldest,oldest,0,0,90,90,0.25,1,2d,default,nonlooping,volume,1,0,0,0,0,0.25,no,no,none,0,,no,,,yes,no,no,0,0,yes,no,,0,,no,no,no
wpn_tommy_fire_npc,raw\sound\wpn\smg\tommy\plr\wpn_tommy_fire_00.LN65.pc.snd.wav.wav,wpn_tommy_LFE_npc,loaded,bus_fx,grp_weapon,snp_wpn_3p,,55,0,87,87,900,900,900,cosdelay,alloff,cosdelay,default,8,3,priority,oldest,-25,25,20,90,0.25,0.8,3d,default,nonlooping,volume,1,0,0,0,0,0.25,no,no,none,0,,no,,,yes,no,no,0,0,yes,no,,0,,no,no,no
wpn_tommy_fire_npc_pap,raw\sound\wpn\pap\pap_shot_st.LN65.pc.snd.wav.wav,wpn_tommy_qolflux_l_npc_pap,loaded,bus_fx,grp_weapon,snp_wpn_3p,,80,0,82,82,75,1250,1250,allon,default,allon,default,10,3,priority,oldest,-100,100,50,90,0.35,1,3d,default,nonlooping,volume pitch,1,0,0,0,0,0.25,no,no,none,0,,no,,,yes,no,no,0,0,yes,no,,0,,no,no,no
wpn_tommy_fire_plr,raw\sound\wpn\smg\tommy\plr\wpn_tommy_fire_00.LN65.pc.snd.wav.wav,wpn_tommy_lfe,loaded,bus_fx,grp_weapon,snp_wpn_1p,,65,0,93,93,0,5000,5000,allon,default,allon,default,2,8,oldest,oldest,-25,25,90,90,0.25,1,2d,default,nonlooping,volume,1,0,0,0,0,0.25,no,no,none,0,,no,,,yes,no,no,0,0,yes,no,,0,,no,no,no
wpn_tommy_fire_plr_pap,raw\sound\wpn\pap\pap_shot_st.LN65.pc.snd.wav.wav,wpn_tommy_qolflux_l_plr_pap,loaded,bus_hdrfx,grp_weapon,snp_wpn_1p,,70,0,87,87,0,5000,5000,allon,default,allon,default,1,8,oldest,oldest,0,0,90,90,0.25,1,2d,default,nonlooping,volume,1,0,0,0,0,0.25,no,no,none,0,,no,,,yes,no,no,0,0,yes,no,,0,,no,no,no
wpn_ak47_dryfire_npc,raw\sound\wpn\assault\dry_fire\npc\dry_fire_00.LN65.pc.snd.wav.wav,,loaded,bus_fx,grp_weapon,snp_wpn_3p,,55,0,82,82,900,900,901,cosdelay,alloff,cosdelay,default,8,2,priority,oldest,-125,125,40,90,0.25,0.8,3d,default,nonlooping,volume,1,0,0,0,0,0.25,no,no,none,0,,no,,,yes,no,no,0,0,yes,no,,0,,no,no,no
wpn_ak47_dryfire_plr,raw\sound\wpn\assault\dry_fire\plr\dry_fire_00.LN65.pc.snd.wav.wav,,loaded,bus_fx,grp_weapon,snp_wpn_1p,,65,0,93,93,0,5000,5000,allon,default,allon,default,3,8,oldest,oldest,0,0,90,90,0.25,1,2d,default,nonlooping,volume,1,0,0,0,0,0.25,no,no,none,0,,no,,,yes,no,no,0,0,yes,no,,0,,no,no,no
wpn_ak47_fire_npc,raw\sound\wpn\assault\type95\plr\shot\wpn_type95_shot_plr.LN65.pc.snd.wav.wav,wpn_ak47_LFE_npc,loaded,bus_fx,grp_weapon,snp_wpn_3p,,55,0,82,82,900,900,901,cosdelay,alloff,cosdelay,default,8,2,priority,oldest,-25,25,40,90,0.25,0.8,3d,default,nonlooping,volume,1,0,0,0,0,0.25,no,no,none,0,,no,,,yes,no,no,0,0,yes,no,,0,,no,no,no
wpn_ak47_fire_npc_pap,raw\sound\wpn\pap\pap_shot_st.LN65.pc.snd.wav.wav,wpn_ak47_qolflux_l_npc_pap,loaded,bus_fx,grp_weapon,snp_wpn_3p,,80,0,82,82,75,1250,1250,allon,default,allon,default,10,3,priority,oldest,-100,100,50,90,0.35,1,3d,default,nonlooping,volume pitch,1,0,0,0,0,0.25,no,no,none,0,,no,,,yes,no,no,0,0,yes,no,,0,,no,no,no
wpn_ak47_fire_plr,raw\sound\wpn\assault\type95\plr\shot\wpn_type95_shot_plr.LN65.pc.snd.wav.wav,wpn_ak47_lfe,loaded,bus_fx,grp_weapon,snp_wpn_1p,,65,0,93,93,0,5000,5000,allon,default,allon,default,3,8,oldest,oldest,-25,25,90,90,0.25,1,2d,default,nonlooping,volume,1,0,0,0,0,0.25,no,no,none,0,,no,,,yes,no,no,0,0,yes,no,,0,,no,no,no
wpn_ak47_fire_plr_pap,raw\sound\wpn\pap\pap_shot_st.LN65.pc.snd.wav.wav,wpn_ak47_qolflux_l_plr_pap,loaded,bus_hdrfx,grp_weapon,snp_wpn_1p,,70,0,87,87,0,5000,5000,allon,default,allon,default,1,8,oldest,oldest,0,0,90,90,0.25,1,2d,default,nonlooping,volume,1,0,0,0,0,0.25,no,no,none,0,,no,,,yes,no,no,0,0,yes,no,,0,,no,no,no
wpn_vulcan_fire_npc_pap,raw\sound\wpn\pap\pap_shot_st.LN65.pc.snd.wav.wav,wpn_vulcan_qolflux_l_npc_pap,loaded,bus_fx,grp_weapon,snp_wpn_3p,,80,0,82,82,75,1250,1250,allon,default,allon,default,10,3,priority,oldest,-100,100,50,90,0.35,1,3d,default,nonlooping,volume pitch,1,0,0,0,0,0.25,no,no,none,0,,no,,,yes,no,no,0,0,yes,no,,0,,no,no,no
wpn_vulcan_fire_plr_pap,raw\sound\wpn\pap\pap_shot_st.LN65.pc.snd.wav.wav,wpn_vulcan_qolflux_l_plr_pap,loaded,bus_hdrfx,grp_weapon,snp_wpn_1p,,70,0,87,87,0,5000,5000,allon,default,allon,default,1,8,oldest,oldest,0,0,90,90,0.25,1,2d,default,nonlooping,volume,1,0,0,0,0,0.25,no,no,none,0,,no,,,yes,no,no,0,0,yes,no,,0,,no,no,no
wpn_mp40_fire_npc,raw\sound\wpn\assault\mp40\shot\wpn_mp40_fire.LN65.pc.snd.wav.wav,wpn_mp40_fire_npc_dist,loaded,bus_fx,grp_weapon,snp_wpn_3p,,55,0,82,82,900,900,901,cosdelay,alloff,cosdelay,default,8,2,priority,oldest,-125,125,40,90,0.25,0.8,3d,default,nonlooping,volume,1,0,0,0,0,0.25,no,no,none,0,,no,,,yes,no,no,0,0,yes,no,,0,,no,no,no
wpn_mp40_fire_npc_pap,raw\sound\zmb_blops\wpn\pap\pap_shot_m.LN65.pc.snd.wav.wav,wpn_mp40_qolflux_l_npc_pap,loaded,bus_fx,grp_weapon,snp_wpn_3p,,80,0,82,82,75,1250,1250,allon,default,allon,default,10,3,priority,oldest,-100,100,50,90,0.35,1,3d,default,nonlooping,volume pitch,1,0,0,0,0,0.25,no,no,none,0,,no,,,yes,no,no,0,0,yes,no,,0,,no,no,no
wpn_mp40_fire_plr,raw\sound\wpn\assault\mp40\shot\wpn_mp40_fire.LN65.pc.snd.wav.wav,wpn_mp40_fire_plr_decay,loaded,bus_fx,grp_weapon,snp_wpn_1p,,65,0,93,93,0,5000,5000,allon,default,allon,default,3,8,oldest,oldest,0,0,90,90,0.25,1,2d,default,nonlooping,volume,1,0,0,0,0,0.25,no,no,none,0,,no,,,yes,no,no,0,0,yes,no,,0,,no,no,no
wpn_mp40_fire_plr_pap,raw\sound\zmb_blops\wpn\pap\pap_shot_st.LN65.pc.snd.wav.wav,wpn_mp40_qolflux_l_plr_pap,loaded,bus_hdrfx,grp_weapon,snp_wpn_1p,,70,0,87,87,0,5000,5000,allon,default,allon,default,1,8,oldest,oldest,0,0,90,90,0.25,1,2d,default,nonlooping,volume,1,0,0,0,0,0.25,no,no,none,0,,no,,,yes,no,no,0,0,yes,no,,0,,no,no,no
wpn_scar_fire_npc,raw\sound\wpn\assault\scar\plr\shot\wpn_scar_shot_plr.LN65.pc.snd.wav.wav,wpn_scar_LFE_npc,loaded,bus_fx,grp_weapon,snp_wpn_3p,,55,0,82,82,900,900,901,cosdelay,alloff,cosdelay,default,8,2,priority,oldest,-125,125,40,90,0.25,0.8,3d,default,nonlooping,volume,1,0,0,0,0,0.25,no,no,none,0,,no,,,yes,no,no,0,0,yes,no,,0,,no,no,no
wpn_scar_fire_npc_pap,raw\sound\wpn\pap\pap_shot_st.LN65.pc.snd.wav.wav,wpn_scar_qolflux_l_npc_pap,loaded,bus_fx,grp_weapon,snp_wpn_3p,,80,0,82,82,75,1250,1250,allon,default,allon,default,10,3,priority,oldest,-100,100,50,90,0.35,1,3d,default,nonlooping,volume pitch,1,0,0,0,0,0.25,no,no,none,0,,no,,,yes,no,no,0,0,yes,no,,0,,no,no,no
wpn_scar_fire_plr,raw\sound\wpn\assault\scar\plr\shot\wpn_scar_shot_plr.LN65.pc.snd.wav.wav,wpn_scar_lfe,loaded,bus_fx,grp_weapon,snp_wpn_1p,,65,0,95,95,0,5000,5000,allon,default,allon,default,3,8,oldest,oldest,-50,50,90,90,0.25,1,2d,default,nonlooping,volume,1,0,0,0,0,0.25,no,no,none,0,,no,,,yes,no,no,0,0,yes,no,,0,,no,no,no
wpn_scar_fire_plr_pap,raw\sound\wpn\pap\pap_shot_st.LN65.pc.snd.wav.wav,wpn_scar_qolflux_l_plr_pap,loaded,bus_hdrfx,grp_weapon,snp_wpn_1p,,70,0,87,87,0,5000,5000,allon,default,allon,default,1,8,oldest,oldest,0,0,90,90,0.25,1,2d,default,nonlooping,volume,1,0,0,0,0,0.25,no,no,none,0,,no,,,yes,no,no,0,0,yes,no,,0,,no,no,no
wpn_mg08_fire_npc,raw\sound\wpn\lmg\mg08\plr\shot\wpn_mg08_shot_plr.LN65.pc.snd.wav.wav,wpn_mg08_LFE_npc,loaded,bus_fx,grp_weapon,snp_wpn_3p,,70,0,85,85,900,900,901,cosdelay,alloff,cosdelay,default,8,2,priority,oldest,-25,25,50,90,0.25,0.8,3d,default,nonlooping,volume pitch,1,0,0,0,0,0.25,no,no,none,0,,no,,,yes,no,no,0,0,yes,no,,0,,no,no,no
wpn_mg08_fire_npc_pap,raw\sound\wpn\pap\pap_shot_st.LN65.pc.snd.wav.wav,wpn_mg08_qolflux_l_npc_pap,loaded,bus_fx,grp_weapon,snp_wpn_3p,,80,0,82,82,75,1250,1250,allon,default,allon,default,10,3,priority,oldest,-100,100,50,90,0.35,1,3d,default,nonlooping,volume pitch,1,0,0,0,0,0.25,no,no,none,0,,no,,,yes,no,no,0,0,yes,no,,0,,no,no,no
wpn_mg08_fire_plr,raw\sound\wpn\lmg\mg08\plr\shot\wpn_mg08_shot_plr.LN65.pc.snd.wav.wav,wpn_mg08_lfe,loaded,bus_fx,grp_weapon,snp_wpn_1p,,70,0,93,93,0,5000,5000,allon,default,allon,default,2,8,oldest,oldest,-25,25,90,90,0.25,1,2d,default,nonlooping,volume,1,0,0,0,0,0.25,no,no,none,0,,no,,,yes,no,no,0,0,yes,no,,0,,no,no,no
wpn_mg08_fire_plr_pap,raw\sound\wpn\pap\pap_shot_st.LN65.pc.snd.wav.wav,wpn_mg08_qolflux_l_plr_pap,loaded,bus_hdrfx,grp_weapon,snp_wpn_1p,,70,0,87,87,0,5000,5000,allon,default,allon,default,1,8,oldest,oldest,0,0,90,90,0.25,1,2d,default,nonlooping,volume,1,0,0,0,0,0.25,no,no,none,0,,no,,,yes,no,no,0,0,yes,no,,0,,no,no,no
wpn_ksg_fire_npc,raw\sound\wpn\shotgun\ksg\plr\shot\wpn_ksg_fire_plr.LN65.pc.snd.wav.wav,wpn_ksg_npc_LFE,loaded,bus_fx,grp_weapon,snp_wpn_3p,,55,0,88,88,900,900,900,cosdelay,alloff,cosdelay,default,6,2,priority,oldest,-88,84,50,90,0.25,0.8,3d,default,nonlooping,volume,1,0,0,0,0,0.25,no,no,none,0,,no,,,yes,no,no,0,0,yes,no,,0,,no,no,no
wpn_ksg_fire_npc_pap,raw\sound\wpn\pap\pap_shot_st.LN65.pc.snd.wav.wav,wpn_ksg_qolflux_l_npc_pap,loaded,bus_fx,grp_weapon,snp_wpn_3p,,80,0,82,82,75,1250,1250,allon,default,allon,default,10,3,priority,oldest,-100,100,50,90,0.35,1,3d,default,nonlooping,volume pitch,1,0,0,0,0,0.25,no,no,none,0,,no,,,yes,no,no,0,0,yes,no,,0,,no,no,no
wpn_ksg_fire_plr,raw\sound\wpn\shotgun\ksg\plr\shot\wpn_ksg_fire_plr.LN65.pc.snd.wav.wav,wpn_ksg_LFE,loaded,bus_fx,grp_weapon,snp_wpn_1p,,65,0,94,94,0,5000,5000,allon,default,allon,default,8,2,priority,oldest,-100,100,90,90,0.25,1,2d,default,nonlooping,volume,1,0,0,0,0,0.25,no,no,none,0,,no,,,yes,no,no,0,0,yes,no,,0,,no,no,no
wpn_ksg_fire_plr_pap,raw\sound\wpn\pap\pap_shot_st.LN65.pc.snd.wav.wav,wpn_ksg_qolflux_l_plr_pap,loaded,bus_hdrfx,grp_weapon,snp_wpn_1p,,70,0,87,87,0,5000,5000,allon,default,allon,default,1,8,oldest,oldest,0,0,90,90,0.25,1,2d,default,nonlooping,volume,1,0,0,0,0,0.25,no,no,none,0,,no,,,yes,no,no,0,0,yes,no,,0,,no,no,no
wpn_ballista_fire_npc,raw\sound\wpn\sniper\ballista\plr\shot\wpn_ballista_fire_plr.LN65.pc.snd.wav.wav,wpn_ballista_lfe_npc,loaded,bus_fx,grp_weapon,snp_wpn_3p,,65,0,92,92,900,900,901,cosdelay,alloff,cosdelay,default,6,2,priority,oldest,-88,84,20,90,0.25,0.8,3d,default,nonlooping,volume pitch,1,0,0,0,0,0.25,no,no,none,0,,no,,,yes,no,no,0,0,yes,no,,0,,no,no,no
wpn_ballista_fire_plr,raw\sound\wpn\sniper\ballista\plr\shot\wpn_ballista_fire_plr.LN65.pc.snd.wav.wav,wpn_ballista_lfe,loaded,bus_fx,grp_weapon,snp_wpn_1p,,70,0,92,92,0,5000,5000,allon,default,allon,default,2,8,oldest,oldest,0,0,90,90,0.25,1,2d,default,nonlooping,volume,1,0,0,0,0,0.25,no,no,none,0,,no,,,yes,no,no,0,0,yes,no,,0,,no,no,no
wpn_hk416_fire_npc,raw\sound\wpn\assault\m27\plr\shot\wpn_m27_shot_plr.LN65.pc.snd.wav.wav,wpn_hk416_LFE_npc,loaded,bus_fx,grp_weapon,snp_wpn_3p,,55,0,82,82,900,900,901,cosdelay,alloff,cosdelay,default,8,2,priority,oldest,-25,25,40,90,0.25,0.8,3d,default,nonlooping,volume,1,0,0,0,0,0.25,no,no,none,0,,no,,,yes,no,no,0,0,yes,no,,0,,no,no,no
wpn_hk416_fire_npc_pap,raw\sound\wpn\pap\pap_shot_st.LN65.pc.snd.wav.wav,wpn_hk416_qolflux_l_npc_pap,loaded,bus_fx,grp_weapon,snp_wpn_3p,,80,0,82,82,75,1250,1250,allon,default,allon,default,10,3,priority,oldest,-100,100,50,90,0.35,1,3d,default,nonlooping,volume pitch,1,0,0,0,0,0.25,no,no,none,0,,no,,,yes,no,no,0,0,yes,no,,0,,no,no,no
wpn_hk416_fire_plr,raw\sound\wpn\assault\m27\plr\shot\wpn_m27_shot_plr.LN65.pc.snd.wav.wav,wpn_hk416_lfe,loaded,bus_fx,grp_weapon,snp_wpn_1p,,65,0,93,93,0,5000,5000,allon,default,allon,default,3,8,oldest,oldest,-25,25,90,90,0.25,1,2d,default,nonlooping,volume,1,0,0,0,0,0.25,no,no,none,0,,no,,,yes,no,no,0,0,yes,no,,0,,no,no,no
wpn_hk416_fire_plr_pap,raw\sound\wpn\pap\pap_shot_st.LN65.pc.snd.wav.wav,wpn_hk416_qolflux_l_plr_pap,loaded,bus_hdrfx,grp_weapon,snp_wpn_1p,,70,0,87,87,0,5000,5000,allon,default,allon,default,1,8,oldest,oldest,0,0,90,90,0.25,1,2d,default,nonlooping,volume,1,0,0,0,0,0.25,no,no,none,0,,no,,,yes,no,no,0,0,yes,no,,0,,no,no,no
wpn_pdw57_fire_npc,raw\sound\wpn\assault\pdw_57\plr\shot\wpn_pdw57_fire_plr.LN65.pc.snd.wav.wav,wpn_pdw57_LFE_npc,loaded,bus_fx,grp_weapon,snp_wpn_3p,,55,0,87,87,900,900,900,cosdelay,alloff,cosdelay,default,8,3,priority,oldest,-150,150,20,90,0.25,0.8,3d,default,nonlooping,volume,1,0,0,0,0,0.25,no,no,none,0,,no,,,yes,no,no,0,0,yes,no,,0,,no,no,no
wpn_pdw57_fire_npc_pap,raw\sound\wpn\pap\pap_shot_st.LN65.pc.snd.wav.wav,wpn_pdw57_qolflux_l_npc_pap,loaded,bus_fx,grp_weapon,snp_wpn_3p,,80,0,82,82,75,1250,1250,allon,default,allon,default,10,3,priority,oldest,-100,100,50,90,0.35,1,3d,default,nonlooping,volume pitch,1,0,0,0,0,0.25,no,no,none,0,,no,,,yes,no,no,0,0,yes,no,,0,,no,no,no
wpn_pdw57_fire_plr,raw\sound\wpn\assault\pdw_57\plr\shot\wpn_pdw57_fire_plr.LN65.pc.snd.wav.wav,wpn_pdw57_LFE,loaded,bus_fx,grp_weapon,snp_wpn_1p,,65,0,93,93,0,5000,5000,allon,default,allon,default,2,8,oldest,oldest,-80,80,90,90,0.25,1,2d,default,nonlooping,volume,1,0,0,0,0,0.25,no,no,none,0,,no,,,yes,no,no,0,0,yes,no,,0,,no,no,no
wpn_pdw57_fire_plr_pap,raw\sound\wpn\pap\pap_shot_st.LN65.pc.snd.wav.wav,wpn_pdw57_qolflux_l_plr_pap,loaded,bus_hdrfx,grp_weapon,snp_wpn_1p,,70,0,87,87,0,5000,5000,allon,default,allon,default,1,8,oldest,oldest,0,0,90,90,0.25,1,2d,default,nonlooping,volume,1,0,0,0,0,0.25,no,no,none,0,,no,,,yes,no,no,0,0,yes,no,,0,,no,no,no
wpn_an94_fire_npc,raw\sound\wpn\assault\an94\plr\shot\wpn_an94_shot_plr.LN65.pc.snd.wav.wav,wpn_an94_LFE_npc,loaded,bus_fx,grp_weapon,snp_wpn_3p,,55,0,82,82,900,900,901,cosdelay,alloff,cosdelay,default,8,2,priority,oldest,-125,125,40,90,0.25,0.8,3d,default,nonlooping,volume,1,0,0,0,0,0.25,no,no,none,0,,no,,,yes,no,no,0,0,yes,no,,0,,no,no,no
wpn_an94_fire_npc_pap,raw\sound\wpn\pap\pap_shot_st.LN65.pc.snd.wav.wav,wpn_an94_qolflux_l_npc_pap,loaded,bus_fx,grp_weapon,snp_wpn_3p,,80,0,82,82,75,1250,1250,allon,default,allon,default,10,3,priority,oldest,-100,100,50,90,0.35,1,3d,default,nonlooping,volume pitch,1,0,0,0,0,0.25,no,no,none,0,,no,,,yes,no,no,0,0,yes,no,,0,,no,no,no
wpn_an94_fire_plr,raw\sound\wpn\assault\an94\plr\shot\wpn_an94_shot_plr.LN65.pc.snd.wav.wav,wpn_an94_lfe,loaded,bus_fx,grp_weapon,snp_wpn_1p,,65,0,93,93,0,5000,5000,allon,default,allon,default,3,8,oldest,oldest,-25,25,90,90,0.25,1,2d,default,nonlooping,volume,1,0,0,0,0,0.25,no,no,none,0,,no,,,yes,no,no,0,0,yes,no,,0,,no,no,no
wpn_an94_fire_plr_pap,raw\sound\wpn\pap\pap_shot_st.LN65.pc.snd.wav.wav,wpn_an94_qolflux_l_plr_pap,loaded,bus_hdrfx,grp_weapon,snp_wpn_1p,,70,0,87,87,0,5000,5000,allon,default,allon,default,1,8,oldest,oldest,0,0,90,90,0.25,1,2d,default,nonlooping,volume,1,0,0,0,0,0.25,no,no,none,0,,no,,,yes,no,no,0,0,yes,no,,0,,no,no,no
wpn_lsat_fire_npc,raw\sound\wpn\lmg\lsat\plr\shot\wpn_lsat_shot_plr.LN65.pc.snd.wav.wav,wpn_lsat_LFE_npc,loaded,bus_fx,grp_weapon,snp_wpn_3p,,70,0,85,85,900,900,901,cosdelay,alloff,cosdelay,default,8,2,priority,oldest,-25,25,50,90,0.25,0.8,3d,default,nonlooping,volume pitch,1,0,0,0,0,0.25,no,no,none,0,,no,,,yes,no,no,0,0,yes,no,,0,,no,no,no
wpn_lsat_fire_npc_pap,raw\sound\wpn\pap\pap_shot_st.LN65.pc.snd.wav.wav,wpn_lsat_qolflux_l_npc_pap,loaded,bus_fx,grp_weapon,snp_wpn_3p,,80,0,82,82,75,1250,1250,allon,default,allon,default,10,3,priority,oldest,-100,100,50,90,0.35,1,3d,default,nonlooping,volume pitch,1,0,0,0,0,0.25,no,no,none,0,,no,,,yes,no,no,0,0,yes,no,,0,,no,no,no
wpn_lsat_fire_plr,raw\sound\wpn\lmg\lsat\plr\shot\wpn_lsat_shot_plr.LN65.pc.snd.wav.wav,wpn_lsat_lfe,loaded,bus_fx,grp_weapon,snp_wpn_1p,,70,0,93,93,0,5000,5000,allon,default,allon,default,2,8,oldest,oldest,-25,25,90,90,0.25,1,2d,default,nonlooping,volume,1,0,0,0,0,0.25,no,no,none,0,,no,,,yes,no,no,0,0,yes,no,,0,,no,no,no
wpn_lsat_fire_plr_pap,raw\sound\wpn\pap\pap_shot_st.LN65.pc.snd.wav.wav,wpn_lsat_qolflux_l_plr_pap,loaded,bus_hdrfx,grp_weapon,snp_wpn_1p,,70,0,87,87,0,5000,5000,allon,default,allon,default,1,8,oldest,oldest,0,0,90,90,0.25,1,2d,default,nonlooping,volume,1,0,0,0,0,0.25,no,no,none,0,,no,,,yes,no,no,0,0,yes,no,,0,,no,no,no
wpn_svu_fire_npc,raw\sound\wpn\sniper\svt\shot\wpn_svt_fire_plr.LN65.pc.snd.wav.wav,wpn_svu_lfe_npc,loaded,bus_fx,grp_weapon,snp_wpn_3p,,65,0,88,88,900,900,901,cosdelay,alloff,cosdelay,default,6,2,priority,oldest,-88,84,20,90,0.25,0.8,3d,default,nonlooping,volume pitch,1,0,0,0,0,0.25,no,no,none,0,,no,,,yes,no,no,0,0,yes,no,,0,,no,no,no
wpn_svu_fire_npc_pap,raw\sound\wpn\pap\pap_shot_st.LN65.pc.snd.wav.wav,wpn_svu_qolflux_l_npc_pap,loaded,bus_fx,grp_weapon,snp_wpn_3p,,80,0,82,82,75,1250,1250,allon,default,allon,default,10,3,priority,oldest,-100,100,50,90,0.35,1,3d,default,nonlooping,volume pitch,1,0,0,0,0,0.25,no,no,none,0,,no,,,yes,no,no,0,0,yes,no,,0,,no,no,no
wpn_svu_fire_plr,raw\sound\wpn\sniper\svt\shot\wpn_svt_fire_plr.LN65.pc.snd.wav.wav,wpn_svu_lfe,loaded,bus_fx,grp_weapon,snp_wpn_1p,,70,0,88,88,0,5000,5000,allon,default,allon,default,2,8,oldest,oldest,0,0,90,90,0.25,1,2d,default,nonlooping,volume,1,0,0,0,0,0.25,no,no,none,0,,no,,,yes,no,no,0,0,yes,no,,0,,no,no,no
wpn_svu_fire_plr_pap,raw\sound\wpn\pap\pap_shot_st.LN65.pc.snd.wav.wav,wpn_svu_qolflux_l_plr_pap,loaded,bus_hdrfx,grp_weapon,snp_wpn_1p,,70,0,87,87,0,5000,5000,allon,default,allon,default,1,8,oldest,oldest,0,0,90,90,0.25,1,2d,default,nonlooping,volume,1,0,0,0,0,0.25,no,no,none,0,,no,,,yes,no,no,0,0,yes,no,,0,,no,no,no
wpn_rnma_fire_npc,raw\sound\wpn\pistol\rnma\fire\wpn_rnma_fire.LN65.pc.snd.wav.wav,wpn_rnma_lfe_npc,loaded,bus_fx,grp_weapon,snp_wpn_3p,,65,0,93,93,900,900,901,cosdelay,alloff,cosdelay,default,6,2,priority,oldest,-88,84,20,90,0.25,0.8,3d,default,nonlooping,volume pitch,1,0,0,0,0,0.25,no,no,none,0,,no,,,yes,no,no,0,0,yes,no,,0,,no,no,no
wpn_rnma_fire_plr,raw\sound\wpn\pistol\rnma\fire\wpn_rnma_fire.LN65.pc.snd.wav.wav,wpn_rnma_lfe,loaded,bus_fx,grp_weapon,snp_wpn_1p,,70,0,93,93,0,5000,5000,allon,default,allon,default,2,8,oldest,oldest,0,0,90,90,0.25,1,2d,default,nonlooping,volume,1,0,0,0,0,0.25,no,no,none,0,,no,,,yes,no,no,0,0,yes,no,,0,,no,no,no
wpn_type95_fire_npc,raw\sound\wpn\assault\type95\plr\shot\wpn_type95_shot_plr.LN65.pc.snd.wav.wav,wpn_type95_LFE_npc,loaded,bus_fx,grp_weapon,snp_wpn_3p,,55,0,82,82,900,900,901,cosdelay,alloff,cosdelay,default,8,2,priority,oldest,-125,125,40,90,0.25,0.8,3d,default,nonlooping,volume,1,0,0,0,0,0.25,no,no,none,0,,no,,,yes,no,no,0,0,yes,no,,0,,no,no,no
wpn_type95_fire_npc_pap,raw\sound\wpn\pap\pap_shot_st.LN65.pc.snd.wav.wav,wpn_type95_qolflux_l_npc_pap,loaded,bus_fx,grp_weapon,snp_wpn_3p,,80,0,82,82,75,1250,1250,allon,default,allon,default,10,3,priority,oldest,-100,100,50,90,0.35,1,3d,default,nonlooping,volume pitch,1,0,0,0,0,0.25,no,no,none,0,,no,,,yes,no,no,0,0,yes,no,,0,,no,no,no
wpn_type95_fire_plr,raw\sound\wpn\assault\type95\plr\shot\wpn_type95_shot_plr.LN65.pc.snd.wav.wav,wpn_type95_lfe,loaded,bus_fx,grp_weapon,snp_wpn_1p,,65,0,93,93,0,5000,5000,allon,default,allon,default,3,8,oldest,oldest,-25,25,90,90,0.25,1,2d,default,nonlooping,volume,1,0,0,0,0,0.25,no,no,none,0,,no,,,yes,no,no,0,0,yes,no,,0,,no,no,no
wpn_type95_fire_plr_pap,raw\sound\wpn\pap\pap_shot_st.LN65.pc.snd.wav.wav,wpn_type95_qolflux_l_plr_pap,loaded,bus_hdrfx,grp_weapon,snp_wpn_1p,,70,0,87,87,0,5000,5000,allon,default,allon,default,1,8,oldest,oldest,0,0,90,90,0.25,1,2d,default,nonlooping,volume,1,0,0,0,0,0.25,no,no,none,0,,no,,,yes,no,no,0,0,yes,no,,0,,no,no,no
wpn_xm8_fire_npc,raw\sound\wpn\assault\xm8\plr\shot\wpn_xm8_shot_plr.LN65.pc.snd.wav.wav,wpn_xm8_LFE_npc,loaded,bus_fx,grp_weapon,snp_wpn_3p,,55,0,82,82,900,900,901,cosdelay,alloff,cosdelay,default,8,2,priority,oldest,-125,125,40,90,0.25,0.8,3d,default,nonlooping,volume,1,0,0,0,0,0.25,no,no,none,0,,no,,,yes,no,no,0,0,yes,no,,0,,no,no,no
wpn_xm8_fire_npc_pap,raw\sound\wpn\pap\pap_shot_st.LN65.pc.snd.wav.wav,wpn_xm8_qolflux_l_npc_pap,loaded,bus_fx,grp_weapon,snp_wpn_3p,,80,0,82,82,75,1250,1250,allon,default,allon,default,10,3,priority,oldest,-100,100,50,90,0.35,1,3d,default,nonlooping,volume pitch,1,0,0,0,0,0.25,no,no,none,0,,no,,,yes,no,no,0,0,yes,no,,0,,no,no,no
wpn_xm8_fire_plr,raw\sound\wpn\assault\xm8\plr\shot\wpn_xm8_shot_plr.LN65.pc.snd.wav.wav,wpn_xm8_lfe,loaded,bus_fx,grp_weapon,snp_wpn_1p,,65,0,93,93,0,5000,5000,allon,default,allon,default,3,8,oldest,oldest,-50,50,90,90,0.25,1,2d,default,nonlooping,volume,1,0,0,0,0,0.25,no,no,none,0,,no,,,yes,no,no,0,0,yes,no,,0,,no,no,no
wpn_xm8_fire_plr_burst,raw\sound\wpn\assault\xm8\plr\shot\wpn_xm8_shot_plr_burst.LN65.pc.snd.wav.wav,,loaded,bus_fx,grp_weapon,snp_wpn_1p,,65,0,93,93,0,5000,5000,allon,default,allon,default,3,8,oldest,oldest,-50,50,90,90,0.25,1,2d,default,nonlooping,volume,1,0,0,0,0,0.25,no,no,none,0,,no,,,yes,no,no,0,0,yes,no,,0,,no,no,no
wpn_xm8_fire_plr_pap,raw\sound\wpn\pap\pap_shot_st.LN65.pc.snd.wav.wav,wpn_xm8_qolflux_l_plr_pap,loaded,bus_hdrfx,grp_weapon,snp_wpn_1p,,70,0,87,87,0,5000,5000,allon,default,allon,default,1,8,oldest,oldest,0,0,90,90,0.25,1,2d,default,nonlooping,volume,1,0,0,0,0,0.25,no,no,none,0,,no,,,yes,no,no,0,0,yes,no,,0,,no,no,no
wpn_xm8_lfe,raw\sound\wpn\wpn_lfe\wpn_lfe_4080120.LN65.pc.snd.wav.wav,wpn_xm8_fire_plr_decay,loaded,bus_hdrfx,grp_wpn_lfe,snp_wpn_1p,,0,0,86,86,0,5000,5000,allon,default,allon,default,8,2,priority,oldest,0,0,85,90,0.25,1,2d,default,nonlooping,volume,1,0,0,0,0,0.25,no,no,none,0,,no,,,no,no,no,0,0,yes,no,,0,,no,no,no
wpn_rpd_fire_npc,raw\sound\wpn\lmg\lsat\plr\shot\wpn_lsat_shot_plr.LN65.pc.snd.wav.wav,wpn_rpd_LFE_npc,loaded,bus_fx,grp_weapon,snp_wpn_3p,,70,0,85,85,900,900,901,cosdelay,alloff,cosdelay,default,8,2,priority,oldest,-25,25,50,90,0.25,0.8,3d,default,nonlooping,volume pitch,1,0,0,0,0,0.25,no,no,none,0,,no,,,yes,no,no,0,0,yes,no,,0,,no,no,no
wpn_rpd_fire_npc_pap,raw\sound\wpn\pap\pap_shot_st.LN65.pc.snd.wav.wav,wpn_rpd_qolflux_l_npc_pap,loaded,bus_fx,grp_weapon,snp_wpn_3p,,80,0,82,82,75,1250,1250,allon,default,allon,default,10,3,priority,oldest,-100,100,50,90,0.35,1,3d,default,nonlooping,volume pitch,1,0,0,0,0,0.25,no,no,none,0,,no,,,yes,no,no,0,0,yes,no,,0,,no,no,no
wpn_rpd_fire_plr,raw\sound\wpn\lmg\lsat\plr\shot\wpn_lsat_shot_plr.LN65.pc.snd.wav.wav,wpn_rpd_lfe,loaded,bus_fx,grp_weapon,snp_wpn_1p,,70,0,93,93,0,5000,5000,allon,default,allon,default,2,8,oldest,oldest,-25,25,90,90,0.25,1,2d,default,nonlooping,volume,1,0,0,0,0,0.25,no,no,none,0,,no,,,yes,no,no,0,0,yes,no,,0,,no,no,no
wpn_rpd_fire_plr_pap,raw\sound\wpn\pap\pap_shot_st.LN65.pc.snd.wav.wav,wpn_rpd_qolflux_l_plr_pap,loaded,bus_hdrfx,grp_weapon,snp_wpn_1p,,70,0,87,87,0,5000,5000,allon,default,allon,default,1,8,oldest,oldest,0,0,90,90,0.25,1,2d,default,nonlooping,volume,1,0,0,0,0,0.25,no,no,none,0,,no,,,yes,no,no,0,0,yes,no,,0,,no,no,no
wpn_saritchqol_fire_npc,raw\sound\wpn\assault\saritch\plr\shot\wpn_saritch_shot_plr.LN65.pc.snd.wav.wav,wpn_saritchqol_LFE_npc,loaded,bus_fx,grp_weapon,snp_wpn_3p,,55,0,82,82,900,900,901,cosdelay,alloff,cosdelay,default,8,2,priority,oldest,-25,25,40,90,0.25,0.8,3d,default,nonlooping,volume,1,0,0,0,0,0.25,no,no,none,0,,no,,,yes,no,no,0,0,yes,no,,0,,no,no,no
wpn_saritchqol_fire_npc_pap,raw\sound\wpn\pap\pap_shot_st.LN65.pc.snd.wav.wav,wpn_saritchqol_qolflux_l_npc_pap,loaded,bus_fx,grp_weapon,snp_wpn_3p,,80,0,82,82,75,1250,1250,allon,default,allon,default,10,3,priority,oldest,-100,100,50,90,0.35,1,3d,default,nonlooping,volume pitch,1,0,0,0,0,0.25,no,no,none,0,,no,,,yes,no,no,0,0,yes,no,,0,,no,no,no
wpn_saritchqol_fire_plr,raw\sound\wpn\assault\saritch\plr\shot\wpn_saritch_shot_plr.LN65.pc.snd.wav.wav,wpn_saritchqol_lfe,loaded,bus_fx,grp_weapon,snp_wpn_1p,,65,0,93,93,0,5000,5000,allon,default,allon,default,3,8,oldest,oldest,-50,50,90,90,0.25,1,2d,default,nonlooping,volume,1,0,0,0,0,0.25,no,no,none,0,,no,,,yes,no,no,0,0,yes,no,,0,,no,no,no
wpn_saritchqol_fire_plr_pap,raw\sound\wpn\pap\pap_shot_st.LN65.pc.snd.wav.wav,wpn_saritchqol_qolflux_l_plr_pap,loaded,bus_hdrfx,grp_weapon,snp_wpn_1p,,70,0,87,87,0,5000,5000,allon,default,allon,default,1,8,oldest,oldest,0,0,90,90,0.25,1,2d,default,nonlooping,volume,1,0,0,0,0,0.25,no,no,none,0,,no,,,yes,no,no,0,0,yes,no,,0,,no,no,no
wpn_m16qol_fire_npc,raw\sound\wpn\assault\m27\plr\shot\wpn_m27_shot_plr.LN65.pc.snd.wav.wav,wpn_m16qol_LFE_npc,loaded,bus_fx,grp_weapon,snp_wpn_3p,,55,0,82,82,900,900,901,cosdelay,alloff,cosdelay,default,8,2,priority,oldest,-25,25,40,90,0.25,0.8,3d,default,nonlooping,volume,1,0,0,0,0,0.25,no,no,none,0,,no,,,yes,no,no,0,0,yes,no,,0,,no,no,no
wpn_m16qol_fire_npc_pap,raw\sound\wpn\pap\pap_shot_st.LN65.pc.snd.wav.wav,wpn_m16qol_qolflux_l_npc_pap,loaded,bus_fx,grp_weapon,snp_wpn_3p,,80,0,82,82,75,1250,1250,allon,default,allon,default,10,3,priority,oldest,-100,100,50,90,0.35,1,3d,default,nonlooping,volume pitch,1,0,0,0,0,0.25,no,no,none,0,,no,,,yes,no,no,0,0,yes,no,,0,,no,no,no
wpn_m16qol_fire_plr,raw\sound\wpn\assault\m27\plr\shot\wpn_m27_shot_plr.LN65.pc.snd.wav.wav,wpn_m16qol_lfe,loaded,bus_fx,grp_weapon,snp_wpn_1p,,65,0,93,93,0,5000,5000,allon,default,allon,default,3,8,oldest,oldest,-25,25,90,90,0.25,1,2d,default,nonlooping,volume,1,0,0,0,0,0.25,no,no,none,0,,no,,,yes,no,no,0,0,yes,no,,0,,no,no,no
wpn_m16qol_fire_plr_pap,raw\sound\wpn\pap\pap_shot_st.LN65.pc.snd.wav.wav,wpn_m16qol_qolflux_l_plr_pap,loaded,bus_hdrfx,grp_weapon,snp_wpn_1p,,70,0,87,87,0,5000,5000,allon,default,allon,default,1,8,oldest,oldest,0,0,90,90,0.25,1,2d,default,nonlooping,volume,1,0,0,0,0,0.25,no,no,none,0,,no,,,yes,no,no,0,0,yes,no,,0,,no,no,no
wpn_barrettm82qol_fire_npc,raw\sound\wpn\sniper\dsr\npc\shot\wpn_dsr_fire_npc.LN65.pc.snd.wav.wav,wpn_barrettm82qol_lfe_npc,loaded,bus_fx,grp_weapon,snp_wpn_3p,,65,0,88,88,900,900,901,cosdelay,alloff,cosdelay,default,6,2,priority,oldest,-88,84,20,90,0.25,0.8,3d,default,nonlooping,volume pitch,1,0,0,0,0,0.25,no,no,none,0,,no,,,yes,no,no,0,0,yes,no,,0,,no,no,no
wpn_barrettm82qol_fire_npc_pap,raw\sound\wpn\pap\pap_shot_st.LN65.pc.snd.wav.wav,wpn_barrettm82qol_qolflux_l_npc_pap,loaded,bus_fx,grp_weapon,snp_wpn_3p,,80,0,82,82,75,1250,1250,allon,default,allon,default,10,3,priority,oldest,-100,100,50,90,0.35,1,3d,default,nonlooping,volume pitch,1,0,0,0,0,0.25,no,no,none,0,,no,,,yes,no,no,0,0,yes,no,,0,,no,no,no
wpn_barrettm82qol_fire_plr,raw\sound\wpn\sniper\dsr\plr\shot\wpn_dsr_fire_plr.LN65.pc.snd.wav.wav,wpn_barrettm82qol_lfe,loaded,bus_fx,grp_weapon,snp_wpn_1p,,70,0,88,88,0,5000,5000,allon,default,allon,default,2,8,oldest,oldest,0,0,90,90,0.25,1,2d,default,nonlooping,volume,1,0,0,0,0,0.25,no,no,none,0,,no,,,yes,no,no,0,0,yes,no,,0,,no,no,no
wpn_barrettm82qol_fire_plr_pap,raw\sound\wpn\pap\pap_shot_st.LN65.pc.snd.wav.wav,wpn_barrettm82qol_qolflux_l_plr_pap,loaded,bus_hdrfx,grp_weapon,snp_wpn_1p,,70,0,87,87,0,5000,5000,allon,default,allon,default,1,8,oldest,oldest,0,0,90,90,0.25,1,2d,default,nonlooping,volume,1,0,0,0,0,0.25,no,no,none,0,,no,,,yes,no,no,0,0,yes,no,,0,,no,no,no
wpn_tar21qol_fire_npc,raw\sound\wpn\assault\tar21\plr\shot\wpn_tar21_shot_plr.LN65.pc.snd.wav.wav,wpn_tar21qol_LFE_npc,loaded,bus_fx,grp_weapon,snp_wpn_3p,,55,0,82,82,900,900,901,cosdelay,alloff,cosdelay,default,8,2,priority,oldest,-125,125,40,90,0.25,0.8,3d,default,nonlooping,volume,1,0,0,0,0,0.25,no,no,none,0,,no,,,yes,no,no,0,0,yes,no,,0,,no,no,no
wpn_tar21qol_fire_npc_pap,raw\sound\wpn\pap\pap_shot_st.LN65.pc.snd.wav.wav,wpn_tar21qol_qolflux_l_npc_pap,loaded,bus_fx,grp_weapon,snp_wpn_3p,,80,0,82,82,75,1250,1250,allon,default,allon,default,10,3,priority,oldest,-100,100,50,90,0.35,1,3d,default,nonlooping,volume pitch,1,0,0,0,0,0.25,no,no,none,0,,no,,,yes,no,no,0,0,yes,no,,0,,no,no,no
wpn_tar21qol_fire_plr,raw\sound\wpn\assault\tar21\plr\shot\wpn_tar21_shot_plr.LN65.pc.snd.wav.wav,wpn_tar21qol_lfe,loaded,bus_fx,grp_weapon,snp_wpn_1p,,65,0,93,93,0,5000,5000,allon,default,allon,default,3,8,oldest,oldest,-25,26,90,90,0.25,1,2d,default,nonlooping,volume,1,0,0,0,0,0.25,no,no,none,0,,no,,,yes,no,no,0,0,yes,no,,0,,no,no,no
wpn_tar21qol_fire_plr_pap,raw\sound\wpn\pap\pap_shot_st.LN65.pc.snd.wav.wav,wpn_tar21qol_qolflux_l_plr_pap,loaded,bus_hdrfx,grp_weapon,snp_wpn_1p,,70,0,87,87,0,5000,5000,allon,default,allon,default,1,8,oldest,oldest,0,0,90,90,0.25,1,2d,default,nonlooping,volume,1,0,0,0,0,0.25,no,no,none,0,,no,,,yes,no,no,0,0,yes,no,,0,,no,no,no
wpn_saiga12qol_fire_npc,raw\sound\wpn\shotgun\srm1216\plr\shot\wpn_srm1216_fire.LN65.pc.snd.wav.wav,wpn_saiga12qol_npc_LFE,loaded,bus_fx,grp_weapon,snp_wpn_3p,,55,0,88,88,900,900,900,cosdelay,alloff,cosdelay,default,6,2,priority,oldest,-88,84,50,90,0.25,0.8,3d,default,nonlooping,volume,1,0,0,0,0,0.25,no,no,none,0,,no,,,yes,no,no,0,0,yes,no,,0,,no,no,no
wpn_saiga12qol_fire_npc_pap,raw\sound\wpn\pap\pap_shot_st.LN65.pc.snd.wav.wav,wpn_saiga12qol_qolflux_l_npc_pap,loaded,bus_fx,grp_weapon,snp_wpn_3p,,80,0,82,82,75,1250,1250,allon,default,allon,default,10,3,priority,oldest,-100,100,50,90,0.35,1,3d,default,nonlooping,volume pitch,1,0,0,0,0,0.25,no,no,none,0,,no,,,yes,no,no,0,0,yes,no,,0,,no,no,no
wpn_saiga12qol_fire_plr,raw\sound\wpn\shotgun\srm1216\plr\shot\wpn_srm1216_fire.LN65.pc.snd.wav.wav,wpn_saiga12qol_LFE,loaded,bus_fx,grp_weapon,snp_wpn_1p,,65,0,94,94,0,5000,5000,allon,default,allon,default,8,2,priority,oldest,-100,100,90,90,0.25,1,2d,default,nonlooping,volume,1,0,0,0,0,0.25,no,no,none,0,,no,,,yes,no,no,0,0,yes,no,,0,,no,no,no
wpn_saiga12qol_fire_plr_pap,raw\sound\wpn\pap\pap_shot_st.LN65.pc.snd.wav.wav,wpn_saiga12qol_qolflux_l_plr_pap,loaded,bus_hdrfx,grp_weapon,snp_wpn_1p,,70,0,87,87,0,5000,5000,allon,default,allon,default,1,8,oldest,oldest,0,0,90,90,0.25,1,2d,default,nonlooping,volume,1,0,0,0,0,0.25,no,no,none,0,,no,,,yes,no,no,0,0,yes,no,,0,,no,no,no
wpn_judgeqol_fire_npc,raw\sound\wpn\pistol\judge\plr\shot\wpn_judge_shot_plr.LN65.pc.snd.wav.wav,wpn_judgeqol_LFE_npc,loaded,bus_fx,grp_weapon,snp_wpn_3p,,55,0,85,85,900,900,900,cosdelay,alloff,cosdelay,default,6,2,priority,oldest,-281,281,20,90,0.25,0.8,3d,default,nonlooping,volume,1,0,0,0,0,0.3,no,no,none,0,,no,,,yes,no,no,0,0,yes,no,,0,,no,no,no
wpn_judgeqol_fire_npc_pap,raw\sound\wpn\pap\pap_shot_st.LN65.pc.snd.wav.wav,wpn_judgeqol_qolflux_l_npc_pap,loaded,bus_fx,grp_weapon,snp_wpn_3p,,80,0,82,82,75,1250,1250,allon,default,allon,default,10,3,priority,oldest,-100,100,50,90,0.35,1,3d,default,nonlooping,volume pitch,1,0,0,0,0,0.25,no,no,none,0,,no,,,yes,no,no,0,0,yes,no,,0,,no,no,no
wpn_judgeqol_fire_plr,raw\sound\wpn\pistol\judge\plr\shot\wpn_judge_shot_plr.LN65.pc.snd.wav.wav,wpn_judgeqol_LFE,loaded,bus_fx,grp_weapon,snp_wpn_1p,,65,0,90,90,0,5000,5000,allon,default,allon,default,2,8,oldest,oldest,0,0,90,90,0.25,1,2d,default,nonlooping,volume,1,0,0,0,0,0.25,no,no,none,0,,no,,,yes,no,no,0,0,yes,no,,0,,no,no,no
wpn_judgeqol_fire_plr_pap,raw\sound\wpn\pap\pap_shot_st.LN65.pc.snd.wav.wav,wpn_judgeqol_qolflux_l_plr_pap,loaded,bus_hdrfx,grp_weapon,snp_wpn_1p,,70,0,87,87,0,5000,5000,allon,default,allon,default,1,8,oldest,oldest,0,0,90,90,0.25,1,2d,default,nonlooping,volume,1,0,0,0,0,0.25,no,no,none,0,,no,,,yes,no,no,0,0,yes,no,,0,,no,no,no
wpn_rpg_1straise_npc,raw\sound\fly\heavy_cloth\long\fly_heavy_cloth_long_00.LN65.pc.snd.wav.wav,,loaded,bus_fx,grp_foley,snp_foley,,30,0,75,75,75,500,500,allon,default,allon,default,4,8,priority,oldest,-90,90,15,30,0.25,1,3d,default,nonlooping,volume,1,0,25,250,75,0.25,no,yes,none,0,,no,,,yes,no,no,0,0,yes,no,,0,,no,no,no
wpn_rpg_1straise_plr,raw\sound\fly\heavy_cloth\long\fly_heavy_cloth_long_00.LN65.pc.snd.wav.wav,,loaded,bus_fx,grp_foley,snp_foley,,30,0,86,89,0,5000,5000,allon,default,allon,default,8,8,priority,oldest,-88,84,70,70,0.25,1,2d,default,nonlooping,volume,1,0,0,0,0,0.25,no,yes,none,0,,no,,,yes,no,no,0,0,yes,no,,0,,no,no,no
wpn_rpg_dryfire_npc,raw\sound\wpn\lmg\dry_fire\npc\dry_fire_00.LN65.pc.snd.wav.wav,,loaded,bus_fx,grp_weapon,snp_wpn_3p,,0,0,80,80,75,275,275,allon,default,allon,default,8,2,priority,oldest,0,0,10,30,0.25,1,3d,default,nonlooping,volume,1,0,0,0,0,0.25,no,no,none,0,,no,,,yes,no,no,0,0,yes,no,,0,,no,no,no
wpn_rpg_dryfire_plr,raw\sound\wpn\lmg\dry_fire\plr\dry_fire_00.LN65.pc.snd.wav.wav,,loaded,bus_fx,grp_weapon,snp_wpn_1p,,0,0,80,80,0,5000,5000,allon,default,allon,default,2,8,oldest,oldest,0,0,10,30,0.25,1,2d,default,nonlooping,volume,1,0,0,0,0,0.25,no,no,none,0,,no,,,yes,no,no,0,0,yes,no,,0,,no,no,no
wpn_rpg_fire_npc,raw\sound\wpn\rocket\rpg\plr\shot\wpn_rpg_shot_plr.LN65.pc.snd.wav.wav,wpn_rpg_fire_dist_npc,loaded,bus_fx,grp_weapon,snp_wpn_3p,,80,0,88,88,750,750,751,cosdelay,alloff,cosdelay,default,3,3,priority,oldest,-300,200,50,90,0.25,1,3d,default,nonlooping,volume pitch,1,0,0,0,0,0.2,no,no,none,0,,no,,,yes,no,no,0,0,yes,no,,0,,no,no,no
wpn_rpg_fire_npc_pap,raw\sound\wpn\pap\pap_shot_st.LN65.pc.snd.wav.wav,wpn_rpg_qolflux_l_npc_pap,loaded,bus_fx,grp_weapon,snp_wpn_3p,,80,0,82,82,75,1250,1250,allon,default,allon,default,10,3,priority,oldest,-100,100,50,90,0.35,1,3d,default,nonlooping,volume pitch,1,0,0,0,0,0.25,no,no,none,0,,no,,,yes,no,no,0,0,yes,no,,0,,no,no,no
wpn_rpg_fire_plr,raw\sound\wpn\rpg\shot\plr\wpn_rpg_fire_plr.LN65.pc.snd.wav.wav,wpn_rpg_fire_LFE,loaded,bus_fx,grp_weapon,snp_wpn_1p,,80,0,88,88,0,5000,5000,allon,default,allon,default,1,8,oldest,oldest,0,0,90,90,0.25,1,2d,default,nonlooping,volume,1,0,0,0,0,0,no,no,none,0,,no,,,yes,no,no,0,0,yes,no,,0,,no,no,no
wpn_rpg_fire_plr_pap,raw\sound\wpn\pap\pap_shot_st.LN65.pc.snd.wav.wav,wpn_rpg_qolflux_l_plr_pap,loaded,bus_hdrfx,grp_weapon,snp_wpn_1p,,70,0,87,87,0,5000,5000,allon,default,allon,default,1,8,oldest,oldest,0,0,90,90,0.25,1,2d,default,nonlooping,volume,1,0,0,0,0,0.25,no,no,none,0,,no,,,yes,no,no,0,0,yes,no,,0,,no,no,no
wpn_rpg_loop,raw\sound\prj\rocket\rocket_loop.LL65.pc.snd.wav.wav,wpn_rpg_loop_close,loaded,bus_fx,grp_weapon,snp_wpn_3p,,30,0,85,87,50,2250,2500,allon,default,allon,default,8,8,oldest,oldest,300,600,50,90,0.25,1,3d,default,looping,volume pitch,1,0,25,100,80,0.2,no,no,none,0,,yes,,,yes,no,no,0,0,yes,no,,0,,no,no,no
wpn_jetgun_effect_plr_end,raw\sound\wpn\jetgun\jetgun_off.LN65.pc.snd.wav,,loaded,bus_hdrfx,grp_hdrfx,snp_hdrfx,@ce86373b,60,0,85,85,450,1775,1775,allon,default,allon,default,8,1,priority,oldest,0,0,95,100,0.25,1,3d,default,nonlooping,,1,0,45,75,100,0,no,no,none,0,,no,,,yes,no,no,0,0,yes,no,,0,,no,no,no
wpn_jetgun_effect_plr_loop,raw\sound\wpn\jetgun\jetgun_loop_fnt.LL65.pc.snd.wav,wpn_jetgun_effect_plr_loop_2,loaded,bus_hdrfx,grp_hdrfx,snp_hdrfx,@ce86373b,60,0,85,85,500,1500,2000,allon,default,allon,default,8,1,priority,reject,0,0,95,100,0.25,1,3d,default,looping,,1,0,45,75,100,0,no,no,none,0,,no,,,yes,no,no,800,0,yes,no,,0,,no,no,no
wpn_jetgun_effect_plr_loop_2,raw\sound\wpn\jetgun\jetgun_loop_bck.LL65.pc.snd.wav,,loaded,bus_hdrfx,grp_hdrfx,snp_hdrfx,@ce86373b,60,0,85,85,500,1500,2000,allon,default,allon,default,8,1,priority,reject,0,0,95,100,0.25,1,3d,default,looping,,1,0,45,75,100,0,no,no,none,0,,no,,,yes,no,no,800,0,yes,no,,0,,no,no,no
wpn_jetgun_effect_plr_start,raw\sound\wpn\jetgun\jetgun_on.LN65.pc.snd.wav,,loaded,bus_hdrfx,grp_hdrfx,snp_hdrfx,@ce86373b,60,0,85,85,500,1500,2000,allon,default,allon,default,8,1,priority,oldest,0,0,95,100,0.25,1,3d,default,nonlooping,,1,0,45,75,100,0,no,no,none,0,,no,,,yes,no,no,0,0,yes,no,,0,,no,no,no
wpn_jetgun_explo,raw\sound\wpn\jetgun\explo\jet_gun_explo_new.LN65.pc.snd.wav,wpn_jetgun_explo_lfe,loaded,bus_hdrfx,grp_hdrfx,snp_hdrfx,,60,0,94,94,450,1775,1775,allon,default,allon,default,8,8,priority,oldest,0,0,95,100,0.25,1,3d,quad,nonlooping,,1,0,0,0,0,0,no,no,none,0,,no,,,yes,no,no,0,0,yes,no,,0,,no,no,no
wpn_jetgun_explo_lfe,raw\sound\wpn\grenade\explosion\lfe\exp_grenade_lfe.LN65.pc.snd.wav,,loaded,bus_fx,grp_lfe,snp_hdrfx,,0,0,90,90,50,300,300,allon,default,allon,default,8,8,priority,oldest,0,0,95,100,0,1,3d,lfe,nonlooping,,1,0,0,0,0,0,no,yes,none,0,,no,,,yes,no,no,0,0,yes,no,,0,,no,no,no
wpn_jetgun_fire_npc_end,raw\sound\wpn\jetgun\rattle\jetgun_rattle_stop.LN65.pc.snd.wav,,loaded,bus_hdrfx,grp_weapon,snp_wpn_3p,@ce86373b,75,0,84,84,750,2500,2500,cosdelay,alloff,cosdelay,default,8,1,priority,oldest,-100,100,50,90,0.25,0.8,3d,default,nonlooping,pitch,1,0,125,375,88,0.25,no,no,none,0,,no,,,yes,no,no,0,0,yes,no,,0,,no,no,no
wpn_jetgun_fire_npc_loop,raw\sound\wpn\jetgun\rattle\jetgun_rattle_loop.LL65.pc.snd.wav,,loaded,bus_hdrfx,grp_weapon,snp_wpn_3p,@ce86373b,75,0,84,84,750,2500,2500,cosdelay,alloff,cosdelay,default,8,1,priority,reject,-100,100,50,90,0.25,0.8,3d,default,looping,pitch,1,0,125,375,88,0.25,no,no,none,0,,no,,,yes,no,no,1500,400,yes,no,,0,,no,no,no
wpn_jetgun_fire_npc_start,raw\sound\wpn\jetgun\rattle\jetgun_rattle_start.LN65.pc.snd.wav,,loaded,bus_hdrfx,grp_weapon,snp_wpn_3p,@ce86373b,75,0,84,84,750,2500,2500,cosdelay,alloff,cosdelay,default,8,1,priority,oldest,-100,100,50,90,0.25,0.8,3d,default,nonlooping,pitch,1,0,125,375,88,0.25,no,no,none,0,,no,,,yes,no,no,0,0,yes,no,,0,,no,no,no
wpn_jetgun_fire_plr_end,raw\sound\wpn\jetgun\rattle\jetgun_rattle_stop.LN65.pc.snd.wav,,loaded,bus_hdrfx,grp_weapon,snp_wpn_1p,@ce86373b,70,0,87,87,0,5000,5000,allon,default,allon,default,1,8,oldest,oldest,0,0,90,90,0.25,1,2d,front_mostly,nonlooping,,1,0,0,0,0,0.25,no,no,none,0,,no,,,yes,no,no,0,0,yes,no,,0,,no,no,no
wpn_jetgun_fire_plr_loop,raw\sound\wpn\jetgun\rattle\jetgun_rattle_loop.LL65.pc.snd.wav,,loaded,bus_hdrfx,grp_weapon,snp_wpn_1p,@ce86373b,70,0,87,87,0,5000,5000,allon,default,allon,default,1,8,reject,oldest,0,0,90,90,0.25,1,2d,front_mostly,looping,,1,0,0,0,0,0.25,no,no,none,0,,no,,,yes,no,no,1500,400,yes,no,,0,,no,no,no
wpn_jetgun_fire_plr_start,raw\sound\wpn\jetgun\rattle\jetgun_rattle_start.LN65.pc.snd.wav,,loaded,bus_hdrfx,grp_weapon,snp_wpn_1p,@ce86373b,70,0,87,87,0,5000,5000,allon,default,allon,default,1,8,oldest,oldest,0,0,90,90,0.25,1,2d,front_mostly,nonlooping,,1,0,0,0,0,0.25,no,no,none,0,,no,,,yes,no,no,0,0,yes,no,,0,,no,no,no
wpn_minigun_pickup_npc,raw\sound\fly\pickups\weapon\fly_weapon_pickup_00.LN65.pc.snd.wav,,loaded,bus_fx,grp_foley,snp_foley,,30,0,75,75,75,500,500,allon,default,allon,default,2,1,priority,reject,-50,50,15,30,0.25,1,3d,default,nonlooping,,1,0,25,250,75,0.25,no,yes,none,0,,no,,,yes,no,no,0,0,yes,no,,0,,no,no,no
wpn_minigun_pickup_npc,raw\sound\fly\pickups\weapon\fly_weapon_pickup_01.LN65.pc.snd.wav,,loaded,bus_fx,grp_foley,snp_foley,,30,0,75,75,75,500,500,allon,default,allon,default,2,1,priority,reject,-50,50,15,30,0.25,1,3d,default,nonlooping,,1,0,25,250,75,0.25,no,yes,none,0,,no,,,yes,no,no,0,0,yes,no,,0,,no,no,no
wpn_minigun_pickup_plr,raw\sound\fly\pickups\weapon\fly_weapon_pickup_00.LN65.pc.snd.wav,,loaded,bus_fx,grp_foley,snp_foley,,30,0,86,89,0,5000,5000,allon,default,allon,default,8,8,priority,oldest,-88,84,70,70,0.25,1,2d,front,nonlooping,,1,0,0,0,0,0.25,no,yes,none,0,,no,,,yes,no,no,0,0,yes,no,,0,,no,no,no
wpn_minigun_pickup_plr,raw\sound\fly\pickups\weapon\fly_weapon_pickup_01.LN65.pc.snd.wav,,loaded,bus_fx,grp_foley,snp_foley,,30,0,86,89,0,5000,5000,allon,default,allon,default,8,8,priority,oldest,-88,84,70,70,0.25,1,2d,front,nonlooping,,1,0,0,0,0,0.25,no,yes,none,0,,no,,,yes,no,no,0,0,yes,no,,0,,no,no,no
wpn_weap_putaway_npc,raw\sound\fly\gear\rattle\fly_cloth_00.LN65.pc.snd.wav,,loaded,bus_fx,grp_foley,snp_foley,,30,0,62,62,0,5000,5000,allon,default,allon,default,2,8,reject,oldest,-88,84,70,70,0.25,1,2d,front,nonlooping,,1,0,0,0,0,0.25,no,yes,none,0,,no,,,yes,no,no,0,0,yes,no,,0,,no,no,no
wpn_weap_putaway_npc,raw\sound\fly\gear\rattle\fly_cloth_01.LN65.pc.snd.wav,,loaded,bus_fx,grp_foley,snp_foley,,30,0,62,62,0,5000,5000,allon,default,allon,default,2,8,reject,oldest,-88,84,70,70,0.25,1,2d,front,nonlooping,,1,0,0,0,0,0.25,no,yes,none,0,,no,,,yes,no,no,0,0,yes,no,,0,,no,no,no
wpn_weap_putaway_npc,raw\sound\fly\gear\rattle\fly_cloth_02.LN65.pc.snd.wav,,loaded,bus_fx,grp_foley,snp_foley,,30,0,62,62,0,5000,5000,allon,default,allon,default,2,8,reject,oldest,-88,84,70,70,0.25,1,2d,front,nonlooping,,1,0,0,0,0,0.25,no,yes,none,0,,no,,,yes,no,no,0,0,yes,no,,0,,no,no,no
wpn_weap_putaway_npc,raw\sound\fly\gear\rattle\fly_cloth_03.LN65.pc.snd.wav,,loaded,bus_fx,grp_foley,snp_foley,,30,0,62,62,0,5000,5000,allon,default,allon,default,2,8,reject,oldest,-88,84,70,70,0.25,1,2d,front,nonlooping,,1,0,0,0,0,0.25,no,yes,none,0,,no,,,yes,no,no,0,0,yes,no,,0,,no,no,no
wpn_weap_raise_npc,raw\sound\fly\gear\rattle\fly_cloth_00.LN65.pc.snd.wav,,loaded,bus_fx,grp_foley,snp_foley,,30,0,62,62,0,5000,5000,allon,default,allon,default,2,8,reject,oldest,-88,84,70,70,0.25,1,2d,front,nonlooping,,1,0,0,0,0,0.25,no,yes,none,0,,no,,,yes,no,no,0,0,yes,no,,0,,no,no,no
wpn_weap_raise_npc,raw\sound\fly\gear\rattle\fly_cloth_01.LN65.pc.snd.wav,,loaded,bus_fx,grp_foley,snp_foley,,30,0,62,62,0,5000,5000,allon,default,allon,default,2,8,reject,oldest,-88,84,70,70,0.25,1,2d,front,nonlooping,,1,0,0,0,0,0.25,no,yes,none,0,,no,,,yes,no,no,0,0,yes,no,,0,,no,no,no
wpn_weap_raise_npc,raw\sound\fly\gear\rattle\fly_cloth_02.LN65.pc.snd.wav,,loaded,bus_fx,grp_foley,snp_foley,,30,0,62,62,0,5000,5000,allon,default,allon,default,2,8,reject,oldest,-88,84,70,70,0.25,1,2d,front,nonlooping,,1,0,0,0,0,0.25,no,yes,none,0,,no,,,yes,no,no,0,0,yes,no,,0,,no,no,no
wpn_weap_raise_npc,raw\sound\fly\gear\rattle\fly_cloth_03.LN65.pc.snd.wav,,loaded,bus_fx,grp_foley,snp_foley,,30,0,62,62,0,5000,5000,allon,default,allon,default,2,8,reject,oldest,-88,84,70,70,0.25,1,2d,front,nonlooping,,1,0,0,0,0,0.25,no,yes,none,0,,no,,,yes,no,no,0,0,yes,no,,0,,no,no,no
fly_barrettm82_bolt_back,raw\sound\wpn\sniper\reload\fly_sniper_bb.LN65.pc.snd.wav,prj_brass_impact_plr_large_dirt,loaded,bus_fx,grp_foley,snp_foley,,30,0,86,89,0,5000,5000,allon,default,allon,default,8,8,priority,oldest,-88,84,70,70,0.25,1,2d,front,nonlooping,,1,0,0,0,0,0.25,no,yes,none,0,,no,,,yes,no,no,0,0,yes,no,,0,,no,no,no
fly_barrettm82_bolt_down,raw\sound\wpn\sniper\reload\fly_sniper_bd.LN65.pc.snd.wav,,loaded,bus_fx,grp_foley,snp_foley,,30,0,86,89,0,5000,5000,allon,default,allon,default,8,8,priority,oldest,-88,84,70,70,0.25,1,2d,front,nonlooping,,1,0,0,0,0,0.25,no,yes,none,0,,no,,,yes,no,no,0,0,yes,no,,0,,no,no,no
fly_barrettm82_bolt_forward,raw\sound\wpn\sniper\reload\fly_sniper_bf.LN65.pc.snd.wav,,loaded,bus_fx,grp_foley,snp_foley,,30,0,86,89,0,5000,5000,allon,default,allon,default,8,8,priority,oldest,-88,84,70,70,0.25,1,2d,front,nonlooping,,1,0,0,0,0,0.25,no,yes,none,0,,no,,,yes,no,no,0,0,yes,no,,0,,no,no,no
fly_barrettm82_bolt_up,raw\sound\wpn\sniper\reload\fly_sniper_bu.LN65.pc.snd.wav,,loaded,bus_fx,grp_foley,snp_foley,,30,0,86,89,0,5000,5000,allon,default,allon,default,8,8,priority,oldest,-88,84,70,70,0.25,1,2d,front,nonlooping,,1,0,0,0,0,0.25,no,yes,none,0,,no,,,yes,no,no,0,0,yes,no,,0,,no,no,no
fly_barrettm82_dial_sight,raw\sound\wpn\rocket\m202\foley\fly_m202_flip_sight.LN65.pc.snd.wav,,loaded,bus_fx,grp_foley,snp_foley,,30,0,86,89,0,5000,5000,allon,default,allon,default,8,8,priority,oldest,-88,84,70,70,0.25,1,2d,front,nonlooping,,1,0,0,0,0,0.25,no,yes,none,0,,no,,,yes,no,no,0,0,yes,no,,0,,no,no,no
fly_barrettm82_mag_in,raw\sound\wpn\sniper\reload\fly_sniper_mag_in.LN65.pc.snd.wav,,loaded,bus_fx,grp_foley,snp_foley,,30,0,86,89,0,5000,5000,allon,default,allon,default,8,8,priority,oldest,-88,84,70,70,0.25,1,2d,front,nonlooping,,1,0,0,0,0,0.25,no,yes,none,0,,no,,,yes,no,no,0,0,yes,no,,0,,no,no,no
fly_barrettm82_mag_out,raw\sound\wpn\sniper\reload\fly_sniper_mag_out.LN65.pc.snd.wav,,loaded,bus_fx,grp_foley,snp_foley,,30,0,86,89,0,5000,5000,allon,default,allon,default,8,8,priority,oldest,-88,84,70,70,0.25,1,2d,front,nonlooping,,1,0,0,0,0,0.25,no,yes,none,0,,no,,,yes,no,no,0,0,yes,no,,0,,no,no,no
fly_judge_close,raw\sound\wpn\pistol\357\reload\fly_357_close.LN65.pc.snd.wav,,loaded,bus_fx,grp_foley,snp_foley,,30,0,86,89,0,5000,5000,allon,default,allon,default,8,8,priority,oldest,-88,84,70,70,0.25,1,2d,front,nonlooping,,1,0,0,0,0,0.25,no,yes,none,0,,no,,,yes,no,no,0,0,yes,no,,0,,no,no,no
fly_judge_empty,raw\sound\wpn\pistol\judge\foley\fly_judge_empty.LN65.pc.snd.wav,,loaded,bus_fx,grp_foley,snp_foley,,30,0,86,89,0,5000,5000,allon,default,allon,default,8,8,priority,oldest,-88,84,70,70,0.25,1,2d,front,nonlooping,,1,100,0,0,0,0.25,no,yes,none,0,,no,,,yes,no,no,0,0,yes,no,,0,,no,no,no
fly_judge_load,raw\sound\wpn\pistol\judge\foley\load\fly_judge_load_00.LN65.pc.snd.wav,,loaded,bus_fx,grp_foley,snp_foley,,30,0,86,89,0,5000,5000,allon,default,allon,default,8,8,priority,oldest,-88,84,70,70,0.25,1,2d,front,nonlooping,,1,0,0,0,0,0.25,no,yes,none,0,,no,,,yes,no,no,0,0,yes,no,,0,,no,no,no
fly_judge_load,raw\sound\wpn\pistol\judge\foley\load\fly_judge_load_01.LN65.pc.snd.wav,,loaded,bus_fx,grp_foley,snp_foley,,30,0,86,89,0,5000,5000,allon,default,allon,default,8,8,priority,oldest,-88,84,70,70,0.25,1,2d,front,nonlooping,,1,0,0,0,0,0.25,no,yes,none,0,,no,,,yes,no,no,0,0,yes,no,,0,,no,no,no
fly_judge_open,raw\sound\wpn\pistol\357\reload\fly_357_open.LN65.pc.snd.wav,,loaded,bus_fx,grp_foley,snp_foley,,30,0,86,89,0,5000,5000,allon,default,allon,default,8,8,priority,oldest,-88,84,70,70,0.25,1,2d,front,nonlooping,,1,0,0,0,0,0.25,no,yes,none,0,,no,,,yes,no,no,0,0,yes,no,,0,,no,no,no
fly_m16_bolt_back,raw\sound\wpn\assault\reload\fly_assault_bb.LN65.pc.snd.wav,,loaded,bus_fx,grp_foley,snp_foley,,30,0,86,89,0,5000,5000,allon,default,allon,default,8,8,priority,oldest,-88,84,70,70,0.25,1,2d,front,nonlooping,,1,0,0,0,0,0.25,no,yes,none,0,,no,,,yes,no,no,0,0,yes,no,,0,,no,no,no
fly_m16_bolt_release,raw\sound\wpn\assault\reload\fly_assault_bf.LN65.pc.snd.wav,,loaded,bus_fx,grp_foley,snp_foley,,30,0,86,89,0,5000,5000,allon,default,allon,default,8,8,priority,oldest,-88,84,70,70,0.25,1,2d,front,nonlooping,,1,0,0,0,0,0.25,no,yes,none,0,,no,,,yes,no,no,0,0,yes,no,,0,,no,no,no
fly_m16_button,raw\sound\wpn\assault\m16\reload\fly_m16_button.LN65.pc.snd.wav,,loaded,bus_fx,grp_foley,snp_foley,,30,0,86,89,0,5000,5000,allon,default,allon,default,8,8,priority,oldest,-88,84,70,70,0.25,1,2d,front,nonlooping,,1,0,0,0,0,0.25,no,yes,none,0,,no,,,yes,no,no,0,0,yes,no,,0,,no,no,no
fly_m16_charge,raw\sound\wpn\assault\reload\fly_assault_charge.LN65.pc.snd.wav,,loaded,bus_fx,grp_foley,snp_foley,,30,0,86,89,0,5000,5000,allon,default,allon,default,8,8,priority,oldest,-88,84,70,70,0.25,1,2d,front,nonlooping,,1,0,0,0,0,0.25,no,yes,none,0,,no,,,yes,no,no,0,0,yes,no,,0,,no,no,no
fly_m16_mag_in,raw\sound\wpn\assault\reload\fly_assault_mag_in.LN65.pc.snd.wav,,loaded,bus_fx,grp_foley,snp_foley,,30,0,86,89,0,5000,5000,allon,default,allon,default,8,8,priority,oldest,-88,84,70,70,0.25,1,2d,front,nonlooping,,1,0,0,0,0,0.25,no,yes,none,0,,no,,,yes,no,no,0,0,yes,no,,0,,no,no,no
fly_m16_mag_out,raw\sound\wpn\assault\reload\fly_assault_mag_out.LN65.pc.snd.wav,,loaded,bus_fx,grp_foley,snp_foley,,30,0,86,89,0,5000,5000,allon,default,allon,default,8,8,priority,oldest,-88,84,70,70,0.25,1,2d,front,nonlooping,,1,0,0,0,0,0.25,no,yes,none,0,,no,,,yes,no,no,0,0,yes,no,,0,,no,no,no
fly_mp5k_charge,raw\sound\wpn\smg\mp5\reload\fly_mp5_charge.LN65.pc.snd.wav,,loaded,bus_fx,grp_foley,snp_foley,,30,0,86,89,0,5000,5000,allon,default,allon,default,8,8,priority,oldest,-88,84,70,70,0.25,1,2d,front,nonlooping,,1,0,0,0,0,0.25,no,yes,none,0,,no,,,yes,no,no,0,0,yes,no,,0,,no,no,no
fly_mp5k_futz,raw\sound\wpn\smg\mp5\reload\fly_mp5_futz.LN65.pc.snd.wav,,loaded,bus_fx,grp_foley,snp_foley,,30,0,86,89,0,5000,5000,allon,default,allon,default,8,8,priority,oldest,-88,84,70,70,0.25,1,2d,front,nonlooping,,1,0,0,0,0,0.25,no,yes,none,0,,no,,,yes,no,no,0,0,yes,no,,0,,no,no,no
fly_mp5k_mag_in,raw\sound\wpn\smg\mp5\reload\fly_mp5_mag_in.LN65.pc.snd.wav,,loaded,bus_fx,grp_foley,snp_foley,,30,0,86,89,0,5000,5000,allon,default,allon,default,8,8,priority,oldest,-88,84,70,70,0.25,1,2d,front,nonlooping,,1,0,0,0,0,0.25,no,yes,none,0,,no,,,yes,no,no,0,0,yes,no,,0,,no,no,no
fly_mp5k_mag_out,raw\sound\wpn\smg\skorpion\reload\fly_skorpion_mag_out.LN65.pc.snd.wav,,loaded,bus_fx,grp_foley,snp_foley,,30,0,86,89,0,5000,5000,allon,default,allon,default,8,8,priority,oldest,-88,84,70,70,0.25,1,2d,front,nonlooping,,1,0,0,0,0,0.25,no,yes,none,0,,no,,,yes,no,no,0,0,yes,no,,0,,no,no,no
fly_mp5k_pull_charge,raw\sound\wpn\smg\mp5\reload\fly_mp5_pull_charge.LN65.pc.snd.wav,,loaded,bus_fx,grp_foley,snp_foley,,30,0,86,89,0,5000,5000,allon,default,allon,default,8,8,priority,oldest,-88,84,70,70,0.25,1,2d,front,nonlooping,,1,0,0,0,0,0.25,no,yes,none,0,,no,,,yes,no,no,0,0,yes,no,,0,,no,no,no
fly_mp5k_tap,raw\sound\wpn\assault\m14\reload\fly_m14_tap.LN65.pc.snd.wav,,loaded,bus_fx,grp_foley,snp_foley,,30,0,86,89,0,5000,5000,allon,default,allon,default,8,8,priority,oldest,-88,84,70,70,0.25,1,2d,front,nonlooping,,1,0,0,0,0,0.25,no,yes,none,0,,no,,,yes,no,no,0,0,yes,no,,0,,no,no,no
fly_rpd_close,raw\sound\wpn\lmg\mk48\foley\fly_mk48_close.LN65.pc.snd.wav,,loaded,bus_fx,grp_foley,snp_foley,,30,0,86,89,0,5000,5000,allon,default,allon,default,8,8,priority,oldest,-88,84,70,70,0.25,1,2d,front,nonlooping,,1,0,0,0,0,0.25,no,yes,none,0,,no,,,yes,no,no,0,0,yes,no,,0,,no,no,no
fly_rpd_futz,raw\sound\wpn\lmg\mk48\foley\fly_mk48_futz.LN65.pc.snd.wav,,loaded,bus_fx,grp_foley,snp_foley,,30,0,86,89,0,5000,5000,allon,default,allon,default,8,8,priority,oldest,-88,84,70,70,0.25,1,2d,front,nonlooping,,1,0,0,0,0,0.25,no,yes,none,0,,no,,,yes,no,no,0,0,yes,no,,0,,no,no,no
fly_rpd_lift_belt,raw\sound\wpn\lmg\mk48\foley\fly_mk48_lift_belt.LN65.pc.snd.wav,,loaded,bus_fx,grp_foley,snp_foley,,30,0,86,89,0,5000,5000,allon,default,allon,default,8,8,priority,oldest,-88,84,70,70,0.25,1,2d,front,nonlooping,,1,0,0,0,0,0.25,no,yes,none,0,,no,,,yes,no,no,0,0,yes,no,,0,,no,no,no
fly_rpd_mag_in,raw\sound\wpn\lmg\mk48\foley\fly_mk48_mag_in.LN65.pc.snd.wav,,loaded,bus_fx,grp_foley,snp_foley,,30,0,86,89,0,5000,5000,allon,default,allon,default,8,8,priority,oldest,-88,84,70,70,0.25,1,2d,front,nonlooping,,1,0,0,0,0,0.25,no,yes,none,0,,no,,,yes,no,no,0,0,yes,no,,0,,no,no,no
fly_rpd_mag_out,raw\sound\wpn\lmg\mk48\foley\fly_mk48_mag_out.LN65.pc.snd.wav,,loaded,bus_fx,grp_foley,snp_foley,,30,0,86,89,0,5000,5000,allon,default,allon,default,8,8,priority,oldest,-88,84,70,70,0.25,1,2d,front,nonlooping,,1,0,0,0,0,0.25,no,yes,none,0,,no,,,yes,no,no,0,0,yes,no,,0,,no,no,no
fly_rpd_open,raw\sound\wpn\lmg\mk48\foley\fly_mk48_open.LN65.pc.snd.wav,,loaded,bus_fx,grp_foley,snp_foley,,30,0,86,89,0,5000,5000,allon,default,allon,default,8,8,priority,oldest,-88,84,70,70,0.25,1,2d,front,nonlooping,,1,0,0,0,0,0.25,no,yes,none,0,,no,,,yes,no,no,0,0,yes,no,,0,,no,no,no
fly_rpd_pull,raw\sound\wpn\lmg\mk48\foley\fly_mk48_pull.LN65.pc.snd.wav,,loaded,bus_fx,grp_foley,snp_foley,,30,0,86,89,0,5000,5000,allon,default,allon,default,8,8,priority,oldest,-88,84,70,70,0.25,1,2d,front,nonlooping,,1,0,0,0,0,0.25,no,yes,none,0,,no,,,yes,no,no,0,0,yes,no,,0,,no,no,no
fly_rpd_release,raw\sound\wpn\lmg\mk48\foley\fly_mk48_release.LN65.pc.snd.wav,,loaded,bus_fx,grp_foley,snp_foley,,30,0,86,89,0,5000,5000,allon,default,allon,default,8,8,priority,oldest,-88,84,70,70,0.25,1,2d,front,nonlooping,,1,0,0,0,0,0.25,no,yes,none,0,,no,,,yes,no,no,0,0,yes,no,,0,,no,no,no
fly_rpd_seat_belt,raw\sound\wpn\lmg\mk48\foley\fly_mk48_seat_belt.LN65.pc.snd.wav,,loaded,bus_fx,grp_foley,snp_foley,,30,0,86,89,0,5000,5000,allon,default,allon,default,8,8,priority,oldest,-88,84,70,70,0.25,1,2d,front,nonlooping,,1,0,0,0,0,0.25,no,yes,none,0,,no,,,yes,no,no,0,0,yes,no,,0,,no,no,no
fly_rpd_start,raw\sound\wpn\lmg\mk48\foley\fly_mk48_start.LN65.pc.snd.wav,,loaded,bus_fx,grp_foley,snp_foley,,30,0,86,89,0,5000,5000,allon,default,allon,default,8,8,priority,oldest,-88,84,70,70,0.25,1,2d,front,nonlooping,,1,0,0,0,0,0.25,no,yes,none,0,,no,,,yes,no,no,0,0,yes,no,,0,,no,no,no
fly_rpd_tap,raw\sound\wpn\assault\m14\reload\fly_m14_tap.LN65.pc.snd.wav,,loaded,bus_fx,grp_foley,snp_foley,,30,0,86,89,0,5000,5000,allon,default,allon,default,8,8,priority,oldest,-88,84,70,70,0.25,1,2d,front,nonlooping,,1,0,0,0,0,0.25,no,yes,none,0,,no,,,yes,no,no,0,0,yes,no,,0,,no,no,no
fly_rpg_flip_sight,raw\sound\wpn\rocket\rpg\foley\fly_rpg_flip.LN65.pc.snd.wav,,loaded,bus_fx,grp_foley,snp_foley,,30,0,86,89,0,5000,5000,allon,default,allon,default,8,8,priority,oldest,-88,84,70,70,0.25,1,2d,front,nonlooping,,1,0,0,0,0,0.25,no,yes,none,0,,no,,,yes,no,no,0,0,yes,no,,0,,no,no,no
fly_rpg_sight_up,raw\sound\wpn\gren_launcher\china_lake\foley\fly_china_lake_sight_up.LN65.pc.snd.wav,,loaded,bus_fx,grp_foley,snp_foley,,30,0,75,75,0,5000,5000,allon,default,allon,default,1,8,reject,oldest,-88,84,70,70,0.25,1,2d,front,nonlooping,,1,0,0,0,0,0.25,no,yes,none,0,,no,,,yes,no,no,0,0,yes,no,,0,,no,no,no
fly_saiga12_futz,raw\sound\wpn\assault\m14\reload\fly_m14_futz.LN65.pc.snd.wav,,loaded,bus_fx,grp_foley,snp_foley,,30,0,86,89,0,5000,5000,allon,default,allon,default,8,8,priority,oldest,-88,84,70,70,0.25,1,2d,front,nonlooping,,1,0,0,0,0,0.25,no,yes,none,0,,no,,,yes,no,no,0,0,yes,no,,0,,no,no,no
fly_saiga12_mag_in,raw\sound\wpn\shotgun\srm1216\foley\fly_srm1216_mag_in.LN65.pc.snd.wav,,loaded,bus_fx,grp_foley,snp_foley,,30,0,86,89,0,5000,5000,allon,default,allon,default,8,8,priority,oldest,-88,84,70,70,0.25,1,2d,front,nonlooping,,1,0,0,0,0,0.25,no,yes,none,0,,no,,,yes,no,no,0,0,yes,no,,0,,no,no,no
fly_saiga12_mag_out,raw\sound\wpn\shotgun\srm1216\foley\fly_srm1216_mag_out.LN65.pc.snd.wav,,loaded,bus_fx,grp_foley,snp_foley,,30,0,86,89,0,5000,5000,allon,default,allon,default,8,8,priority,oldest,-88,84,70,70,0.25,1,2d,front,nonlooping,,1,0,0,0,0,0.25,no,yes,none,0,,no,,,yes,no,no,0,0,yes,no,,0,,no,no,no
fly_saiga12_pull,raw\sound\wpn\shotgun\reload\fly_shotgun_pump_back.LN65.pc.snd.wav,,loaded,bus_fx,grp_foley,snp_foley,,30,0,86,89,0,5000,5000,allon,default,allon,default,8,8,priority,oldest,-88,84,70,70,0.25,1,2d,front,nonlooping,,1,0,0,0,0,0.25,no,yes,none,0,,no,,,yes,no,no,0,0,yes,no,,0,,no,no,no
fly_saiga12_release,raw\sound\wpn\shotgun\reload\fly_shotgun_pump_forward.LN65.pc.snd.wav,,loaded,bus_fx,grp_foley,snp_foley,,30,0,86,89,0,5000,5000,allon,default,allon,default,8,8,priority,oldest,-88,84,70,70,0.25,1,2d,front,nonlooping,,1,0,0,0,0,0.25,no,yes,none,0,,no,,,yes,no,no,0,0,yes,no,,0,,no,no,no
fly_saiga12_shell_in,raw\sound\wpn\shotgun\foley\load\load_00.LN65.pc.snd.wav,,loaded,bus_fx,grp_foley,snp_foley,,30,0,86,89,0,5000,5000,allon,default,allon,default,8,8,priority,oldest,-88,84,70,70,0.25,1,2d,front,nonlooping,,1,0,0,0,0,0.25,no,yes,none,0,,no,,,yes,no,no,0,0,yes,no,,0,,no,no,no
fly_saiga12_shell_in,raw\sound\wpn\shotgun\foley\load\load_01.LN65.pc.snd.wav,,loaded,bus_fx,grp_foley,snp_foley,,30,0,86,89,0,5000,5000,allon,default,allon,default,8,8,priority,oldest,-88,84,70,70,0.25,1,2d,front,nonlooping,,1,0,0,0,0,0.25,no,yes,none,0,,no,,,yes,no,no,0,0,yes,no,,0,,no,no,no
fly_saiga12_shell_in,raw\sound\wpn\shotgun\foley\load\load_02.LN65.pc.snd.wav,,loaded,bus_fx,grp_foley,snp_foley,,30,0,86,89,0,5000,5000,allon,default,allon,default,8,8,priority,oldest,-88,84,70,70,0.25,1,2d,front,nonlooping,,1,0,0,0,0,0.25,no,yes,none,0,,no,,,yes,no,no,0,0,yes,no,,0,,no,no,no
fly_saiga12_shell_in,raw\sound\wpn\shotgun\foley\load\load_03.LN65.pc.snd.wav,,loaded,bus_fx,grp_foley,snp_foley,,30,0,86,89,0,5000,5000,allon,default,allon,default,8,8,priority,oldest,-88,84,70,70,0.25,1,2d,front,nonlooping,,1,0,0,0,0,0.25,no,yes,none,0,,no,,,yes,no,no,0,0,yes,no,,0,,no,no,no
fly_saiga12_shell_in,raw\sound\wpn\shotgun\foley\load\load_04.LN65.pc.snd.wav,,loaded,bus_fx,grp_foley,snp_foley,,30,0,86,89,0,5000,5000,allon,default,allon,default,8,8,priority,oldest,-88,84,70,70,0.25,1,2d,front,nonlooping,,1,0,0,0,0,0.25,no,yes,none,0,,no,,,yes,no,no,0,0,yes,no,,0,,no,no,no
fly_saiga12_shell_in,raw\sound\wpn\shotgun\foley\load\load_05.LN65.pc.snd.wav,,loaded,bus_fx,grp_foley,snp_foley,,30,0,86,89,0,5000,5000,allon,default,allon,default,8,8,priority,oldest,-88,84,70,70,0.25,1,2d,front,nonlooping,,1,0,0,0,0,0.25,no,yes,none,0,,no,,,yes,no,no,0,0,yes,no,,0,,no,no,no
fly_saiga12_twist,raw\sound\wpn\shotgun\srm1216\foley\fly_srm1216_twist.LN65.pc.snd.wav,,loaded,bus_fx,grp_foley,snp_foley,,30,0,86,89,0,5000,5000,allon,default,allon,default,8,8,priority,oldest,-88,84,70,70,0.25,1,2d,front,nonlooping,,1,0,0,0,0,0.25,no,yes,none,0,,no,,,yes,no,no,0,0,yes,no,,0,,no,no,no
fly_spas_pull,raw\sound\wpn\shotgun\reload\fly_shotgun_pump_back.LN65.pc.snd.wav,,loaded,bus_fx,grp_foley,snp_foley,,30,0,86,89,0,5000,5000,allon,default,allon,default,8,8,priority,oldest,-88,84,70,70,0.25,1,2d,front,nonlooping,,1,0,0,0,0,0.25,no,yes,none,0,,no,,,yes,no,no,0,0,yes,no,,0,,no,no,no
fly_spas_release,raw\sound\wpn\shotgun\reload\fly_shotgun_pump_forward.LN65.pc.snd.wav,,loaded,bus_fx,grp_foley,snp_foley,,30,0,86,89,0,5000,5000,allon,default,allon,default,8,8,priority,oldest,-88,84,70,70,0.25,1,2d,front,nonlooping,,1,0,0,0,0,0.25,no,yes,none,0,,no,,,yes,no,no,0,0,yes,no,,0,,no,no,no
fly_spas_shell_in,raw\sound\wpn\shotgun\foley\load\load_00.LN65.pc.snd.wav,,loaded,bus_fx,grp_foley,snp_foley,,30,0,86,89,0,5000,5000,allon,default,allon,default,8,8,priority,oldest,-88,84,70,70,0.25,1,2d,front,nonlooping,,1,0,0,0,0,0.25,no,yes,none,0,,no,,,yes,no,no,0,0,yes,no,,0,,no,no,no
fly_spas_shell_in,raw\sound\wpn\shotgun\foley\load\load_01.LN65.pc.snd.wav,,loaded,bus_fx,grp_foley,snp_foley,,30,0,86,89,0,5000,5000,allon,default,allon,default,8,8,priority,oldest,-88,84,70,70,0.25,1,2d,front,nonlooping,,1,0,0,0,0,0.25,no,yes,none,0,,no,,,yes,no,no,0,0,yes,no,,0,,no,no,no
fly_spas_shell_in,raw\sound\wpn\shotgun\foley\load\load_02.LN65.pc.snd.wav,,loaded,bus_fx,grp_foley,snp_foley,,30,0,86,89,0,5000,5000,allon,default,allon,default,8,8,priority,oldest,-88,84,70,70,0.25,1,2d,front,nonlooping,,1,0,0,0,0,0.25,no,yes,none,0,,no,,,yes,no,no,0,0,yes,no,,0,,no,no,no
fly_spas_shell_in,raw\sound\wpn\shotgun\foley\load\load_03.LN65.pc.snd.wav,,loaded,bus_fx,grp_foley,snp_foley,,30,0,86,89,0,5000,5000,allon,default,allon,default,8,8,priority,oldest,-88,84,70,70,0.25,1,2d,front,nonlooping,,1,0,0,0,0,0.25,no,yes,none,0,,no,,,yes,no,no,0,0,yes,no,,0,,no,no,no
fly_spas_shell_in,raw\sound\wpn\shotgun\foley\load\load_04.LN65.pc.snd.wav,,loaded,bus_fx,grp_foley,snp_foley,,30,0,86,89,0,5000,5000,allon,default,allon,default,8,8,priority,oldest,-88,84,70,70,0.25,1,2d,front,nonlooping,,1,0,0,0,0,0.25,no,yes,none,0,,no,,,yes,no,no,0,0,yes,no,,0,,no,no,no
fly_spas_shell_in,raw\sound\wpn\shotgun\foley\load\load_05.LN65.pc.snd.wav,,loaded,bus_fx,grp_foley,snp_foley,,30,0,86,89,0,5000,5000,allon,default,allon,default,8,8,priority,oldest,-88,84,70,70,0.25,1,2d,front,nonlooping,,1,0,0,0,0,0.25,no,yes,none,0,,no,,,yes,no,no,0,0,yes,no,,0,,no,no,no
fly_saritch_bolt_back,raw\sound\wpn\assault\reload\fly_assault_bb.LN65.pc.snd.wav,,loaded,bus_fx,grp_foley,snp_foley,,30,0,86,89,0,5000,5000,allon,default,allon,default,8,8,priority,oldest,-88,84,70,70,0.25,1,2d,front,nonlooping,,1,0,0,0,0,0.25,no,yes,none,0,,no,,,yes,no,no,0,0,yes,no,,0,,no,no,no
fly_saritch_bolt_release,raw\sound\wpn\assault\reload\fly_assault_bf.LN65.pc.snd.wav,,loaded,bus_fx,grp_foley,snp_foley,,30,0,86,89,0,5000,5000,allon,default,allon,default,8,8,priority,oldest,-88,84,70,70,0.25,1,2d,front,nonlooping,,1,0,0,0,0,0.25,no,yes,none,0,,no,,,yes,no,no,0,0,yes,no,,0,,no,no,no
fly_saritch_button,raw\sound\wpn\assault\m16\reload\fly_m16_button.LN65.pc.snd.wav,,loaded,bus_fx,grp_foley,snp_foley,,30,0,86,89,0,5000,5000,allon,default,allon,default,8,8,priority,oldest,-88,84,70,70,0.25,1,2d,front,nonlooping,,1,0,0,0,0,0.25,no,yes,none,0,,no,,,yes,no,no,0,0,yes,no,,0,,no,no,no
fly_saritch_charge,raw\sound\wpn\assault\reload\fly_assault_charge.LN65.pc.snd.wav,,loaded,bus_fx,grp_foley,snp_foley,,30,0,86,89,0,5000,5000,allon,default,allon,default,8,8,priority,oldest,-88,84,70,70,0.25,1,2d,front,nonlooping,,1,0,0,0,0,0.25,no,yes,none,0,,no,,,yes,no,no,0,0,yes,no,,0,,no,no,no
fly_saritch_mag_in,raw\sound\wpn\assault\reload\fly_assault_mag_in.LN65.pc.snd.wav,,loaded,bus_fx,grp_foley,snp_foley,,30,0,86,89,0,5000,5000,allon,default,allon,default,8,8,priority,oldest,-88,84,70,70,0.25,1,2d,front,nonlooping,,1,0,0,0,0,0.25,no,yes,none,0,,no,,,yes,no,no,0,0,yes,no,,0,,no,no,no
fly_saritch_mag_out,raw\sound\wpn\assault\reload\fly_assault_mag_out.LN65.pc.snd.wav,,loaded,bus_fx,grp_foley,snp_foley,,30,0,86,89,0,5000,5000,allon,default,allon,default,8,8,priority,oldest,-88,84,70,70,0.25,1,2d,front,nonlooping,,1,0,0,0,0,0.25,no,yes,none,0,,no,,,yes,no,no,0,0,yes,no,,0,,no,no,no
fly_tar21_bolt_back,raw\sound\wpn\assault\reload\fly_assault_bb.LN65.pc.snd.wav,,loaded,bus_fx,grp_foley,snp_foley,,30,0,86,89,0,5000,5000,allon,default,allon,default,8,8,priority,oldest,-88,84,70,70,0.25,1,2d,front,nonlooping,,1,0,0,0,0,0.25,no,yes,none,0,,no,,,yes,no,no,0,0,yes,no,,0,,no,no,no
fly_tar21_bolt_release,raw\sound\wpn\assault\reload\fly_assault_bf.LN65.pc.snd.wav,,loaded,bus_fx,grp_foley,snp_foley,,30,0,86,89,0,5000,5000,allon,default,allon,default,8,8,priority,oldest,-88,84,70,70,0.25,1,2d,front,nonlooping,,1,0,0,0,0,0.25,no,yes,none,0,,no,,,yes,no,no,0,0,yes,no,,0,,no,no,no
fly_tar21_button,raw\sound\wpn\assault\m16\reload\fly_m16_button.LN65.pc.snd.wav,,loaded,bus_fx,grp_foley,snp_foley,,30,0,86,89,0,5000,5000,allon,default,allon,default,8,8,priority,oldest,-88,84,70,70,0.25,1,2d,front,nonlooping,,1,0,0,0,0,0.25,no,yes,none,0,,no,,,yes,no,no,0,0,yes,no,,0,,no,no,no
fly_tar21_charge,raw\sound\wpn\assault\reload\fly_assault_charge.LN65.pc.snd.wav,,loaded,bus_fx,grp_foley,snp_foley,,30,0,86,89,0,5000,5000,allon,default,allon,default,8,8,priority,oldest,-88,84,70,70,0.25,1,2d,front,nonlooping,,1,0,0,0,0,0.25,no,yes,none,0,,no,,,yes,no,no,0,0,yes,no,,0,,no,no,no
fly_tar21_mag_in,raw\sound\wpn\assault\reload\fly_assault_mag_in.LN65.pc.snd.wav,,loaded,bus_fx,grp_foley,snp_foley,,30,0,86,89,0,5000,5000,allon,default,allon,default,8,8,priority,oldest,-88,84,70,70,0.25,1,2d,front,nonlooping,,1,0,0,0,0,0.25,no,yes,none,0,,no,,,yes,no,no,0,0,yes,no,,0,,no,no,no
fly_tar21_mag_out,raw\sound\wpn\assault\reload\fly_assault_mag_out.LN65.pc.snd.wav,,loaded,bus_fx,grp_foley,snp_foley,,30,0,86,89,0,5000,5000,allon,default,allon,default,8,8,priority,oldest,-88,84,70,70,0.25,1,2d,front,nonlooping,,1,0,0,0,0,0.25,no,yes,none,0,,no,,,yes,no,no,0,0,yes,no,,0,,no,no,no
fly_tar21_tap,raw\sound\wpn\assault\m14\reload\fly_m14_tap.LN65.pc.snd.wav,,loaded,bus_fx,grp_foley,snp_foley,,30,0,86,89,0,5000,5000,allon,default,allon,default,8,8,priority,oldest,-88,84,70,70,0.25,1,2d,front,nonlooping,,1,0,0,0,0,0.25,no,yes,none,0,,no,,,yes,no,no,0,0,yes,no,,0,,no,no,no
fly_type95_bolt_back,raw\sound\wpn\assault\reload\fly_assault_bb.LN65.pc.snd.wav,,loaded,bus_fx,grp_foley,snp_foley,,30,0,86,89,0,5000,5000,allon,default,allon,default,8,8,priority,oldest,-88,84,70,70,0.25,1,2d,front,nonlooping,,1,0,0,0,0,0.25,no,yes,none,0,,no,,,yes,no,no,0,0,yes,no,,0,,no,no,no
fly_type95_bolt_release,raw\sound\wpn\assault\reload\fly_assault_bf.LN65.pc.snd.wav,,loaded,bus_fx,grp_foley,snp_foley,,30,0,86,89,0,5000,5000,allon,default,allon,default,8,8,priority,oldest,-88,84,70,70,0.25,1,2d,front,nonlooping,,1,0,0,0,0,0.25,no,yes,none,0,,no,,,yes,no,no,0,0,yes,no,,0,,no,no,no
fly_type95_button,raw\sound\wpn\assault\m16\reload\fly_m16_button.LN65.pc.snd.wav,,loaded,bus_fx,grp_foley,snp_foley,,30,0,86,89,0,5000,5000,allon,default,allon,default,8,8,priority,oldest,-88,84,70,70,0.25,1,2d,front,nonlooping,,1,0,0,0,0,0.25,no,yes,none,0,,no,,,yes,no,no,0,0,yes,no,,0,,no,no,no
fly_type95_charge,raw\sound\wpn\assault\reload\fly_assault_charge.LN65.pc.snd.wav,,loaded,bus_fx,grp_foley,snp_foley,,30,0,86,89,0,5000,5000,allon,default,allon,default,8,8,priority,oldest,-88,84,70,70,0.25,1,2d,front,nonlooping,,1,0,0,0,0,0.25,no,yes,none,0,,no,,,yes,no,no,0,0,yes,no,,0,,no,no,no
fly_type95_mag_in,raw\sound\wpn\assault\reload\fly_assault_mag_in.LN65.pc.snd.wav,,loaded,bus_fx,grp_foley,snp_foley,,30,0,86,89,0,5000,5000,allon,default,allon,default,8,8,priority,oldest,-88,84,70,70,0.25,1,2d,front,nonlooping,,1,0,0,0,0,0.25,no,yes,none,0,,no,,,yes,no,no,0,0,yes,no,,0,,no,no,no
fly_type95_mag_out,raw\sound\wpn\assault\reload\fly_assault_mag_out.LN65.pc.snd.wav,,loaded,bus_fx,grp_foley,snp_foley,,30,0,86,89,0,5000,5000,allon,default,allon,default,8,8,priority,oldest,-88,84,70,70,0.25,1,2d,front,nonlooping,,1,0,0,0,0,0.25,no,yes,none,0,,no,,,yes,no,no,0,0,yes,no,,0,,no,no,no
fly_type95_raise_plr,raw\sound\fly\heavy_cloth\long\fly_heavy_cloth_long_00.LN65.pc.snd.wav,,loaded,bus_fx,grp_foley,snp_foley,,30,0,86,89,0,5000,5000,allon,default,allon,default,8,8,priority,oldest,-88,84,70,70,0.25,1,2d,front,nonlooping,,1,0,0,0,0,0.25,no,yes,none,0,,no,,,yes,no,no,0,0,yes,no,,0,,no,no,no
fly_xm8_bolt_back,raw\sound\wpn\assault\reload\fly_assault_bb.LN65.pc.snd.wav,,loaded,bus_fx,grp_foley,snp_foley,,30,0,86,89,0,5000,5000,allon,default,allon,default,8,8,priority,oldest,-88,84,70,70,0.25,1,2d,front,nonlooping,,1,0,0,0,0,0.25,no,yes,none,0,,no,,,yes,no,no,0,0,yes,no,,0,,no,no,no
fly_xm8_bolt_release,raw\sound\wpn\assault\reload\fly_assault_bf.LN65.pc.snd.wav,,loaded,bus_fx,grp_foley,snp_foley,,30,0,86,89,0,5000,5000,allon,default,allon,default,8,8,priority,oldest,-88,84,70,70,0.25,1,2d,front,nonlooping,,1,0,0,0,0,0.25,no,yes,none,0,,no,,,yes,no,no,0,0,yes,no,,0,,no,no,no
fly_xm8_charge,raw\sound\wpn\assault\reload\fly_assault_charge.LN65.pc.snd.wav,,loaded,bus_fx,grp_foley,snp_foley,,30,0,86,89,0,5000,5000,allon,default,allon,default,8,8,priority,oldest,-88,84,70,70,0.25,1,2d,front,nonlooping,,1,0,0,0,0,0.25,no,yes,none,0,,no,,,yes,no,no,0,0,yes,no,,0,,no,no,no
fly_xm8_mag_in,raw\sound\wpn\assault\reload\fly_assault_mag_in.LN65.pc.snd.wav,,loaded,bus_fx,grp_foley,snp_foley,,30,0,86,89,0,5000,5000,allon,default,allon,default,8,8,priority,oldest,-88,84,70,70,0.25,1,2d,front,nonlooping,,1,0,0,0,0,0.25,no,yes,none,0,,no,,,yes,no,no,0,0,yes,no,,0,,no,no,no
fly_xm8_mag_out,raw\sound\wpn\assault\reload\fly_assault_mag_out.LN65.pc.snd.wav,,loaded,bus_fx,grp_foley,snp_foley,,30,0,86,89,0,5000,5000,allon,default,allon,default,8,8,priority,oldest,-88,84,70,70,0.25,1,2d,front,nonlooping,,1,0,0,0,0,0.25,no,yes,none,0,,no,,,yes,no,no,0,0,yes,no,,0,,no,no,no
fly_an94_bolt_back,raw\sound\wpn\assault\reload\fly_assault_bb.LN65.pc.snd.wav,,loaded,bus_fx,grp_foley,snp_foley,,30,0,86,89,0,5000,5000,allon,default,allon,default,8,8,priority,oldest,-88,84,70,70,0.25,1,2d,front,nonlooping,,1,0,0,0,0,0.25,no,yes,none,0,,no,,,yes,no,no,0,0,yes,no,,0,,no,no,no
fly_an94_bolt_release,raw\sound\wpn\assault\reload\fly_assault_bf.LN65.pc.snd.wav,,loaded,bus_fx,grp_foley,snp_foley,,30,0,86,89,0,5000,5000,allon,default,allon,default,8,8,priority,oldest,-88,84,70,70,0.25,1,2d,front,nonlooping,,1,0,0,0,0,0.25,no,yes,none,0,,no,,,yes,no,no,0,0,yes,no,,0,,no,no,no
fly_an94_button,raw\sound\wpn\assault\m16\reload\fly_m16_button.LN65.pc.snd.wav,,loaded,bus_fx,grp_foley,snp_foley,,30,0,86,89,0,5000,5000,allon,default,allon,default,8,8,priority,oldest,-88,84,70,70,0.25,1,2d,front,nonlooping,,1,0,0,0,0,0.25,no,yes,none,0,,no,,,yes,no,no,0,0,yes,no,,0,,no,no,no
fly_an94_charge,raw\sound\wpn\assault\reload\fly_assault_charge.LN65.pc.snd.wav,,loaded,bus_fx,grp_foley,snp_foley,,30,0,86,89,0,5000,5000,allon,default,allon,default,8,8,priority,oldest,-88,84,70,70,0.25,1,2d,front,nonlooping,,1,0,0,0,0,0.25,no,yes,none,0,,no,,,yes,no,no,0,0,yes,no,,0,,no,no,no
fly_an94_dial_sight,raw\sound\wpn\rocket\m202\foley\fly_m202_flip_sight.LN65.pc.snd.wav,,loaded,bus_fx,grp_foley,snp_foley,,30,0,86,89,0,5000,5000,allon,default,allon,default,8,8,priority,oldest,-88,84,70,70,0.25,1,2d,front,nonlooping,,1,0,0,0,0,0.25,no,yes,none,0,,no,,,yes,no,no,0,0,yes,no,,0,,no,no,no
fly_an94_mag_in,raw\sound\wpn\assault\reload\fly_assault_mag_in.LN65.pc.snd.wav,,loaded,bus_fx,grp_foley,snp_foley,,30,0,86,89,0,5000,5000,allon,default,allon,default,8,8,priority,oldest,-88,84,70,70,0.25,1,2d,front,nonlooping,,1,0,0,0,0,0.25,no,yes,none,0,,no,,,yes,no,no,0,0,yes,no,,0,,no,no,no
fly_an94_mag_out,raw\sound\wpn\assault\reload\fly_assault_mag_out.LN65.pc.snd.wav,,loaded,bus_fx,grp_foley,snp_foley,,30,0,86,89,0,5000,5000,allon,default,allon,default,8,8,priority,oldest,-88,84,70,70,0.25,1,2d,front,nonlooping,,1,0,0,0,0,0.25,no,yes,none,0,,no,,,yes,no,no,0,0,yes,no,,0,,no,no,no
fly_hk416_bolt_back,raw\sound\wpn\assault\reload\fly_assault_bb.LN65.pc.snd.wav,,loaded,bus_fx,grp_foley,snp_foley,,30,0,86,89,0,5000,5000,allon,default,allon,default,8,8,priority,oldest,-88,84,70,70,0.25,1,2d,front,nonlooping,,1,0,0,0,0,0.25,no,yes,none,0,,no,,,yes,no,no,0,0,yes,no,,0,,no,no,no
fly_hk416_bolt_release,raw\sound\wpn\assault\reload\fly_assault_bf.LN65.pc.snd.wav,,loaded,bus_fx,grp_foley,snp_foley,,30,0,86,89,0,5000,5000,allon,default,allon,default,8,8,priority,oldest,-88,84,70,70,0.25,1,2d,front,nonlooping,,1,0,0,0,0,0.25,no,yes,none,0,,no,,,yes,no,no,0,0,yes,no,,0,,no,no,no
fly_hk416_button,raw\sound\wpn\assault\m16\reload\fly_m16_button.LN65.pc.snd.wav,,loaded,bus_fx,grp_foley,snp_foley,,30,0,86,89,0,5000,5000,allon,default,allon,default,8,8,priority,oldest,-88,84,70,70,0.25,1,2d,front,nonlooping,,1,0,0,0,0,0.25,no,yes,none,0,,no,,,yes,no,no,0,0,yes,no,,0,,no,no,no
fly_hk416_charge,raw\sound\wpn\assault\reload\fly_assault_charge.LN65.pc.snd.wav,,loaded,bus_fx,grp_foley,snp_foley,,30,0,86,89,0,5000,5000,allon,default,allon,default,8,8,priority,oldest,-88,84,70,70,0.25,1,2d,front,nonlooping,,1,0,0,0,0,0.25,no,yes,none,0,,no,,,yes,no,no,0,0,yes,no,,0,,no,no,no
fly_hk416_mag_in,raw\sound\wpn\assault\reload\fly_assault_mag_in.LN65.pc.snd.wav,,loaded,bus_fx,grp_foley,snp_foley,,30,0,86,89,0,5000,5000,allon,default,allon,default,8,8,priority,oldest,-88,84,70,70,0.25,1,2d,front,nonlooping,,1,0,0,0,0,0.25,no,yes,none,0,,no,,,yes,no,no,0,0,yes,no,,0,,no,no,no
fly_hk416_mag_out,raw\sound\wpn\assault\reload\fly_assault_mag_out.LN65.pc.snd.wav,,loaded,bus_fx,grp_foley,snp_foley,,30,0,86,89,0,5000,5000,allon,default,allon,default,8,8,priority,oldest,-88,84,70,70,0.25,1,2d,front,nonlooping,,1,0,0,0,0,0.25,no,yes,none,0,,no,,,yes,no,no,0,0,yes,no,,0,,no,no,no
fly_lsat_close,raw\sound\wpn\lmg\mk48\foley\fly_mk48_close.LN65.pc.snd.wav,,loaded,bus_fx,grp_foley,snp_foley,,30,0,86,89,0,5000,5000,allon,default,allon,default,8,8,priority,oldest,-88,84,70,70,0.25,1,2d,front,nonlooping,,1,0,0,0,0,0.25,no,yes,none,0,,no,,,yes,no,no,0,0,yes,no,,0,,no,no,no
fly_lsat_futz,raw\sound\wpn\lmg\mk48\foley\fly_mk48_futz.LN65.pc.snd.wav,,loaded,bus_fx,grp_foley,snp_foley,,30,0,69,69,0,5000,5000,allon,default,allon,default,8,8,priority,oldest,-88,84,70,70,0.25,1,2d,front,nonlooping,,1,0,0,0,0,0.25,no,yes,none,0,,no,,,yes,no,no,0,0,yes,no,,0,,no,no,no
fly_lsat_lift_belt,raw\sound\wpn\lmg\mk48\foley\fly_mk48_lift_belt.LN65.pc.snd.wav,,loaded,bus_fx,grp_foley,snp_foley,,30,0,86,89,0,5000,5000,allon,default,allon,default,8,8,priority,oldest,-88,84,70,70,0.25,1,2d,front,nonlooping,,1,0,0,0,0,0.25,no,yes,none,0,,no,,,yes,no,no,0,0,yes,no,,0,,no,no,no
fly_lsat_mag_in,raw\sound\wpn\lmg\mk48\foley\fly_mk48_mag_in.LN65.pc.snd.wav,,loaded,bus_fx,grp_foley,snp_foley,,30,0,69,69,0,5000,5000,allon,default,allon,default,8,8,priority,oldest,-88,84,70,70,0.25,1,2d,front,nonlooping,,1,0,0,0,0,0.25,no,yes,none,0,,no,,,yes,no,no,0,0,yes,no,,0,,no,no,no
fly_lsat_mag_out,raw\sound\wpn\lmg\mk48\foley\fly_mk48_mag_out.LN65.pc.snd.wav,,loaded,bus_fx,grp_foley,snp_foley,,30,0,69,69,0,5000,5000,allon,default,allon,default,8,8,priority,oldest,-88,84,70,70,0.25,1,2d,front,nonlooping,,1,0,0,0,0,0.25,no,yes,none,0,,no,,,yes,no,no,0,0,yes,no,,0,,no,no,no
fly_lsat_open,raw\sound\wpn\lmg\mk48\foley\fly_mk48_open.LN65.pc.snd.wav,,loaded,bus_fx,grp_foley,snp_foley,,30,0,86,89,0,5000,5000,allon,default,allon,default,8,8,priority,oldest,-88,84,70,70,0.25,1,2d,front,nonlooping,,1,0,0,0,0,0.25,no,yes,none,0,,no,,,yes,no,no,0,0,yes,no,,0,,no,no,no
fly_lsat_pull,raw\sound\wpn\lmg\mk48\foley\fly_mk48_pull.LN65.pc.snd.wav,,loaded,bus_fx,grp_foley,snp_foley,,30,0,86,89,0,5000,5000,allon,default,allon,default,8,8,priority,oldest,-88,84,70,70,0.25,1,2d,front,nonlooping,,1,0,0,0,0,0.25,no,yes,none,0,,no,,,yes,no,no,0,0,yes,no,,0,,no,no,no
fly_lsat_release,raw\sound\wpn\lmg\mk48\foley\fly_mk48_release.LN65.pc.snd.wav,,loaded,bus_fx,grp_foley,snp_foley,,30,0,86,89,0,5000,5000,allon,default,allon,default,8,8,priority,oldest,-88,84,70,70,0.25,1,2d,front,nonlooping,,1,0,0,0,0,0.25,no,yes,none,0,,no,,,yes,no,no,0,0,yes,no,,0,,no,no,no
fly_lsat_seat_belt,raw\sound\wpn\lmg\mk48\foley\fly_mk48_seat_belt.LN65.pc.snd.wav,,loaded,bus_fx,grp_foley,snp_foley,,30,0,86,89,0,5000,5000,allon,default,allon,default,8,8,priority,oldest,-88,84,70,70,0.25,1,2d,front,nonlooping,,1,0,0,0,0,0.25,no,yes,none,0,,no,,,yes,no,no,0,0,yes,no,,0,,no,no,no
fly_lsat_start,raw\sound\wpn\lmg\mk48\foley\fly_mk48_start.LN65.pc.snd.wav,,loaded,bus_fx,grp_foley,snp_foley,,30,0,86,89,0,5000,5000,allon,default,allon,default,8,8,priority,oldest,-88,84,70,70,0.25,1,2d,front,nonlooping,,1,0,0,0,0,0.25,no,yes,none,0,,no,,,yes,no,no,0,0,yes,no,,0,,no,no,no
fly_pdw57_button,raw\sound\wpn\assault\m16\reload\fly_m16_button.LN65.pc.snd.wav,,loaded,bus_fx,grp_foley,snp_foley,,30,0,86,89,0,5000,5000,allon,default,allon,default,8,8,priority,oldest,-88,84,70,70,0.25,1,2d,front,nonlooping,,1,0,0,0,0,0.25,no,yes,none,0,,no,,,yes,no,no,0,0,yes,no,,0,,no,no,no
fly_pdw57_charge,raw\sound\wpn\assault\m16\reload\fly_m16_charge.LN65.pc.snd.wav,,loaded,bus_fx,grp_foley,snp_foley,,30,0,86,89,0,5000,5000,allon,default,allon,default,8,8,priority,oldest,-88,84,70,70,0.25,1,2d,front,nonlooping,,1,0,0,0,0,0.25,no,yes,none,0,,no,,,yes,no,no,0,0,yes,no,,0,,no,no,no
fly_pdw57_futz,raw\sound\wpn\assault\m16\reload\fly_m16_futz.LN65.pc.snd.wav,,loaded,bus_fx,grp_foley,snp_foley,,30,0,86,89,0,5000,5000,allon,default,allon,default,8,8,priority,oldest,-88,84,70,70,0.25,1,2d,front,nonlooping,,1,0,0,0,0,0.25,no,yes,none,0,,no,,,yes,no,no,0,0,yes,no,,0,,no,no,no
fly_pdw57_mag_in,raw\sound\wpn\assault\m16\reload\fly_m16_mag_in.LN65.pc.snd.wav,,loaded,bus_fx,grp_foley,snp_foley,,30,0,86,89,0,5000,5000,allon,default,allon,default,8,8,priority,oldest,-88,84,70,70,0.25,1,2d,front,nonlooping,,1,0,0,0,0,0.25,no,yes,none,0,,no,,,yes,no,no,0,0,yes,no,,0,,no,no,no
fly_pdw57_mag_out,raw\sound\wpn\assault\m16\reload\fly_m16_mag_out.LN65.pc.snd.wav,,loaded,bus_fx,grp_foley,snp_foley,,30,0,86,89,0,5000,5000,allon,default,allon,default,8,8,priority,oldest,-88,84,70,70,0.25,1,2d,front,nonlooping,,1,0,0,0,0,0.25,no,yes,none,0,,no,,,yes,no,no,0,0,yes,no,,0,,no,no,no
fly_pdw57_npc_mag_in,raw\sound\wpn\assault\m16\reload\fly_m16_mag_in.LN65.pc.snd.wav,,loaded,bus_fx,grp_foley,snp_foley,,30,0,75,75,75,500,500,allon,default,allon,default,4,8,priority,oldest,-90,90,15,30,0.25,1,3d,default,nonlooping,,1,0,25,250,75,0.25,no,yes,none,0,,no,,,yes,no,no,0,0,yes,no,,0,,no,no,no
fly_pdw57_npc_mag_out,raw\sound\wpn\assault\m16\reload\fly_m16_mag_out.LN65.pc.snd.wav,,loaded,bus_fx,grp_foley,snp_foley,,30,0,75,75,75,500,500,allon,default,allon,default,4,8,priority,oldest,-90,90,15,30,0.25,1,3d,default,nonlooping,,1,0,25,250,75,0.25,no,yes,none,0,,no,,,yes,no,no,0,0,yes,no,,0,,no,no,no
fly_pdw57_npc_pull_charge,raw\sound\wpn\smg\spectre\reload\fly_spectre_pull_charge.LN65.pc.snd.wav,,loaded,bus_fx,grp_foley,snp_foley,,30,0,75,75,75,500,500,allon,default,allon,default,4,8,priority,oldest,-90,90,15,30,0.25,1,3d,default,nonlooping,,1,0,25,250,75,0.25,no,yes,none,0,,no,,,yes,no,no,0,0,yes,no,,0,,no,no,no
fly_pdw57_pull_charge,raw\sound\wpn\smg\spectre\reload\fly_spectre_pull_charge.LN65.pc.snd.wav,,loaded,bus_fx,grp_foley,snp_foley,,30,0,86,89,0,5000,5000,allon,default,allon,default,8,8,priority,oldest,-88,84,70,70,0.25,1,2d,front,nonlooping,,1,0,0,0,0,0.25,no,yes,none,0,,no,,,yes,no,no,0,0,yes,no,,0,,no,no,no
fly_rnma_clip_in,raw\sound\wpn\smg\mp5\reload\fly_mp5_pull_charge.LN65.pc.snd.wav,,loaded,bus_fx,grp_foley,snp_foley,,30,0,86,89,0,5000,5000,allon,default,allon,default,8,8,priority,oldest,-88,84,70,70,0.25,1,2d,front,nonlooping,,1,0,0,0,0,0.25,no,yes,none,0,,no,,,yes,no,no,0,0,yes,no,,0,,no,no,no
fly_rnma_clip_out,raw\sound\wpn\pistol\makarov\reload\fly_makarov_futz.LN65.pc.snd.wav.wav,,loaded,bus_fx,grp_foley,snp_foley,,30,0,86,89,0,5000,5000,allon,default,allon,default,8,8,priority,oldest,-88,84,70,70,0.25,1,2d,front,nonlooping,,1,0,0,0,0,0.25,no,yes,none,0,,no,,,yes,no,no,0,0,yes,no,,0,,no,no,no
fly_rnma_firstraise,raw\sound\wpn\pistol\rnma\rnma_firstraise.LN65.pc.snd.wav.wav,,loaded,bus_fx,grp_foley,snp_foley,,30,0,86,89,0,5000,5000,allon,default,allon,default,8,8,priority,oldest,-88,84,70,70,0.25,1,2d,front,nonlooping,,1,0,0,0,0,0.25,no,yes,none,0,,no,,,yes,no,no,0,0,yes,no,,0,,no,no,no
fly_rnma_hammer_down,raw\sound\wpn\pistol\reloads\fly_pistol_hammer.LN65.pc.snd.wav,,loaded,bus_fx,grp_foley,snp_foley,,30,0,86,89,0,5000,5000,allon,default,allon,default,8,8,priority,oldest,-88,84,70,70,0.25,1,2d,front,nonlooping,,1,0,0,0,0,0.25,no,yes,none,0,,no,,,yes,no,no,0,0,yes,no,,0,,no,no,no
fly_rnma_slide_in,raw\sound\wpn\sniper\reload\fly_sniper_bd.LN65.pc.snd.wav,,loaded,bus_fx,grp_foley,snp_foley,,30,0,86,89,0,5000,5000,allon,default,allon,default,8,8,priority,oldest,-88,84,70,70,0.25,1,2d,front,nonlooping,,1,0,0,0,0,0.25,no,yes,none,0,,no,,,yes,no,no,0,0,yes,no,,0,,no,no,no
fly_rnma_slide_out,raw\sound\wpn\smg\mac11\reload\fly_mac11_stock.LN65.pc.snd.wav,,loaded,bus_fx,grp_foley,snp_foley,,30,0,86,89,0,5000,5000,allon,default,allon,default,8,8,priority,oldest,-88,84,70,70,0.25,1,2d,front,nonlooping,,1,0,0,0,0,0.25,no,yes,none,0,,no,,,yes,no,no,0,0,yes,no,,0,,no,no,no
fly_svu_bolt_back,raw\sound\wpn\sniper\reload\fly_sniper_bb.LN65.pc.snd.wav,prj_brass_impact_plr_large_dirt,loaded,bus_fx,grp_foley,snp_foley,,30,0,86,89,0,5000,5000,allon,default,allon,default,8,8,priority,oldest,-88,84,70,70,0.25,1,2d,front,nonlooping,,1,0,0,0,0,0.25,no,yes,none,0,,no,,,yes,no,no,0,0,yes,no,,0,,no,no,no
fly_svu_bolt_down,raw\sound\wpn\sniper\reload\fly_sniper_bd.LN65.pc.snd.wav,,loaded,bus_fx,grp_foley,snp_foley,,30,0,86,89,0,5000,5000,allon,default,allon,default,8,8,priority,oldest,-88,84,70,70,0.25,1,2d,front,nonlooping,,1,0,0,0,0,0.25,no,yes,none,0,,no,,,yes,no,no,0,0,yes,no,,0,,no,no,no
fly_svu_bolt_forward,raw\sound\wpn\sniper\reload\fly_sniper_bf.LN65.pc.snd.wav,,loaded,bus_fx,grp_foley,snp_foley,,30,0,86,89,0,5000,5000,allon,default,allon,default,8,8,priority,oldest,-88,84,70,70,0.25,1,2d,front,nonlooping,,1,0,0,0,0,0.25,no,yes,none,0,,no,,,yes,no,no,0,0,yes,no,,0,,no,no,no
fly_svu_bolt_up,raw\sound\wpn\sniper\reload\fly_sniper_bu.LN65.pc.snd.wav,,loaded,bus_fx,grp_foley,snp_foley,,30,0,86,89,0,5000,5000,allon,default,allon,default,8,8,priority,oldest,-88,84,70,70,0.25,1,2d,front,nonlooping,,1,0,0,0,0,0.25,no,yes,none,0,,no,,,yes,no,no,0,0,yes,no,,0,,no,no,no
fly_svu_dial_sight,raw\sound\wpn\rocket\m202\foley\fly_m202_flip_sight.LN65.pc.snd.wav,,loaded,bus_fx,grp_foley,snp_foley,,30,0,86,89,0,5000,5000,allon,default,allon,default,8,8,priority,oldest,-88,84,70,70,0.25,1,2d,front,nonlooping,,1,0,0,0,0,0.25,no,yes,none,0,,no,,,yes,no,no,0,0,yes,no,,0,,no,no,no
fly_svu_mag_in,raw\sound\wpn\sniper\reload\fly_sniper_mag_in.LN65.pc.snd.wav,,loaded,bus_fx,grp_foley,snp_foley,,30,0,86,89,0,5000,5000,allon,default,allon,default,8,8,priority,oldest,-88,84,70,70,0.25,1,2d,front,nonlooping,,1,0,0,0,0,0.25,no,yes,none,0,,no,,,yes,no,no,0,0,yes,no,,0,,no,no,no
fly_svu_mag_out,raw\sound\wpn\sniper\reload\fly_sniper_mag_out.LN65.pc.snd.wav,,loaded,bus_fx,grp_foley,snp_foley,,30,0,86,89,0,5000,5000,allon,default,allon,default,8,8,priority,oldest,-88,84,70,70,0.25,1,2d,front,nonlooping,,1,0,0,0,0,0.25,no,yes,none,0,,no,,,yes,no,no,0,0,yes,no,,0,,no,no,no
fly_ak47_bolt_back,raw\sound\wpn\assault\reload\fly_assault_bb.LN65.pc.snd.wav,,loaded,bus_fx,grp_foley,snp_foley,,30,0,86,89,0,5000,5000,allon,default,allon,default,8,8,priority,oldest,-88,84,70,70,0.25,1,2d,front,nonlooping,,1,0,0,0,0,0.25,no,yes,none,0,,no,,,yes,no,no,0,0,yes,no,,0,,no,no,no
fly_ak47_bolt_release,raw\sound\wpn\assault\reload\fly_assault_bf.LN65.pc.snd.wav,,loaded,bus_fx,grp_foley,snp_foley,,30,0,86,89,0,5000,5000,allon,default,allon,default,8,8,priority,oldest,-88,84,70,70,0.25,1,2d,front,nonlooping,,1,0,0,0,0,0.25,no,yes,none,0,,no,,,yes,no,no,0,0,yes,no,,0,,no,no,no
fly_ak47_charge,raw\sound\wpn\assault\reload\fly_assault_charge.LN65.pc.snd.wav,,loaded,bus_fx,grp_foley,snp_foley,,30,0,86,89,0,5000,5000,allon,default,allon,default,8,8,priority,oldest,-88,84,70,70,0.25,1,2d,front,nonlooping,,1,0,0,0,0,0.25,no,yes,none,0,,no,,,yes,no,no,0,0,yes,no,,0,,no,no,no
fly_ak47_mag_in,raw\sound\wpn\assault\ak47\reload\fly_ak47_mag_in.LN65.pc.snd.wav,,loaded,bus_fx,grp_foley,snp_foley,,30,0,86,89,0,5000,5000,allon,default,allon,default,8,8,priority,oldest,-88,84,70,70,0.25,1,2d,front,nonlooping,,1,0,0,0,0,0.25,no,yes,none,0,,no,,,yes,no,no,0,0,yes,no,,0,,no,no,no
fly_ak47_mag_out,raw\sound\wpn\assault\ak47\reload\fly_ak47_mag_out.LN65.pc.snd.wav,,loaded,bus_fx,grp_foley,snp_foley,,30,0,86,89,0,5000,5000,allon,default,allon,default,8,8,priority,oldest,-88,84,70,70,0.25,1,2d,front,nonlooping,,1,0,0,0,0,0.25,no,yes,none,0,,no,,,yes,no,no,0,0,yes,no,,0,,no,no,no
fly_evoskorpion_bolt_back,raw\sound\wpn\assault\m14\reload\fly_m14_bolt_back.LN65.pc.snd.wav,,loaded,bus_fx,grp_foley,snp_foley,,30,0,86,89,0,5000,5000,allon,default,allon,default,8,8,priority,oldest,-88,84,70,70,0.25,1,2d,front,nonlooping,,1,0,0,0,0,0.25,no,yes,none,0,,no,,,yes,no,no,0,0,yes,no,,0,,no,no,no
fly_evoskorpion_bolt_release,raw\sound\wpn\assault\m14\reload\fly_m14_bolt_release.LN65.pc.snd.wav,,loaded,bus_fx,grp_foley,snp_foley,,30,0,86,89,0,5000,5000,allon,default,allon,default,8,8,priority,oldest,-88,84,70,70,0.25,1,2d,front,nonlooping,,1,0,0,0,0,0.25,no,yes,none,0,,no,,,yes,no,no,0,0,yes,no,,0,,no,no,no
fly_evoskorpion_charge,raw\sound\wpn\smg\kiparis\reload\fly_kiparis_charge.LN65.pc.snd.wav,,loaded,bus_fx,grp_foley,snp_foley,,30,0,86,89,0,5000,5000,allon,default,allon,default,8,8,priority,oldest,-88,84,70,70,0.25,1,2d,front,nonlooping,,1,0,0,0,0,0.25,no,yes,none,0,,no,,,yes,no,no,0,0,yes,no,,0,,no,no,no
fly_evoskorpion_futz,raw\sound\wpn\smg\spectre\reload\fly_spectre_futz.LN65.pc.snd.wav,,loaded,bus_fx,grp_foley,snp_foley,,30,0,86,89,0,5000,5000,allon,default,allon,default,8,8,priority,oldest,-88,84,70,70,0.25,1,2d,front,nonlooping,,1,0,0,0,0,0.25,no,yes,none,0,,no,,,yes,no,no,0,0,yes,no,,0,,no,no,no
fly_evoskorpion_mag_in,raw\sound\wpn\smg\kiparis\reload\fly_kiparis_mag_in.LN65.pc.snd.wav,,loaded,bus_fx,grp_foley,snp_foley,,30,0,86,89,0,5000,5000,allon,default,allon,default,8,8,priority,oldest,-88,84,70,70,0.25,1,2d,front,nonlooping,,1,0,0,0,0,0.25,no,yes,none,0,,no,,,yes,no,no,0,0,yes,no,,0,,no,no,no
fly_evoskorpion_mag_out,raw\sound\wpn\smg\kiparis\reload\fly_kiparis_mag_out.LN65.pc.snd.wav,,loaded,bus_fx,grp_foley,snp_foley,,30,0,86,89,0,5000,5000,allon,default,allon,default,8,8,priority,oldest,-88,84,70,70,0.25,1,2d,front,nonlooping,,1,0,0,0,0,0.25,no,yes,none,0,,no,,,yes,no,no,0,0,yes,no,,0,,no,no,no
fly_evoskorpion_tap,raw\sound\wpn\assault\m14\reload\fly_m14_tap.LN65.pc.snd.wav,,loaded,bus_fx,grp_foley,snp_foley,,30,0,86,89,0,5000,5000,allon,default,allon,default,8,8,priority,oldest,-88,84,70,70,0.25,1,2d,front,nonlooping,,1,0,0,0,0,0.25,no,yes,none,0,,no,,,yes,no,no,0,0,yes,no,,0,,no,no,no
fly_tommy_bolt_back,raw\sound\wpn\assault\reload\fly_assault_bb.LN65.pc.snd.wav,,loaded,bus_fx,grp_foley,snp_foley,,30,0,86,89,0,5000,5000,allon,default,allon,default,8,8,priority,oldest,-88,84,70,70,0.25,1,2d,front,nonlooping,,1,0,0,0,0,0.25,no,yes,none,0,,no,,,yes,no,no,0,0,yes,no,,0,,no,no,no
fly_tommy_bolt_release,raw\sound\wpn\assault\reload\fly_assault_bf.LN65.pc.snd.wav,,loaded,bus_fx,grp_foley,snp_foley,,30,0,86,89,0,5000,5000,allon,default,allon,default,8,8,priority,oldest,-88,84,70,70,0.25,1,2d,front,nonlooping,,1,0,0,0,0,0.25,no,yes,none,0,,no,,,yes,no,no,0,0,yes,no,,0,,no,no,no
fly_tommy_button,raw\sound\wpn\assault\m16\reload\fly_m16_button.LN65.pc.snd.wav,,loaded,bus_fx,grp_foley,snp_foley,,30,0,86,89,0,5000,5000,allon,default,allon,default,8,8,priority,oldest,-88,84,70,70,0.25,1,2d,front,nonlooping,,1,0,0,0,0,0.25,no,yes,none,0,,no,,,yes,no,no,0,0,yes,no,,0,,no,no,no
fly_tommy_charge,raw\sound\wpn\assault\reload\fly_assault_charge.LN65.pc.snd.wav,,loaded,bus_fx,grp_foley,snp_foley,,30,0,86,89,0,5000,5000,allon,default,allon,default,8,8,priority,oldest,-88,84,70,70,0.25,1,2d,front,nonlooping,,1,0,0,0,0,0.25,no,yes,none,0,,no,,,yes,no,no,0,0,yes,no,,0,,no,no,no
fly_tommy_mag_in,raw\sound\wpn\assault\reload\fly_assault_mag_in.LN65.pc.snd.wav,,loaded,bus_fx,grp_foley,snp_foley,,30,0,86,89,0,5000,5000,allon,default,allon,default,8,8,priority,oldest,-88,84,70,70,0.25,1,2d,front,nonlooping,,1,0,0,0,0,0.25,no,yes,none,0,,no,,,yes,no,no,0,0,yes,no,,0,,no,no,no
fly_tommy_mag_out,raw\sound\wpn\assault\reload\fly_assault_mag_out.LN65.pc.snd.wav,,loaded,bus_fx,grp_foley,snp_foley,,30,0,86,89,0,5000,5000,allon,default,allon,default,8,8,priority,oldest,-88,84,70,70,0.25,1,2d,front,nonlooping,,1,0,0,0,0,0.25,no,yes,none,0,,no,,,yes,no,no,0,0,yes,no,,0,,no,no,no
fly_uzi_charge,raw\sound\wpn\smg\uzi\reload\fly_uzi_charge.LN65.pc.snd.wav.wav,,loaded,bus_fx,grp_foley,snp_foley,,30,0,86,89,0,5000,5000,allon,default,allon,default,8,8,priority,oldest,-88,84,70,70,0.25,1,2d,front,nonlooping,,1,0,0,0,0,0.25,no,yes,none,0,,no,,,yes,no,no,0,0,yes,no,,0,,no,no,no
fly_uzi_futz,raw\sound\wpn\smg\uzi\reload\fly_uzi_futz.LN65.pc.snd.wav.wav,,loaded,bus_fx,grp_foley,snp_foley,,30,0,86,89,0,5000,5000,allon,default,allon,default,8,8,priority,oldest,-88,84,70,70,0.25,1,2d,front,nonlooping,,1,0,0,0,0,0.25,no,yes,none,0,,no,,,yes,no,no,0,0,yes,no,,0,,no,no,no
fly_uzi_mag_in,raw\sound\wpn\smg\uzi\reload\fly_uzi_mag_in.LN65.pc.snd.wav.wav,,loaded,bus_fx,grp_foley,snp_foley,,30,0,86,89,0,5000,5000,allon,default,allon,default,8,8,priority,oldest,-88,84,70,70,0.25,1,2d,front,nonlooping,,1,0,0,0,0,0.25,no,yes,none,0,,no,,,yes,no,no,0,0,yes,no,,0,,no,no,no
fly_uzi_mag_out,raw\sound\wpn\smg\uzi\reload\fly_uzi_mag_out.LN65.pc.snd.wav.wav,,loaded,bus_fx,grp_foley,snp_foley,,30,0,86,89,0,5000,5000,allon,default,allon,default,8,8,priority,oldest,-88,84,70,70,0.25,1,2d,front,nonlooping,,1,0,0,0,0,0.25,no,yes,none,0,,no,,,yes,no,no,0,0,yes,no,,0,,no,no,no
fly_uzi_pull_charge,raw\sound\wpn\smg\uzi\reload\fly_uzi_pull_charge.LN65.pc.snd.wav.wav,,loaded,bus_fx,grp_foley,snp_foley,,30,0,86,89,0,5000,5000,allon,default,allon,default,8,8,priority,oldest,-88,84,70,70,0.25,1,2d,front,nonlooping,,1,0,0,0,0,0.25,no,yes,none,0,,no,,,yes,no,no,0,0,yes,no,,0,,no,no,no
fly_uzi_stock,raw\sound\wpn\smg\mac11\reload\fly_mac11_stock.LN65.pc.snd.wav,,loaded,bus_fx,grp_foley,snp_foley,,30,0,86,89,0,5000,5000,allon,default,allon,default,8,8,priority,oldest,-88,84,70,70,0.25,1,2d,front,nonlooping,,1,0,0,0,0,0.25,no,yes,none,0,,no,,,yes,no,no,0,0,yes,no,,0,,no,no,no
fly_ballista_bolt_back,raw\sound\wpn\sniper\reload\fly_sniper_bb.LN65.pc.snd.wav,prj_brass_impact_plr_large_dirt,loaded,bus_fx,grp_foley,snp_foley,,30,0,86,89,0,5000,5000,allon,default,allon,default,8,8,priority,oldest,-88,84,70,70,0.25,1,2d,front,nonlooping,,1,0,0,0,0,0.25,no,yes,none,0,,no,,,yes,no,no,0,0,yes,no,,0,,no,no,no
fly_ballista_bolt_down,raw\sound\wpn\sniper\reload\fly_sniper_bd.LN65.pc.snd.wav,,loaded,bus_fx,grp_foley,snp_foley,,30,0,86,89,0,5000,5000,allon,default,allon,default,8,8,priority,oldest,-88,84,70,70,0.25,1,2d,front,nonlooping,,1,0,0,0,0,0.25,no,yes,none,0,,no,,,yes,no,no,0,0,yes,no,,0,,no,no,no
fly_ballista_bolt_forward,raw\sound\wpn\sniper\reload\fly_sniper_bf.LN65.pc.snd.wav,,loaded,bus_fx,grp_foley,snp_foley,,30,0,86,89,0,5000,5000,allon,default,allon,default,8,8,priority,oldest,-88,84,70,70,0.25,1,2d,front,nonlooping,,1,0,0,0,0,0.25,no,yes,none,0,,no,,,yes,no,no,0,0,yes,no,,0,,no,no,no
fly_ballista_bolt_up,raw\sound\wpn\sniper\reload\fly_sniper_bu.LN65.pc.snd.wav,,loaded,bus_fx,grp_foley,snp_foley,,30,0,86,89,0,5000,5000,allon,default,allon,default,8,8,priority,oldest,-88,84,70,70,0.25,1,2d,front,nonlooping,,1,0,0,0,0,0.25,no,yes,none,0,,no,,,yes,no,no,0,0,yes,no,,0,,no,no,no
fly_ballista_dial_sight,raw\sound\wpn\rocket\m202\foley\fly_m202_flip_sight.LN65.pc.snd.wav,,loaded,bus_fx,grp_foley,snp_foley,,30,0,86,89,0,5000,5000,allon,default,allon,default,8,8,priority,oldest,-88,84,70,70,0.25,1,2d,front,nonlooping,,1,0,0,0,0,0.25,no,yes,none,0,,no,,,yes,no,no,0,0,yes,no,,0,,no,no,no
fly_ballista_mag_in,raw\sound\wpn\sniper\reload\fly_sniper_mag_in.LN65.pc.snd.wav,,loaded,bus_fx,grp_foley,snp_foley,,30,0,86,89,0,5000,5000,allon,default,allon,default,8,8,priority,oldest,-88,84,70,70,0.25,1,2d,front,nonlooping,,1,0,0,0,0,0.25,no,yes,none,0,,no,,,yes,no,no,0,0,yes,no,,0,,no,no,no
fly_ballista_mag_out,raw\sound\wpn\sniper\reload\fly_sniper_mag_out.LN65.pc.snd.wav,,loaded,bus_fx,grp_foley,snp_foley,,30,0,86,89,0,5000,5000,allon,default,allon,default,8,8,priority,oldest,-88,84,70,70,0.25,1,2d,front,nonlooping,,1,0,0,0,0,0.25,no,yes,none,0,,no,,,yes,no,no,0,0,yes,no,,0,,no,no,no
fly_ballista_tap,raw\sound\wpn\assault\m14\reload\fly_m14_tap.LN65.pc.snd.wav,,loaded,bus_fx,grp_foley,snp_foley,,30,0,86,89,0,5000,5000,allon,default,allon,default,8,8,priority,oldest,-88,84,70,70,0.25,1,2d,front,nonlooping,,1,0,0,0,0,0.25,no,yes,none,0,,no,,,yes,no,no,0,0,yes,no,,0,,no,no,no
fly_ksg_mag_in,raw\sound\wpn\shotgun\srm1216\foley\fly_srm1216_mag_in.LN65.pc.snd.wav,,loaded,bus_fx,grp_foley,snp_foley,,30,0,86,89,0,5000,5000,allon,default,allon,default,8,8,priority,oldest,-88,84,70,70,0.25,1,2d,front,nonlooping,,1,0,0,0,0,0.25,no,yes,none,0,,no,,,yes,no,no,0,0,yes,no,,0,,no,no,no
fly_ksg_mag_out,raw\sound\wpn\shotgun\srm1216\foley\fly_srm1216_mag_out.LN65.pc.snd.wav,,loaded,bus_fx,grp_foley,snp_foley,,30,0,86,89,0,5000,5000,allon,default,allon,default,8,8,priority,oldest,-88,84,70,70,0.25,1,2d,front,nonlooping,,1,0,0,0,0,0.25,no,yes,none,0,,no,,,yes,no,no,0,0,yes,no,,0,,no,no,no
fly_ksg_pull,raw\sound\wpn\shotgun\reload\fly_shotgun_pump_back.LN65.pc.snd.wav,,loaded,bus_fx,grp_foley,snp_foley,,30,0,86,89,0,5000,5000,allon,default,allon,default,8,8,priority,oldest,-88,84,70,70,0.25,1,2d,front,nonlooping,,1,0,0,0,0,0.25,no,yes,none,0,,no,,,yes,no,no,0,0,yes,no,,0,,no,no,no
fly_ksg_release,raw\sound\wpn\shotgun\reload\fly_shotgun_pump_forward.LN65.pc.snd.wav,,loaded,bus_fx,grp_foley,snp_foley,,30,0,86,89,0,5000,5000,allon,default,allon,default,8,8,priority,oldest,-88,84,70,70,0.25,1,2d,front,nonlooping,,1,0,0,0,0,0.25,no,yes,none,0,,no,,,yes,no,no,0,0,yes,no,,0,,no,no,no
fly_ksg_shell_in,raw\sound\wpn\shotgun\foley\load\load_00.LN65.pc.snd.wav,,loaded,bus_fx,grp_foley,snp_foley,,30,0,86,89,0,5000,5000,allon,default,allon,default,8,8,priority,oldest,-88,84,70,70,0.25,1,2d,front,nonlooping,,1,0,0,0,0,0.25,no,yes,none,0,,no,,,yes,no,no,0,0,yes,no,,0,,no,no,no
fly_ksg_shell_in,raw\sound\wpn\shotgun\foley\load\load_01.LN65.pc.snd.wav,,loaded,bus_fx,grp_foley,snp_foley,,30,0,86,89,0,5000,5000,allon,default,allon,default,8,8,priority,oldest,-88,84,70,70,0.25,1,2d,front,nonlooping,,1,0,0,0,0,0.25,no,yes,none,0,,no,,,yes,no,no,0,0,yes,no,,0,,no,no,no
fly_ksg_shell_in,raw\sound\wpn\shotgun\foley\load\load_02.LN65.pc.snd.wav,,loaded,bus_fx,grp_foley,snp_foley,,30,0,86,89,0,5000,5000,allon,default,allon,default,8,8,priority,oldest,-88,84,70,70,0.25,1,2d,front,nonlooping,,1,0,0,0,0,0.25,no,yes,none,0,,no,,,yes,no,no,0,0,yes,no,,0,,no,no,no
fly_ksg_shell_in,raw\sound\wpn\shotgun\foley\load\load_03.LN65.pc.snd.wav,,loaded,bus_fx,grp_foley,snp_foley,,30,0,86,89,0,5000,5000,allon,default,allon,default,8,8,priority,oldest,-88,84,70,70,0.25,1,2d,front,nonlooping,,1,0,0,0,0,0.25,no,yes,none,0,,no,,,yes,no,no,0,0,yes,no,,0,,no,no,no
fly_ksg_shell_in,raw\sound\wpn\shotgun\foley\load\load_04.LN65.pc.snd.wav,,loaded,bus_fx,grp_foley,snp_foley,,30,0,86,89,0,5000,5000,allon,default,allon,default,8,8,priority,oldest,-88,84,70,70,0.25,1,2d,front,nonlooping,,1,0,0,0,0,0.25,no,yes,none,0,,no,,,yes,no,no,0,0,yes,no,,0,,no,no,no
fly_ksg_shell_in,raw\sound\wpn\shotgun\foley\load\load_05.LN65.pc.snd.wav,,loaded,bus_fx,grp_foley,snp_foley,,30,0,86,89,0,5000,5000,allon,default,allon,default,8,8,priority,oldest,-88,84,70,70,0.25,1,2d,front,nonlooping,,1,0,0,0,0,0.25,no,yes,none,0,,no,,,yes,no,no,0,0,yes,no,,0,,no,no,no
fly_ksg_twist,raw\sound\wpn\shotgun\srm1216\foley\fly_srm1216_twist.LN65.pc.snd.wav,,loaded,bus_fx,grp_foley,snp_foley,,30,0,86,89,0,5000,5000,allon,default,allon,default,8,8,priority,oldest,-88,84,70,70,0.25,1,2d,front,nonlooping,,1,0,0,0,0,0.25,no,yes,none,0,,no,,,yes,no,no,0,0,yes,no,,0,,no,no,no
fly_mg08_close,raw\sound\wpn\lmg\mk48\foley\fly_mk48_close.LN65.pc.snd.wav,,loaded,bus_fx,grp_foley,snp_foley,,30,0,86,89,0,5000,5000,allon,default,allon,default,8,8,priority,oldest,-88,84,70,70,0.25,1,2d,front,nonlooping,,1,0,0,0,0,0.25,no,yes,none,0,,no,,,yes,no,no,0,0,yes,no,,0,,no,no,no
fly_mg08_futz,raw\sound\wpn\lmg\mk48\foley\fly_mk48_futz.LN65.pc.snd.wav,,loaded,bus_fx,grp_foley,snp_foley,,30,0,69,69,0,5000,5000,allon,default,allon,default,8,8,priority,oldest,-88,84,70,70,0.25,1,2d,front,nonlooping,,1,0,0,0,0,0.25,no,yes,none,0,,no,,,yes,no,no,0,0,yes,no,,0,,no,no,no
fly_mg08_lift_belt,raw\sound\wpn\lmg\mk48\foley\fly_mk48_lift_belt.LN65.pc.snd.wav,,loaded,bus_fx,grp_foley,snp_foley,,30,0,86,89,0,5000,5000,allon,default,allon,default,8,8,priority,oldest,-88,84,70,70,0.25,1,2d,front,nonlooping,,1,0,0,0,0,0.25,no,yes,none,0,,no,,,yes,no,no,0,0,yes,no,,0,,no,no,no
fly_mg08_mag_in,raw\sound\wpn\lmg\mk48\foley\fly_mk48_mag_in.LN65.pc.snd.wav,,loaded,bus_fx,grp_foley,snp_foley,,30,0,69,69,0,5000,5000,allon,default,allon,default,8,8,priority,oldest,-88,84,70,70,0.25,1,2d,front,nonlooping,,1,0,0,0,0,0.25,no,yes,none,0,,no,,,yes,no,no,0,0,yes,no,,0,,no,no,no
fly_mg08_mag_out,raw\sound\wpn\lmg\mk48\foley\fly_mk48_mag_out.LN65.pc.snd.wav,,loaded,bus_fx,grp_foley,snp_foley,,30,0,69,69,0,5000,5000,allon,default,allon,default,8,8,priority,oldest,-88,84,70,70,0.25,1,2d,front,nonlooping,,1,0,0,0,0,0.25,no,yes,none,0,,no,,,yes,no,no,0,0,yes,no,,0,,no,no,no
fly_mg08_open,raw\sound\wpn\lmg\mk48\foley\fly_mk48_open.LN65.pc.snd.wav,,loaded,bus_fx,grp_foley,snp_foley,,30,0,86,89,0,5000,5000,allon,default,allon,default,8,8,priority,oldest,-88,84,70,70,0.25,1,2d,front,nonlooping,,1,0,0,0,0,0.25,no,yes,none,0,,no,,,yes,no,no,0,0,yes,no,,0,,no,no,no
fly_mg08_pull,raw\sound\wpn\lmg\mk48\foley\fly_mk48_pull.LN65.pc.snd.wav,,loaded,bus_fx,grp_foley,snp_foley,,30,0,86,89,0,5000,5000,allon,default,allon,default,8,8,priority,oldest,-88,84,70,70,0.25,1,2d,front,nonlooping,,1,0,0,0,0,0.25,no,yes,none,0,,no,,,yes,no,no,0,0,yes,no,,0,,no,no,no
fly_mg08_release,raw\sound\wpn\lmg\mk48\foley\fly_mk48_release.LN65.pc.snd.wav,,loaded,bus_fx,grp_foley,snp_foley,,30,0,86,89,0,5000,5000,allon,default,allon,default,8,8,priority,oldest,-88,84,70,70,0.25,1,2d,front,nonlooping,,1,0,0,0,0,0.25,no,yes,none,0,,no,,,yes,no,no,0,0,yes,no,,0,,no,no,no
fly_mg08_seat_belt,raw\sound\wpn\lmg\mk48\foley\fly_mk48_seat_belt.LN65.pc.snd.wav,,loaded,bus_fx,grp_foley,snp_foley,,30,0,86,89,0,5000,5000,allon,default,allon,default,8,8,priority,oldest,-88,84,70,70,0.25,1,2d,front,nonlooping,,1,0,0,0,0,0.25,no,yes,none,0,,no,,,yes,no,no,0,0,yes,no,,0,,no,no,no
fly_mg08_start,raw\sound\wpn\lmg\mk48\foley\fly_mk48_start.LN65.pc.snd.wav,,loaded,bus_fx,grp_foley,snp_foley,,30,0,86,89,0,5000,5000,allon,default,allon,default,8,8,priority,oldest,-88,84,70,70,0.25,1,2d,front,nonlooping,,1,0,0,0,0,0.25,no,yes,none,0,,no,,,yes,no,no,0,0,yes,no,,0,,no,no,no
fly_mp40_charge_plr,raw\sound\zmb_blops\wpn\smg\ww2\mp40\foley\fly_mp40_charge.LN65.pc.snd.wav.wav,,loaded,bus_fx,grp_foley,snp_foley,,30,0,86,89,0,5000,5000,allon,default,allon,default,8,8,priority,oldest,-88,84,70,70,0.25,1,2d,front,nonlooping,,1,0,0,0,0,0.25,no,yes,none,0,,no,,,yes,no,no,0,0,yes,no,,0,,no,no,no
fly_mp40_mag_in_plr,raw\sound\zmb_blops\wpn\smg\ww2\mp40\foley\fly_mp40_mag_in.LN65.pc.snd.wav.wav,,loaded,bus_fx,grp_foley,snp_foley,,30,0,86,89,0,5000,5000,allon,default,allon,default,8,8,priority,oldest,-88,84,70,70,0.25,1,2d,front,nonlooping,,1,0,0,0,0,0.25,no,yes,none,0,,no,,,yes,no,no,0,0,yes,no,,0,,no,no,no
fly_mp40_mag_out_plr,raw\sound\zmb_blops\wpn\smg\ww2\mp40\foley\fly_mp40_mag_out.LN65.pc.snd.wav.wav,,loaded,bus_fx,grp_foley,snp_foley,,30,0,86,89,0,5000,5000,allon,default,allon,default,8,8,priority,oldest,-88,84,70,70,0.25,1,2d,front,nonlooping,,1,0,0,0,0,0.25,no,yes,none,0,,no,,,yes,no,no,0,0,yes,no,,0,,no,no,no
fly_scar_bolt_back,raw\sound\wpn\assault\reload\fly_assault_bb.LN65.pc.snd.wav,,loaded,bus_fx,grp_foley,snp_foley,,30,0,86,89,0,5000,5000,allon,default,allon,default,8,8,priority,oldest,-88,84,70,70,0.25,1,2d,front,nonlooping,,1,0,0,0,0,0.25,no,yes,none,0,,no,,,yes,no,no,0,0,yes,no,,0,,no,no,no
fly_scar_bolt_release,raw\sound\wpn\assault\reload\fly_assault_bf.LN65.pc.snd.wav,,loaded,bus_fx,grp_foley,snp_foley,,30,0,86,89,0,5000,5000,allon,default,allon,default,8,8,priority,oldest,-88,84,70,70,0.25,1,2d,front,nonlooping,,1,0,0,0,0,0.25,no,yes,none,0,,no,,,yes,no,no,0,0,yes,no,,0,,no,no,no
fly_scar_button,raw\sound\wpn\assault\m16\reload\fly_m16_button.LN65.pc.snd.wav,,loaded,bus_fx,grp_foley,snp_foley,,30,0,86,89,0,5000,5000,allon,default,allon,default,8,8,priority,oldest,-88,84,70,70,0.25,1,2d,front,nonlooping,,1,0,0,0,0,0.25,no,yes,none,0,,no,,,yes,no,no,0,0,yes,no,,0,,no,no,no
fly_scar_mag_in,raw\sound\wpn\assault\reload\fly_assault_mag_in.LN65.pc.snd.wav,,loaded,bus_fx,grp_foley,snp_foley,,30,0,86,89,0,5000,5000,allon,default,allon,default,8,8,priority,oldest,-88,84,70,70,0.25,1,2d,front,nonlooping,,1,0,0,0,0,0.25,no,yes,none,0,,no,,,yes,no,no,0,0,yes,no,,0,,no,no,no
fly_scar_mag_out,raw\sound\wpn\assault\reload\fly_assault_mag_out.LN65.pc.snd.wav,,loaded,bus_fx,grp_foley,snp_foley,,30,0,86,89,0,5000,5000,allon,default,allon,default,8,8,priority,oldest,-88,84,70,70,0.25,1,2d,front,nonlooping,,1,0,0,0,0,0.25,no,yes,none,0,,no,,,yes,no,no,0,0,yes,no,,0,,no,no,no
fly_scar_tap,raw\sound\wpn\assault\m14\reload\fly_m14_tap.LN65.pc.snd.wav,,loaded,bus_fx,grp_foley,snp_foley,,30,0,86,89,0,5000,5000,allon,default,allon,default,8,8,priority,oldest,-88,84,70,70,0.25,1,2d,front,nonlooping,,1,0,0,0,0,0.25,no,yes,none,0,,no,,,yes,no,no,0,0,yes,no,,0,,no,no,no
fly_rnma_hammer_up,raw\sound\wpn\pistol\reloads\fly_pistol_sf.LN65.pc.snd.wav,,loaded,bus_fx,grp_foley,snp_foley,,30,0,86,89,0,5000,5000,allon,default,allon,default,8,8,priority,oldest,-88,84,70,70,0.25,1,2d,front,nonlooping,,1,0,0,0,0,0.25,no,yes,none,0,,no,,,yes,no,no,0,0,yes,no,,0,,no,no,no
wpn_mp5kqol_1straise_npc,raw\sound\fly\gear\rattle\fly_cloth_00.LN65.pc.snd.wav,,loaded,bus_fx,grp_foley,snp_foley,,30,0,75,75,75,500,500,allon,default,allon,default,4,8,priority,oldest,-90,90,15,30,0.25,1,3d,default,nonlooping,,1,0,25,250,75,0.25,no,yes,none,0,,no,,,yes,no,no,0,0,yes,no,,0,,no,no,no
wpn_mp5kqol_1straise_npc,raw\sound\fly\gear\rattle\fly_cloth_01.LN65.pc.snd.wav,,loaded,bus_fx,grp_foley,snp_foley,,30,0,75,75,75,500,500,allon,default,allon,default,4,8,priority,oldest,-90,90,15,30,0.25,1,3d,default,nonlooping,,1,0,25,250,75,0.25,no,yes,none,0,,no,,,yes,no,no,0,0,yes,no,,0,,no,no,no
wpn_mp5kqol_1straise_npc,raw\sound\fly\gear\rattle\fly_cloth_02.LN65.pc.snd.wav,,loaded,bus_fx,grp_foley,snp_foley,,30,0,75,75,75,500,500,allon,default,allon,default,4,8,priority,oldest,-90,90,15,30,0.25,1,3d,default,nonlooping,,1,0,25,250,75,0.25,no,yes,none,0,,no,,,yes,no,no,0,0,yes,no,,0,,no,no,no
wpn_mp5kqol_1straise_npc,raw\sound\fly\gear\rattle\fly_cloth_03.LN65.pc.snd.wav,,loaded,bus_fx,grp_foley,snp_foley,,30,0,75,75,75,500,500,allon,default,allon,default,4,8,priority,oldest,-90,90,15,30,0.25,1,3d,default,nonlooping,,1,0,25,250,75,0.25,no,yes,none,0,,no,,,yes,no,no,0,0,yes,no,,0,,no,no,no
wpn_mp5kqol_1straise_plr,raw\sound\fly\gear\rattle\fly_cloth_00.LN65.pc.snd.wav,,loaded,bus_fx,grp_foley,snp_foley,,30,0,86,89,0,5000,5000,allon,default,allon,default,8,8,priority,oldest,-88,84,70,70,0.25,1,2d,front,nonlooping,,1,0,0,0,0,0.25,no,yes,none,0,,no,,,yes,no,no,0,0,yes,no,,0,,no,no,no
wpn_mp5kqol_1straise_plr,raw\sound\fly\gear\rattle\fly_cloth_01.LN65.pc.snd.wav,,loaded,bus_fx,grp_foley,snp_foley,,30,0,86,89,0,5000,5000,allon,default,allon,default,8,8,priority,oldest,-88,84,70,70,0.25,1,2d,front,nonlooping,,1,0,0,0,0,0.25,no,yes,none,0,,no,,,yes,no,no,0,0,yes,no,,0,,no,no,no
wpn_mp5kqol_1straise_plr,raw\sound\fly\gear\rattle\fly_cloth_02.LN65.pc.snd.wav,,loaded,bus_fx,grp_foley,snp_foley,,30,0,86,89,0,5000,5000,allon,default,allon,default,8,8,priority,oldest,-88,84,70,70,0.25,1,2d,front,nonlooping,,1,0,0,0,0,0.25,no,yes,none,0,,no,,,yes,no,no,0,0,yes,no,,0,,no,no,no
wpn_mp5kqol_1straise_plr,raw\sound\fly\gear\rattle\fly_cloth_03.LN65.pc.snd.wav,,loaded,bus_fx,grp_foley,snp_foley,,30,0,86,89,0,5000,5000,allon,default,allon,default,8,8,priority,oldest,-88,84,70,70,0.25,1,2d,front,nonlooping,,1,0,0,0,0,0.25,no,yes,none,0,,no,,,yes,no,no,0,0,yes,no,,0,,no,no,no
wpn_mp5kqol_fire_npc,raw\sound\wpn\smg\mp7\plr\shot\wpn_mp7_shot_plr.LN65.pc.snd.wav,wpn_mp5kqol_fire_npc_dist,loaded,bus_fx,grp_weapon,snp_wpn_3p,,55,0,87,87,900,900,900,cosdelay,alloff,cosdelay,default,8,3,priority,oldest,-150,150,20,90,0.25,0.8,3d,default,nonlooping,variant,1,0,0,0,0,0.25,no,no,none,0,,no,,,yes,no,no,0,0,yes,no,,0,,no,no,no
wpn_mp5kqol_fire_npc_decay,raw\sound\wpn\smg\decay\ext\wpn_smg_decay_ext.LN65.pc.snd.wav,,loaded,bus_fx,grp_weapon,snp_wpn_3p,,55,0,77,77,50,900,900,allon,default,rcurve1,default,3,1,priority,oldest,-100,100,20,70,0.15,1,3d,quad,nonlooping,,1,0,0,0,0,0.25,no,no,none,0,,no,ringoff_plr,outdoor,yes,no,no,0,0,yes,no,,0,,no,no,no
wpn_mp5kqol_fire_npc_decay,raw\sound\wpn\smg\decay\int\wpn_smg_decay_int.LN65.pc.snd.wav,,loaded,bus_fx,grp_weapon,snp_wpn_3p,,55,0,67,67,50,900,900,allon,default,rcurve1,default,3,1,priority,oldest,-100,100,20,70,0.15,1,3d,quad,nonlooping,,1,0,0,0,0,0.25,no,no,none,0,,no,ringoff_plr,indoor,yes,no,no,0,0,yes,no,,0,,no,no,no
wpn_mp5kqol_fire_npc_dist,raw\sound\wpn\dist_guns\smg\wpn_smg_dist_00.LN65.pc.snd.wav,wpn_mp5kqol_LFE_npc,loaded,bus_fx,grp_weapon,snp_wpn_3p,,80,0,81,81,900,6000,12500,sindelay,default,sindelay,allon,8,3,priority,oldest,-300,300,90,40,0.25,1,3d,default,nonlooping,variant,1,0,0,0,0,0.25,no,no,none,0,,no,,,yes,no,no,0,0,yes,no,,0,,no,no,no
wpn_mp5kqol_fire_npc_dist,raw\sound\wpn\dist_guns\smg\wpn_smg_dist_01.LN65.pc.snd.wav,wpn_mp5kqol_LFE_npc,loaded,bus_fx,grp_weapon,snp_wpn_3p,,80,0,81,81,900,6000,12500,sindelay,default,sindelay,allon,8,3,priority,oldest,-300,300,90,40,0.25,1,3d,default,nonlooping,variant,1,0,0,0,0,0.25,no,no,none,0,,no,,,yes,no,no,0,0,yes,no,,0,,no,no,no
wpn_mp5kqol_fire_npc_dist,raw\sound\wpn\dist_guns\smg\wpn_smg_dist_02.LN65.pc.snd.wav,wpn_mp5kqol_LFE_npc,loaded,bus_fx,grp_weapon,snp_wpn_3p,,80,0,81,81,900,6000,12500,sindelay,default,sindelay,allon,8,3,priority,oldest,-300,300,90,40,0.25,1,3d,default,nonlooping,variant,1,0,0,0,0,0.25,no,no,none,0,,no,,,yes,no,no,0,0,yes,no,,0,,no,no,no
wpn_mp5kqol_fire_npc_pap,raw\sound\wpn\pap\pap_shot_st.LN65.pc.snd.wav,wpn_mp5kqol_flux_l_npc_pap,loaded,bus_fx,grp_weapon,snp_wpn_3p,,80,0,82,82,75,1250,1250,allon,default,allon,default,10,3,priority,oldest,-100,100,50,90,0.35,1,3d,default,nonlooping,pitch,1,0,0,0,0,0.25,no,no,none,0,,no,,,yes,no,no,0,0,yes,no,,0,,no,no,no
wpn_mp5kqol_fire_plr,raw\sound\wpn\smg\mp7\plr\shot\wpn_mp7_shot_plr.LN65.pc.snd.wav,wpn_mp5kqol_LFE,loaded,bus_fx,grp_weapon,snp_wpn_1p,,65,0,93,93,0,5000,5000,allon,default,allon,default,2,8,oldest,oldest,-80,80,90,90,0.25,1,2d,front_mostly,nonlooping,,1,0,0,0,0,0.25,no,no,none,0,,no,,,yes,no,no,0,0,yes,no,,0,,no,no,no
wpn_mp5kqol_fire_plr_decay,raw\sound\wpn\smg\decay\ext\wpn_smg_decay_ext.LN65.pc.snd.wav,,loaded,bus_fx,grp_weapon,snp_wpn_1p,,60,0,80,80,0,5000,5000,allon,default,allon,default,3,8,oldest,oldest,-50,50,90,90,0.25,1,2d,front_mostly,nonlooping,,1,0,0,0,0,0.25,no,no,none,0,,no,ringoff_plr,outdoor,yes,no,no,0,0,yes,no,,0,,no,no,no
wpn_mp5kqol_fire_plr_decay,raw\sound\wpn\smg\decay\int\wpn_smg_decay_int.LN65.pc.snd.wav,,loaded,bus_fx,grp_weapon,snp_wpn_1p,,60,0,80,80,0,5000,5000,allon,default,allon,default,3,8,oldest,oldest,-50,50,90,90,0.25,1,2d,front_mostly,nonlooping,,1,0,0,0,0,0.25,no,no,none,0,,no,ringoff_plr,indoor,yes,no,no,0,0,yes,no,,0,,no,no,no
wpn_mp5kqol_fire_plr_pap,raw\sound\wpn\pap\pap_shot_st.LN65.pc.snd.wav,wpn_mp5kqol_flux_l_plr_pap,loaded,bus_hdrfx,grp_weapon,snp_wpn_1p,,70,0,87,87,0,5000,5000,allon,default,allon,default,1,8,oldest,oldest,0,0,90,90,0.25,1,2d,wpn_all,nonlooping,,1,0,0,0,0,0.25,no,no,none,0,,no,,,yes,no,no,0,0,yes,no,,0,,no,no,no
wpn_mp5kqol_flux_l_npc_pap,raw\sound\wpn\pap\pap_flux_left.LN65.pc.snd.wav,wpn_mp5kqol_flux_r_npc_pap,loaded,bus_fx,grp_weapon,snp_wpn_3p,,84,0,75,75,25,900,900,allon,default,allon,default,8,4,priority,priority,-34,34,85,90,0.25,1,3d,default,nonlooping,pitch,1,0,0,0,0,0.25,no,no,left_shot,4000,,no,,,yes,no,no,0,0,yes,no,,0,,no,no,no
wpn_mp5kqol_flux_l_plr_pap,raw\sound\wpn\pap\pap_flux_left.LN65.pc.snd.wav,wpn_mp5kqol_flux_r_plr_pap,loaded,bus_fx,grp_weapon,snp_wpn_3p,,84,0,75,75,25,900,900,allon,default,allon,default,8,4,priority,priority,-34,34,85,90,0.25,1,3d,default,nonlooping,pitch,1,0,0,0,0,0.25,no,no,left_shot,4000,,no,,,yes,no,no,0,0,yes,no,,0,,no,no,no
wpn_mp5kqol_flux_r_npc_pap,raw\sound\wpn\pap\pap_flux_right.LN65.pc.snd.wav,wpn_mp5kqol_fire_npc,loaded,bus_fx,grp_weapon,snp_wpn_3p,,84,0,75,75,25,900,900,allon,default,allon,default,8,4,priority,priority,-34,34,85,90,0.25,1,3d,default,nonlooping,pitch,1,0,0,0,0,0.25,no,no,right_shot,4000,,no,,,yes,no,no,0,0,yes,no,,0,,no,no,no
wpn_mp5kqol_flux_r_plr_pap,raw\sound\wpn\pap\pap_flux_right.LN65.pc.snd.wav,wpn_mp5kqol_fire_plr,loaded,bus_fx,grp_weapon,snp_wpn_3p,,84,0,75,75,25,900,900,allon,default,allon,default,8,4,priority,priority,-34,34,85,90,0.25,1,3d,default,nonlooping,pitch,1,0,0,0,0,0.25,no,no,right_shot,4000,,no,,,yes,no,no,0,0,yes,no,,0,,no,no,no
wpn_mp5kqol_LFE,raw\sound\wpn\smg\mp7\plr\lfe\wpn_mp7_fire_lfe.LN65.pc.snd.wav,wpn_mp5kqol_fire_plr_decay,loaded,bus_hdrfx,grp_wpn_lfe,snp_wpn_1p,,0,0,86,86,0,5000,5000,allon,default,allon,default,8,2,priority,oldest,0,0,85,90,0.25,1,2d,lfe,nonlooping,,1,0,0,0,0,0.25,no,no,none,0,,no,,,no,no,no,0,0,yes,no,,0,,no,no,no
wpn_mp5kqol_LFE_npc,raw\sound\wpn\smg\mp7\plr\lfe\wpn_mp7_fire_lfe.LN65.pc.snd.wav,wpn_mp5kqol_fire_npc_decay,loaded,bus_hdrfx,grp_wpn_lfe,snp_wpn_3p,,0,0,81,81,25,225,225,allon,default,allon,default,3,1,priority,oldest,0,0,40,90,0.25,0.75,3d,lfe,nonlooping,,1,0,0,0,0,0.25,no,no,none,0,,no,,,no,no,no,0,0,yes,no,,0,,no,no,no
wpn_mp5kqol_pickup_npc,raw\sound\fly\pickups\weapon\fly_weapon_pickup_00.LN65.pc.snd.wav,,loaded,bus_fx,grp_foley,snp_foley,,30,0,75,75,75,500,500,allon,default,allon,default,2,1,priority,reject,-50,50,15,30,0.25,1,3d,default,nonlooping,,1,0,25,250,75,0.25,no,yes,none,0,,no,,,yes,no,no,0,0,yes,no,,0,,no,no,no
wpn_mp5kqol_pickup_npc,raw\sound\fly\pickups\weapon\fly_weapon_pickup_01.LN65.pc.snd.wav,,loaded,bus_fx,grp_foley,snp_foley,,30,0,75,75,75,500,500,allon,default,allon,default,2,1,priority,reject,-50,50,15,30,0.25,1,3d,default,nonlooping,,1,0,25,250,75,0.25,no,yes,none,0,,no,,,yes,no,no,0,0,yes,no,,0,,no,no,no
wpn_mp5kqol_pickup_plr,raw\sound\fly\pickups\weapon\fly_weapon_pickup_00.LN65.pc.snd.wav,,loaded,bus_fx,grp_foley,snp_foley,,30,0,75,75,0,5000,5000,allon,default,allon,default,1,8,reject,oldest,-88,84,70,70,0.25,1,2d,front,nonlooping,,1,0,0,0,0,0.25,no,yes,none,0,,no,,,yes,no,no,0,0,yes,no,,0,,no,no,no
wpn_mp5kqol_pickup_plr,raw\sound\fly\pickups\weapon\fly_weapon_pickup_01.LN65.pc.snd.wav,,loaded,bus_fx,grp_foley,snp_foley,,30,0,75,75,0,5000,5000,allon,default,allon,default,1,8,reject,oldest,-88,84,70,70,0.25,1,2d,front,nonlooping,,1,0,0,0,0,0.25,no,yes,none,0,,no,,,yes,no,no,0,0,yes,no,,0,,no,no,no
wpn_mp5kqol_raise_npc,raw\sound\fly\gear\rattle\fly_cloth_00.LN65.pc.snd.wav,,loaded,bus_fx,grp_foley,snp_foley,,30,0,75,75,75,500,500,allon,default,allon,default,4,8,priority,oldest,-90,90,15,30,0.25,1,3d,default,nonlooping,,1,0,25,250,75,0.25,no,yes,none,0,,no,,,yes,no,no,0,0,yes,no,,0,,no,no,no
wpn_mp5kqol_raise_npc,raw\sound\fly\gear\rattle\fly_cloth_01.LN65.pc.snd.wav,,loaded,bus_fx,grp_foley,snp_foley,,30,0,75,75,75,500,500,allon,default,allon,default,4,8,priority,oldest,-90,90,15,30,0.25,1,3d,default,nonlooping,,1,0,25,250,75,0.25,no,yes,none,0,,no,,,yes,no,no,0,0,yes,no,,0,,no,no,no
wpn_mp5kqol_raise_npc,raw\sound\fly\gear\rattle\fly_cloth_02.LN65.pc.snd.wav,,loaded,bus_fx,grp_foley,snp_foley,,30,0,75,75,75,500,500,allon,default,allon,default,4,8,priority,oldest,-90,90,15,30,0.25,1,3d,default,nonlooping,,1,0,25,250,75,0.25,no,yes,none,0,,no,,,yes,no,no,0,0,yes,no,,0,,no,no,no
wpn_mp5kqol_raise_npc,raw\sound\fly\gear\rattle\fly_cloth_03.LN65.pc.snd.wav,,loaded,bus_fx,grp_foley,snp_foley,,30,0,75,75,75,500,500,allon,default,allon,default,4,8,priority,oldest,-90,90,15,30,0.25,1,3d,default,nonlooping,,1,0,25,250,75,0.25,no,yes,none,0,,no,,,yes,no,no,0,0,yes,no,,0,,no,no,no
wpn_mp5kqol_raise_plr,raw\sound\fly\gear\rattle\fly_cloth_00.LN65.pc.snd.wav,,loaded,bus_fx,grp_foley,snp_foley,,30,0,86,89,0,5000,5000,allon,default,allon,default,8,8,priority,oldest,-88,84,70,70,0.25,1,2d,front,nonlooping,,1,0,0,0,0,0.25,no,yes,none,0,,no,,,yes,no,no,0,0,yes,no,,0,,no,no,no
wpn_mp5kqol_raise_plr,raw\sound\fly\gear\rattle\fly_cloth_01.LN65.pc.snd.wav,,loaded,bus_fx,grp_foley,snp_foley,,30,0,86,89,0,5000,5000,allon,default,allon,default,8,8,priority,oldest,-88,84,70,70,0.25,1,2d,front,nonlooping,,1,0,0,0,0,0.25,no,yes,none,0,,no,,,yes,no,no,0,0,yes,no,,0,,no,no,no
wpn_mp5kqol_raise_plr,raw\sound\fly\gear\rattle\fly_cloth_02.LN65.pc.snd.wav,,loaded,bus_fx,grp_foley,snp_foley,,30,0,86,89,0,5000,5000,allon,default,allon,default,8,8,priority,oldest,-88,84,70,70,0.25,1,2d,front,nonlooping,,1,0,0,0,0,0.25,no,yes,none,0,,no,,,yes,no,no,0,0,yes,no,,0,,no,no,no
wpn_mp5kqol_raise_plr,raw\sound\fly\gear\rattle\fly_cloth_03.LN65.pc.snd.wav,,loaded,bus_fx,grp_foley,snp_foley,,30,0,86,89,0,5000,5000,allon,default,allon,default,8,8,priority,oldest,-88,84,70,70,0.25,1,2d,front,nonlooping,,1,0,0,0,0,0.25,no,yes,none,0,,no,,,yes,no,no,0,0,yes,no,,0,,no,no,no
wpn_mp5kqol_silencer_fire_npc,raw\sound\wpn\smg\msmc\plr\shot\silenced\wpn_msmc_sil_shot_plr.LN65.pc.snd.wav,wpn_mp5kqol_silencer_LFE_npc,loaded,bus_fx,grp_weapon,snp_wpn_3p,,0,0,85,85,700,700,700,cosdelay,alloff,cosdelay,default,8,3,priority,oldest,-50,50,20,90,0.25,0.8,3d,default,nonlooping,,1,0,0,0,0,0.25,no,no,none,0,,no,,,yes,no,no,0,0,yes,no,,0,,no,no,no
wpn_mp5kqol_silencer_fire_npc_decay,raw\sound\wpn\pistol\decay\ext\silenced\wpn_pistol_decay_silenced_ext.LN65.pc.snd.wav,,loaded,bus_fx,grp_weapon,snp_wpn_3p,,55,0,75,75,50,900,900,allon,default,rcurve1,default,10,1,reject,oldest,-100,100,20,70,0.15,1,3d,quad,nonlooping,,1,0,0,0,0,0.25,no,no,none,0,,no,ringoff_plr,outdoor,yes,no,no,0,0,yes,no,,0,,no,no,no
wpn_mp5kqol_silencer_fire_npc_decay,raw\sound\wpn\pistol\decay\int\silenced\wpn_pistol_decay_silenced_int.LN65.pc.snd.wav,,loaded,bus_fx,grp_weapon,snp_wpn_3p,,55,0,75,75,50,900,900,allon,default,rcurve1,default,10,1,reject,oldest,-100,100,20,70,0.15,1,3d,quad,nonlooping,,1,0,0,0,0,0.25,no,no,none,0,,no,ringoff_plr,indoor,yes,no,no,0,0,yes,no,,0,,no,no,no
wpn_mp5kqol_silencer_fire_plr,raw\sound\wpn\smg\msmc\plr\shot\silenced\wpn_msmc_sil_shot_plr.LN65.pc.snd.wav,wpn_mp5kqol_silencer_LFE,loaded,bus_fx,grp_weapon,snp_wpn_1p,@36b86475,0,0,93,93,0,5000,5000,allon,default,allon,default,2,8,oldest,oldest,-80,80,90,90,0.25,1,2d,front_mostly,nonlooping,,1,0,0,0,0,0.25,no,no,none,0,,no,,,yes,no,no,0,0,yes,no,,0,,no,no,no
wpn_mp5kqol_silencer_fire_plr_decay,raw\sound\wpn\pistol\decay\ext\silenced\wpn_pistol_decay_silenced_ext.LN65.pc.snd.wav,,loaded,bus_fx,grp_weapon,snp_wpn_1p,,75,0,80,80,0,5000,5000,allon,default,allon,default,3,8,oldest,oldest,-50,50,90,90,0.25,1,2d,front_mostly,nonlooping,,1,0,0,0,0,0.25,no,no,none,0,,no,ringoff_plr,outdoor,yes,no,no,0,0,yes,no,,0,,no,no,no
wpn_mp5kqol_silencer_fire_plr_decay,raw\sound\wpn\pistol\decay\int\silenced\wpn_pistol_decay_silenced_int.LN65.pc.snd.wav,,loaded,bus_fx,grp_weapon,snp_wpn_1p,,75,0,83,83,0,5000,5000,allon,default,allon,default,3,8,oldest,oldest,-50,50,90,90,0.25,1,2d,front_mostly,nonlooping,,1,0,0,0,0,0.25,no,no,none,0,,no,ringoff_plr,indoor,yes,no,no,0,0,yes,no,,0,,no,no,no
wpn_mp5kqol_silencer_LFE,raw\sound\wpn\smg\mp7\plr\lfe\wpn_mp7_fire_lfe.LN65.pc.snd.wav,wpn_mp5kqol_silencer_fire_plr_decay,loaded,bus_hdrfx,grp_wpn_lfe,snp_wpn_1p,,0,0,86,86,0,5000,5000,allon,default,allon,default,1,2,priority,oldest,0,0,85,90,0.25,1,2d,lfe,nonlooping,,1,0,0,0,0,0.25,no,no,none,0,,no,,,no,no,no,0,0,yes,no,,0,,no,no,no
wpn_mp5kqol_silencer_LFE_npc,raw\sound\wpn\smg\mp7\plr\lfe\wpn_mp7_fire_lfe.LN65.pc.snd.wav,wpn_mp5kqol_silencer_fire_npc_decay,loaded,bus_hdrfx,grp_wpn_lfe,snp_wpn_3p,,0,0,81,81,25,225,225,allon,default,allon,default,3,1,priority,oldest,0,0,40,90,0.25,0.75,3d,lfe,nonlooping,,1,0,0,0,0,0.25,no,no,none,0,,no,,,no,no,no,0,0,yes,no,,0,,no,no,no
wpn_rottweil72qol_1straise_npc,raw\sound\fly\gear\weapon\weapon_00.LN65.pc.snd.wav,,loaded,bus_fx,grp_foley,snp_foley,,30,0,75,75,75,500,500,allon,default,allon,default,4,8,priority,oldest,-90,90,15,30,0.25,1,3d,default,nonlooping,,1,0,25,250,75,0.25,no,yes,none,0,,no,,,yes,no,no,0,0,yes,no,,0,,no,no,no
wpn_rottweil72qol_1straise_plr,raw\sound\fly\gear\weapon\weapon_00.LN65.pc.snd.wav,,loaded,bus_fx,grp_foley,snp_foley,,30,0,86,89,0,5000,5000,allon,default,allon,default,8,8,priority,oldest,-88,84,70,70,0.25,1,2d,front,nonlooping,,1,0,0,0,0,0.25,no,yes,none,0,,no,,,yes,no,no,0,0,yes,no,,0,,no,no,no
wpn_rottweil72qol_close,raw\sound\wpn\shotgun\remington870\reload\fly_rem870_push.LN65.pc.snd.wav,,loaded,bus_fx,grp_foley,snp_foley,,30,0,86,89,0,5000,5000,allon,default,allon,default,8,8,priority,oldest,-88,84,70,70,0.25,1,2d,front,nonlooping,,1,0,0,0,0,0.25,no,yes,none,0,,no,,,yes,no,no,0,0,yes,no,,0,,no,no,no
wpn_rottweil72qol_decay,raw\sound\wpn\decay\wpn_decay.LN65.pc.snd.wav,wpn_rottweil72qol_LFE,loaded,bus_fx,grp_weapon,snp_wpn_1p,,60,0,67,67,0,5000,5000,allon,default,allon,default,8,3,priority,oldest,0,0,90,90,0.25,1,2d,quad,nonlooping,,1,75,0,0,0,0.25,no,no,none,0,,no,ringoff_plr,outdoor,yes,no,no,0,0,yes,no,,0,,no,no,no
wpn_rottweil72qol_dryfire_npc,raw\sound\wpn\shotgun\dry_fire\npc\dry_fire_00.LN65.pc.snd.wav,,loaded,bus_fx,grp_weapon,snp_wpn_3p,,55,0,88,88,900,900,900,cosdelay,alloff,cosdelay,default,6,2,priority,oldest,-88,84,50,90,0.25,0.8,3d,default,nonlooping,,1,0,0,0,0,0.25,no,no,none,0,,no,,,yes,no,no,0,0,yes,no,,0,,no,no,no
wpn_rottweil72qol_dryfire_plr,raw\sound\wpn\shotgun\dry_fire\plr\dry_fire_00.LN65.pc.snd.wav,,loaded,bus_fx,grp_weapon,snp_wpn_1p,,65,0,94,94,0,5000,5000,allon,default,allon,default,8,2,priority,oldest,-100,100,90,90,0.25,1,2d,front_mostly,nonlooping,,1,0,0,0,0,0.25,no,no,none,0,,no,,,yes,no,no,0,0,yes,no,,0,,no,no,no
wpn_rottweil72qol_fire_npc,raw\sound\wpn\shotgun\870mcs\fire\wpn_870mcs_00.LN65.pc.snd.wav,wpn_rottweil72qol_npc_LFE,loaded,bus_fx,grp_weapon,snp_wpn_3p,,55,0,88,88,900,900,900,cosdelay,alloff,cosdelay,default,6,2,priority,oldest,-88,84,50,90,0.25,0.8,3d,default,nonlooping,,1,0,0,0,0,0.25,no,no,none,0,,no,,,yes,no,no,0,0,yes,no,,0,,no,no,no
wpn_rottweil72qol_fire_npc_decay,raw\sound\wpn\assault\decay\ext\wpn_assault_decay_ext.LN65.pc.snd.wav,,loaded,bus_fx,grp_weapon,snp_wpn_3p,,55,0,77,77,50,900,900,allon,default,rcurve1,default,3,1,priority,oldest,-100,100,20,70,0.15,1,3d,quad,nonlooping,,1,0,0,0,0,0.25,no,no,none,0,,no,ringoff_plr,outdoor,yes,no,no,0,0,yes,no,,0,,no,no,no
wpn_rottweil72qol_fire_npc_decay,raw\sound\wpn\shotgun\decay\int\wpn_shotgun_decay_int.LN65.pc.snd.wav,,loaded,bus_fx,grp_weapon,snp_wpn_3p,,55,0,67,67,50,900,900,allon,default,rcurve1,default,3,1,priority,oldest,-100,100,20,70,0.15,1,3d,quad,nonlooping,,1,0,0,0,0,0.25,no,no,none,0,,no,ringoff_plr,indoor,yes,no,no,0,0,yes,no,,0,,no,no,no
wpn_rottweil72qol_fire_npc_pap,raw\sound\wpn\pap\pap_shot_st.LN65.pc.snd.wav,wpn_rottweil72qol_flux_l_npc_pap,loaded,bus_fx,grp_weapon,snp_wpn_3p,,80,0,82,82,75,1250,1250,allon,default,allon,default,10,3,priority,oldest,-100,100,50,90,0.35,1,3d,default,nonlooping,pitch,1,0,0,0,0,0.25,no,no,none,0,,no,,,yes,no,no,0,0,yes,no,,0,,no,no,no
wpn_rottweil72qol_fire_plr,raw\sound\wpn\shotgun\870mcs\fire\wpn_870mcs_00.LN65.pc.snd.wav,wpn_rottweil72qol_decay,loaded,bus_fx,grp_weapon,snp_wpn_1p,,65,0,94,94,0,5000,5000,allon,default,allon,default,8,2,priority,oldest,-50,50,90,90,0.25,1,2d,front_mostly,nonlooping,,1,0,0,0,0,0.25,no,no,none,0,,no,ringoff_plr,outdoor,yes,no,no,0,0,yes,no,,0,,no,no,no
wpn_rottweil72qol_fire_plr,raw\sound\wpn\shotgun\indoor\plr\shot\wpn_shotgun_indoor_fire_plr.LN65.pc.snd.wav,wpn_rottweil72qol_indoor_decay,loaded,bus_fx,grp_weapon,snp_wpn_1p,,65,0,94,94,0,5000,5000,allon,default,allon,default,8,2,priority,oldest,-50,50,90,90,0.25,1,2d,front_mostly,nonlooping,,1,0,0,0,0,0.25,no,no,none,0,,no,ringoff_plr,indoor,yes,no,no,0,0,yes,no,,0,,no,no,no
wpn_rottweil72qol_fire_plr_decay,raw\sound\wpn\assault\decay\ext\wpn_assault_decay_ext.LN65.pc.snd.wav,,loaded,bus_fx,grp_weapon,snp_wpn_1p,,60,0,83,83,0,5000,5000,allon,default,allon,default,3,8,oldest,oldest,-50,50,90,90,0.25,1,2d,front_mostly,nonlooping,,1,0,0,0,0,0.25,no,no,none,0,,no,ringoff_plr,outdoor,yes,no,no,0,0,yes,no,,0,,no,no,no
wpn_rottweil72qol_fire_plr_decay,raw\sound\wpn\shotgun\decay\int\wpn_shotgun_decay_int.LN65.pc.snd.wav,,loaded,bus_fx,grp_weapon,snp_wpn_1p,,60,0,83,83,0,5000,5000,allon,default,allon,default,3,8,oldest,oldest,-50,50,90,90,0.25,1,2d,front_mostly,nonlooping,,1,0,0,0,0,0.25,no,no,none,0,,no,ringoff_plr,indoor,yes,no,no,0,0,yes,no,,0,,no,no,no
wpn_rottweil72qol_fire_plr_pap,raw\sound\wpn\pap\pap_shot_st.LN65.pc.snd.wav,wpn_rottweil72qol_flux_l_plr_pap,loaded,bus_hdrfx,grp_weapon,snp_wpn_1p,,70,0,87,87,0,5000,5000,allon,default,allon,default,1,8,oldest,oldest,0,0,90,90,0.25,1,2d,wpn_all,nonlooping,,1,0,0,0,0,0.25,no,no,none,0,,no,,,yes,no,no,0,0,yes,no,,0,,no,no,no
wpn_rottweil72qol_flux_l_npc_pap,raw\sound\wpn\pap\pap_flux_left.LN65.pc.snd.wav,wpn_rottweil72qol_flux_r_npc_pap,loaded,bus_fx,grp_weapon,snp_wpn_3p,,84,0,75,75,25,900,900,allon,default,allon,default,8,4,priority,priority,-34,34,85,90,0.25,1,3d,default,nonlooping,pitch,1,0,0,0,0,0.25,no,no,left_shot,4000,,no,,,yes,no,no,0,0,yes,no,,0,,no,no,no
wpn_rottweil72qol_flux_l_plr_pap,raw\sound\wpn\pap\pap_flux_left.LN65.pc.snd.wav,wpn_rottweil72qol_flux_r_plr_pap,loaded,bus_fx,grp_weapon,snp_wpn_3p,,84,0,75,75,25,900,900,allon,default,allon,default,8,4,priority,priority,-34,34,85,90,0.25,1,3d,default,nonlooping,pitch,1,0,0,0,0,0.25,no,no,left_shot,4000,,no,,,yes,no,no,0,0,yes,no,,0,,no,no,no
wpn_rottweil72qol_flux_r_npc_pap,raw\sound\wpn\pap\pap_flux_right.LN65.pc.snd.wav,wpn_rottweil72qol_fire_npc,loaded,bus_fx,grp_weapon,snp_wpn_3p,,84,0,75,75,25,900,900,allon,default,allon,default,8,4,priority,priority,-34,34,85,90,0.25,1,3d,default,nonlooping,pitch,1,0,0,0,0,0.25,no,no,right_shot,4000,,no,,,yes,no,no,0,0,yes,no,,0,,no,no,no
wpn_rottweil72qol_flux_r_plr_pap,raw\sound\wpn\pap\pap_flux_right.LN65.pc.snd.wav,wpn_rottweil72qol_fire_plr,loaded,bus_fx,grp_weapon,snp_wpn_3p,,84,0,75,75,25,900,900,allon,default,allon,default,8,4,priority,priority,-34,34,85,90,0.25,1,3d,default,nonlooping,pitch,1,0,0,0,0,0.25,no,no,right_shot,4000,,no,,,yes,no,no,0,0,yes,no,,0,,no,no,no
wpn_rottweil72qol_indoor_decay,,wpn_rottweil72qol_indoor_LFE,loaded,bus_fx,grp_weapon,snp_wpn_1p,,60,0,67,67,0,5000,5000,allon,default,allon,default,8,3,priority,oldest,0,0,90,90,0.25,1,2d,quad,nonlooping,,1,75,0,0,0,0.25,no,no,none,0,,no,ringoff_plr,outdoor,yes,no,no,0,0,yes,no,,0,,no,no,no
wpn_rottweil72qol_indoor_LFE,raw\sound\wpn\shotgun\srm1216\lfe\wpn_srm1216_lfe.LN65.pc.snd.wav,,loaded,bus_hdrfx,grp_wpn_lfe,snp_wpn_1p,,0,0,86,86,0,5000,5000,allon,default,allon,default,8,2,priority,oldest,0,0,85,90,0.25,1,2d,lfe,nonlooping,,1,0,0,0,0,0.25,no,no,none,0,,no,,,yes,no,no,0,0,yes,no,,0,,no,no,no
wpn_rottweil72qol_LFE,raw\sound\wpn\shotgun\srm1216\lfe\wpn_srm1216_lfe.LN65.pc.snd.wav,,loaded,bus_hdrfx,grp_wpn_lfe,snp_wpn_1p,,0,0,86,86,0,5000,5000,allon,default,allon,default,8,2,priority,oldest,0,0,85,90,0.25,1,2d,lfe,nonlooping,,1,0,0,0,0,0.25,no,no,none,0,,no,,,yes,no,no,0,0,yes,no,,0,,no,no,no
wpn_rottweil72qol_npc_decay,raw\sound\wpn\decay\wpn_decay.LN65.pc.snd.wav,,loaded,bus_fx,grp_weapon,snp_wpn_3p,,55,0,80,80,75,900,900,allon,default,rcurve4,default,3,1,priority,oldest,0,0,20,70,0.15,1,3d,quad,nonlooping,pitch,1,0,0,0,0,0.25,no,no,none,0,,no,ringoff_plr,outdoor,yes,no,no,0,0,yes,no,,0,,no,no,no
wpn_rottweil72qol_npc_dist,raw\sound\wpn\dist_guns\sht\wpn_shotgun_dist_00.LN65.pc.snd.wav,wpn_rottweil72qol_npc_decay,loaded,bus_fx,grp_weapon,snp_wpn_3p,,80,0,88,88,900,6000,12500,sindelay,default,sindelay,allon,6,3,priority,oldest,-300,300,90,40,0.25,1,3d,default,nonlooping,pitch,1,0,0,0,0,0.25,no,no,none,0,,no,,,yes,no,no,0,0,yes,no,,0,,no,no,no
wpn_rottweil72qol_npc_dist,raw\sound\wpn\dist_guns\sht\wpn_shotgun_dist_01.LN65.pc.snd.wav,wpn_rottweil72qol_npc_decay,loaded,bus_fx,grp_weapon,snp_wpn_3p,,80,0,88,88,900,6000,12500,sindelay,default,sindelay,allon,6,3,priority,oldest,-300,300,90,40,0.25,1,3d,default,nonlooping,pitch,1,0,0,0,0,0.25,no,no,none,0,,no,,,yes,no,no,0,0,yes,no,,0,,no,no,no
wpn_rottweil72qol_npc_LFE,raw\sound\wpn\shotgun\srm1216\lfe\wpn_srm1216_lfe.LN65.pc.snd.wav,wpn_rottweil72qol_npc_dist,loaded,bus_hdrfx,grp_wpn_lfe,snp_wpn_3p,,0,0,81,81,25,225,225,allon,default,allon,default,3,1,priority,oldest,0,0,40,90,0.25,0.75,3d,lfe,nonlooping,,1,0,0,0,0,0.25,no,no,none,0,,no,,,yes,no,no,0,0,yes,no,,0,,no,no,no
wpn_rottweil72qol_open,raw\sound\wpn\shotgun\remington870\reload\fly_rem870_pull.LN65.pc.snd.wav,,loaded,bus_fx,grp_foley,snp_foley,,30,0,86,89,0,5000,5000,allon,default,allon,default,8,8,priority,oldest,-88,84,70,70,0.25,1,2d,front,nonlooping,,1,0,0,0,0,0.25,no,yes,none,0,,no,,,yes,no,no,0,0,yes,no,,0,,no,no,no
wpn_rottweil72qol_pickup_npc,raw\sound\fly\pickups\weapon\fly_weapon_pickup_00.LN65.pc.snd.wav,,loaded,bus_fx,grp_foley,snp_foley,,30,0,75,75,75,500,500,allon,default,allon,default,2,1,priority,reject,-50,50,15,30,0.25,1,3d,default,nonlooping,,1,0,25,250,75,0.25,no,yes,none,0,,no,,,yes,no,no,0,0,yes,no,,0,,no,no,no
wpn_rottweil72qol_pickup_npc,raw\sound\fly\pickups\weapon\fly_weapon_pickup_01.LN65.pc.snd.wav,,loaded,bus_fx,grp_foley,snp_foley,,30,0,75,75,75,500,500,allon,default,allon,default,2,1,priority,reject,-50,50,15,30,0.25,1,3d,default,nonlooping,,1,0,25,250,75,0.25,no,yes,none,0,,no,,,yes,no,no,0,0,yes,no,,0,,no,no,no
wpn_rottweil72qol_pickup_plr,raw\sound\fly\pickups\weapon\fly_weapon_pickup_00.LN65.pc.snd.wav,,loaded,bus_fx,grp_foley,snp_foley,,30,0,75,75,0,5000,5000,allon,default,allon,default,1,8,reject,oldest,-88,84,70,70,0.25,1,2d,front,nonlooping,,1,0,0,0,0,0.25,no,yes,none,0,,no,,,yes,no,no,0,0,yes,no,,0,,no,no,no
wpn_rottweil72qol_pickup_plr,raw\sound\fly\pickups\weapon\fly_weapon_pickup_01.LN65.pc.snd.wav,,loaded,bus_fx,grp_foley,snp_foley,,30,0,75,75,0,5000,5000,allon,default,allon,default,1,8,reject,oldest,-88,84,70,70,0.25,1,2d,front,nonlooping,,1,0,0,0,0,0.25,no,yes,none,0,,no,,,yes,no,no,0,0,yes,no,,0,,no,no,no
wpn_rottweil72qol_raise_npc,raw\sound\fly\gear\weapon\weapon_00.LN65.pc.snd.wav,,loaded,bus_fx,grp_foley,snp_foley,,30,0,75,75,75,500,500,allon,default,allon,default,4,8,priority,oldest,-90,90,15,30,0.25,1,3d,default,nonlooping,,1,0,25,250,75,0.25,no,yes,none,0,,no,,,yes,no,no,0,0,yes,no,,0,,no,no,no
wpn_rottweil72qol_raise_plr,raw\sound\fly\gear\weapon\weapon_00.LN65.pc.snd.wav,,loaded,bus_fx,grp_foley,snp_foley,,30,0,86,89,0,5000,5000,allon,default,allon,default,8,8,priority,oldest,-88,84,70,70,0.25,1,2d,front,nonlooping,,1,0,0,0,0,0.25,no,yes,none,0,,no,,,yes,no,no,0,0,yes,no,,0,,no,no,no
wpn_rottweil72qol_shell_in,raw\sound\wpn\shotgun\foley\load\load_00.LN65.pc.snd.wav,,loaded,bus_fx,grp_foley,snp_foley,,30,0,86,89,0,5000,5000,allon,default,allon,default,8,8,priority,oldest,-88,84,70,70,0.25,1,2d,front,nonlooping,,1,0,0,0,0,0.25,no,yes,none,0,,no,,,yes,no,no,0,0,yes,no,,0,,no,no,no
wpn_rottweil72qol_shell_in,raw\sound\wpn\shotgun\foley\load\load_01.LN65.pc.snd.wav,,loaded,bus_fx,grp_foley,snp_foley,,30,0,86,89,0,5000,5000,allon,default,allon,default,8,8,priority,oldest,-88,84,70,70,0.25,1,2d,front,nonlooping,,1,0,0,0,0,0.25,no,yes,none,0,,no,,,yes,no,no,0,0,yes,no,,0,,no,no,no
wpn_rottweil72qol_shell_in,raw\sound\wpn\shotgun\foley\load\load_02.LN65.pc.snd.wav,,loaded,bus_fx,grp_foley,snp_foley,,30,0,86,89,0,5000,5000,allon,default,allon,default,8,8,priority,oldest,-88,84,70,70,0.25,1,2d,front,nonlooping,,1,0,0,0,0,0.25,no,yes,none,0,,no,,,yes,no,no,0,0,yes,no,,0,,no,no,no
wpn_rottweil72qol_shell_in,raw\sound\wpn\shotgun\foley\load\load_03.LN65.pc.snd.wav,,loaded,bus_fx,grp_foley,snp_foley,,30,0,86,89,0,5000,5000,allon,default,allon,default,8,8,priority,oldest,-88,84,70,70,0.25,1,2d,front,nonlooping,,1,0,0,0,0,0.25,no,yes,none,0,,no,,,yes,no,no,0,0,yes,no,,0,,no,no,no
wpn_rottweil72qol_shell_in,raw\sound\wpn\shotgun\foley\load\load_04.LN65.pc.snd.wav,,loaded,bus_fx,grp_foley,snp_foley,,30,0,86,89,0,5000,5000,allon,default,allon,default,8,8,priority,oldest,-88,84,70,70,0.25,1,2d,front,nonlooping,,1,0,0,0,0,0.25,no,yes,none,0,,no,,,yes,no,no,0,0,yes,no,,0,,no,no,no
wpn_rottweil72qol_shell_in,raw\sound\wpn\shotgun\foley\load\load_05.LN65.pc.snd.wav,,loaded,bus_fx,grp_foley,snp_foley,,30,0,86,89,0,5000,5000,allon,default,allon,default,8,8,priority,oldest,-88,84,70,70,0.25,1,2d,front,nonlooping,,1,0,0,0,0,0.25,no,yes,none,0,,no,,,yes,no,no,0,0,yes,no,,0,,no,no,no
wpn_rottweil72qol_silencer_fire_npc,raw\sound\wpn\shotgun\silenced\silenced_00.LN65.pc.snd.wav,wpn_rottweil72qol_silencer_fire_sweet_npc,loaded,bus_fx,grp_weapon,snp_wpn_3p,,0,0,82,82,900,900,901,cosdelay,alloff,cosdelay,default,8,2,priority,oldest,-50,50,40,90,0.25,0.8,3d,default,nonlooping,,1,0,0,0,0,0.3,no,no,none,0,,no,,,yes,no,no,0,0,yes,no,,0,,no,no,no
wpn_rottweil72qol_silencer_fire_npc_decay,raw\sound\wpn\assault\decay\int\silenced\wpn_aslt_decay_silenced_int.LN65.pc.snd.wav,,loaded,bus_fx,grp_weapon,snp_wpn_3p,,55,0,67,67,50,900,900,allon,default,rcurve1,default,3,1,priority,oldest,-100,100,20,70,0.15,1,3d,quad,nonlooping,,1,0,0,0,0,0.25,no,no,none,0,,no,ringoff_plr,indoor,yes,no,no,0,0,yes,no,,0,,no,no,no
wpn_rottweil72qol_silencer_fire_npc_decay,raw\sound\wpn\pistol\decay\ext\silenced\wpn_pistol_decay_silenced_ext.LN65.pc.snd.wav,,loaded,bus_fx,grp_weapon,snp_wpn_3p,,55,0,77,77,50,900,900,allon,default,rcurve1,default,3,1,priority,oldest,-100,100,20,70,0.15,1,3d,quad,nonlooping,,1,0,0,0,0,0.25,no,no,none,0,,no,ringoff_plr,outdoor,yes,no,no,0,0,yes,no,,0,,no,no,no
wpn_rottweil72qol_silencer_fire_plr,raw\sound\wpn\shotgun\silenced\silenced_00.LN65.pc.snd.wav,wpn_rottweil72qol_silencer_fire_sweet_plr,loaded,bus_fx,grp_weapon,snp_wpn_1p,@36b86475,0,0,93,93,0,5000,5000,allon,default,allon,default,3,8,oldest,oldest,-50,50,90,90,0.25,1,2d,front_mostly,nonlooping,,1,0,0,0,0,0.25,no,no,none,0,,no,,,yes,no,no,0,0,yes,no,,0,,no,no,no
wpn_rottweil72qol_silencer_fire_plr_decay,raw\sound\wpn\assault\decay\int\silenced\wpn_aslt_decay_silenced_int.LN65.pc.snd.wav,,loaded,bus_fx,grp_weapon,snp_wpn_1p,,75,0,83,83,0,5000,5000,allon,default,allon,default,3,8,oldest,oldest,-50,50,90,90,0.25,1,2d,front_mostly,nonlooping,,1,0,0,0,0,0.25,no,no,none,0,,no,ringoff_plr,indoor,yes,no,no,0,0,yes,no,,0,,no,no,no
wpn_rottweil72qol_silencer_fire_plr_decay,raw\sound\wpn\pistol\decay\ext\silenced\wpn_pistol_decay_silenced_ext.LN65.pc.snd.wav,,loaded,bus_fx,grp_weapon,snp_wpn_1p,,70,0,83,83,0,5000,5000,allon,default,allon,default,3,8,oldest,oldest,-50,50,90,90,0.25,1,2d,front_mostly,nonlooping,,1,0,0,0,0,0.25,no,no,none,0,,no,ringoff_plr,outdoor,yes,no,no,0,0,yes,no,,0,,no,no,no
wpn_rottweil72qol_silencer_fire_sweet_npc,raw\sound\wpn\shotgun\silenced\sweet\sweet_00.LN65.pc.snd.wav,,loaded,bus_fx,grp_weapon,snp_wpn_3p,,76,0,88,88,900,900,900,cosdelay,alloff,cosdelay,default,6,2,priority,oldest,800,900,50,90,0.25,0.8,3d,default,nonlooping,,1,100,0,0,0,0.25,no,no,none,0,,no,,,yes,no,no,0,0,yes,no,,0,,no,no,no
wpn_rottweil72qol_silencer_fire_sweet_plr,raw\sound\wpn\shotgun\silenced\sweet\sweet_00.LN65.pc.snd.wav,wpn_rottweil72qol_silencer_LFE,loaded,bus_fx,grp_weapon,snp_wpn_1p,,78,0,67,67,0,5000,5000,allon,default,allon,default,8,3,priority,oldest,800,900,90,90,0.25,1,2d,quad,nonlooping,,1,100,0,0,0,0.25,no,no,none,0,,no,ringoff_plr,outdoor,yes,no,no,0,0,yes,no,,0,,no,no,no
wpn_rottweil72qol_silencer_lfe,raw\sound\wpn\smg\mp7\plr\lfe\wpn_mp7_fire_lfe.LN65.pc.snd.wav,wpn_rottweil72qol_silencer_fire_plr_decay,loaded,bus_hdrfx,grp_wpn_lfe,snp_wpn_1p,,0,0,86,86,0,5000,5000,allon,default,allon,default,8,2,priority,oldest,0,0,85,90,0.25,1,2d,lfe,nonlooping,,1,0,0,0,0,0.25,no,no,none,0,,no,,,no,no,no,0,0,yes,no,,0,,no,no,no
wpn_rottweil72qol_silencer_LFE,raw\sound\wpn\shotgun\srm1216\lfe\wpn_srm1216_lfe.LN65.pc.snd.wav,,loaded,bus_hdrfx,grp_wpn_lfe,snp_wpn_1p,,0,0,86,86,0,5000,5000,allon,default,allon,default,8,2,priority,oldest,0,0,85,90,0.25,1,2d,lfe,nonlooping,,1,0,0,0,0,0.25,no,no,none,0,,no,,,yes,no,no,0,0,yes,no,,0,,no,no,no
wpn_rottweil72qol_silencer_LFE_npc,raw\sound\wpn\smg\mp7\plr\lfe\wpn_mp7_fire_lfe.LN65.pc.snd.wav,wpn_rottweil72qol_silencer_fire_npc_decay,loaded,bus_hdrfx,grp_wpn_lfe,snp_wpn_3p,,0,0,81,81,25,225,225,allon,default,allon,default,3,1,priority,oldest,0,0,40,90,0.25,0.75,3d,lfe,nonlooping,,1,0,0,0,0,0.25,no,no,none,0,,no,,,no,no,no,0,0,yes,no,,0,,no,no,no
wpn_rottweil72qol_switch,raw\sound\wpn\smg\mac11\reload\fly_mac11_stock.LN65.pc.snd.wav,,loaded,bus_fx,grp_foley,snp_foley,,30,0,86,89,0,5000,5000,allon,default,allon,default,8,8,priority,oldest,-88,84,70,70,0.25,1,2d,front,nonlooping,,1,0,0,0,0,0.25,no,yes,none,0,,no,,,yes,no,no,0,0,yes,no,,0,,no,no,no
vox_zmba_sam_qol_powerup_death_machine_0,raw\sound\zmb\qol\death_machine.SN65.pc.snd.flac,,streamed,bus_voice,grp_voice,snp_never_duck,,0,0,84,84,0,5000,5000,allon,default,allon,default,8,8,priority,oldest,0,0,100,100,0,1,2d,quad,nonlooping,,1,0,0,0,0,0,no,yes,none,0,,no,,,yes,no,no,0,0,yes,yes,,0,,no,no,no
vox_zmba_sam_qol_powerup_death_machine,raw\sound\zmb\qol\death_machine.SN65.pc.snd.flac,,streamed,bus_voice,grp_voice,snp_never_duck,,0,0,84,84,0,5000,5000,allon,default,allon,default,8,8,priority,oldest,0,0,100,100,0,1,2d,quad,nonlooping,,1,0,0,0,0,0,no,yes,none,0,,no,,,yes,no,no,0,0,yes,yes,,0,,no,no,no
vox_zmba_sam_qol_powerup_bonfire_sale_0,raw\sound\zmb\qol\bonfire_sale.SN65.pc.snd.flac,,streamed,bus_voice,grp_voice,snp_never_duck,,0,0,84,84,0,5000,5000,allon,default,allon,default,8,8,priority,oldest,0,0,100,100,0,1,2d,quad,nonlooping,,1,0,0,0,0,0,no,yes,none,0,,no,,,yes,no,no,0,0,yes,yes,,0,,no,no,no
vox_zmba_sam_qol_powerup_bonfire_sale,raw\sound\zmb\qol\bonfire_sale.SN65.pc.snd.flac,,streamed,bus_voice,grp_voice,snp_never_duck,,0,0,84,84,0,5000,5000,allon,default,allon,default,8,8,priority,oldest,0,0,100,100,0,1,2d,quad,nonlooping,,1,0,0,0,0,0,no,yes,none,0,,no,,,yes,no,no,0,0,yes,yes,,0,,no,no,no
wpn_mc96_fire_npc,raw\sound\wpn\pistol\mauser\shot\wpn_mauser_fire.LN65.pc.snd.wav.wav,wpn_mc96_fire_npc_dist,loaded,bus_fx,grp_weapon,snp_wpn_3p,,55,0,93,93,900,900,900,cosdelay,alloff,cosdelay,default,6,2,priority,oldest,-25,25,20,90,0.25,0.8,3d,default,nonlooping,,1,0,0,0,0,0.3,no,no,none,0,,no,,,yes,no,no,0,0,yes,no,,0,,no,no,no
wpn_mc96_fire_npc_decay,raw\sound\wpn\pistol\decay\ext\wpn_pistol_decay_ext.LN65.pc.snd.wav.wav,,loaded,bus_fx,grp_weapon,snp_wpn_3p,,55,0,75,75,50,900,900,allon,default,rcurve1,default,10,1,reject,oldest,-100,100,20,70,0.15,1,3d,default,nonlooping,volume,1,0,0,0,0,0.25,no,no,none,0,,no,ringoff_plr,outdoor,yes,no,no,0,0,yes,no,,0,,no,no,no
wpn_mc96_fire_npc_decay,raw\sound\wpn\pistol\decay\int\wpn_pistol_decay_int.LN65.pc.snd.wav.wav,,loaded,bus_fx,grp_weapon,snp_wpn_3p,,55,0,75,75,50,900,900,allon,default,rcurve1,default,10,1,reject,oldest,-100,100,20,70,0.15,1,3d,default,nonlooping,volume,1,0,0,0,0,0.25,no,no,none,0,,no,ringoff_plr,indoor,yes,no,no,0,0,yes,no,,0,,no,no,no
wpn_mc96_fire_npc_dist,raw\sound\wpn\dist_guns\pis\wpn_pistol_dist_00.LN65.pc.snd.wav.wav,wpn_mc96_LFE_npc,loaded,bus_fx,grp_weapon,snp_wpn_3p,,80,0,81,81,900,6000,12500,sindelay,default,sindelay,allon,6,2,priority,oldest,-300,300,90,40,0.25,1,3d,default,nonlooping,,1,0,0,0,0,0.25,no,no,none,0,,no,,,yes,no,no,0,0,yes,no,,0,,no,no,no
wpn_mc96_fire_npc_dist,raw\sound\wpn\dist_guns\pis\wpn_pistol_dist_01.LN65.pc.snd.wav.wav,wpn_mc96_LFE_npc,loaded,bus_fx,grp_weapon,snp_wpn_3p,,80,0,81,81,900,6000,12500,sindelay,default,sindelay,allon,6,2,priority,oldest,-300,300,90,40,0.25,1,3d,default,nonlooping,,1,0,0,0,0,0.25,no,no,none,0,,no,,,yes,no,no,0,0,yes,no,,0,,no,no,no
wpn_mc96_fire_npc_dist,raw\sound\wpn\dist_guns\pis\wpn_pistol_dist_02.LN65.pc.snd.wav.wav,wpn_mc96_LFE_npc,loaded,bus_fx,grp_weapon,snp_wpn_3p,,80,0,81,81,900,6000,12500,sindelay,default,sindelay,allon,6,2,priority,oldest,-300,300,90,40,0.25,1,3d,default,nonlooping,,1,0,0,0,0,0.25,no,no,none,0,,no,,,yes,no,no,0,0,yes,no,,0,,no,no,no
wpn_mc96_fire_plr,raw\sound\wpn\pistol\mauser\shot\wpn_mauser_fire.LN65.pc.snd.wav.wav,wpn_mc96_LFE,loaded,bus_fx,grp_weapon,snp_wpn_1p,,65,0,93,93,0,5000,5000,allon,default,allon,default,2,8,oldest,oldest,-25,25,90,90,0.25,1,2d,default,nonlooping,volume,1,0,0,0,0,0.25,no,no,none,0,,no,,,yes,no,no,0,0,yes,no,,0,,no,no,no
wpn_mc96_fire_plr_decay,raw\sound\wpn\pistol\decay\ext\wpn_pistol_decay_ext.LN65.pc.snd.wav.wav,,loaded,bus_fx,grp_weapon,snp_wpn_1p,,65,0,80,80,0,5000,5000,allon,default,allon,default,3,8,oldest,oldest,-50,50,90,90,0.25,1,2d,default,nonlooping,volume,1,0,0,0,0,0.25,no,no,none,0,,no,ringoff_plr,outdoor,yes,no,no,0,0,yes,no,,0,,no,no,no
wpn_mc96_fire_plr_decay,raw\sound\wpn\pistol\decay\int\wpn_pistol_decay_int.LN65.pc.snd.wav.wav,,loaded,bus_fx,grp_weapon,snp_wpn_1p,,65,0,80,80,0,5000,5000,allon,default,allon,default,3,8,oldest,oldest,-50,50,90,90,0.25,1,2d,default,nonlooping,volume,1,0,0,0,0,0.25,no,no,none,0,,no,ringoff_plr,indoor,yes,no,no,0,0,yes,no,,0,,no,no,no
wpn_mc96_LFE,raw\sound\wpn\smg\mp7\plr\lfe\wpn_mp7_fire_lfe.LN65.pc.snd.wav.wav,wpn_mc96_fire_plr_decay,loaded,bus_hdrfx,grp_wpn_lfe,snp_wpn_1p,,0,0,86,86,0,5000,5000,allon,default,allon,default,2,2,priority,oldest,0,0,85,90,0.25,1,2d,default,nonlooping,volume,1,0,0,0,0,0.25,no,no,none,0,,no,,,no,no,no,0,0,yes,no,,0,,no,no,no
wpn_mc96_LFE_npc,raw\sound\wpn\smg\mp7\plr\lfe\wpn_mp7_fire_lfe.LN65.pc.snd.wav.wav,wpn_mc96_fire_npc_decay,loaded,bus_hdrfx,grp_wpn_lfe,snp_wpn_3p,,0,0,81,81,25,225,225,allon,default,allon,default,3,2,priority,oldest,0,0,40,90,0.25,0.75,3d,default,nonlooping,volume,1,0,0,0,0,0.25,no,no,none,0,,no,,,no,no,no,0,0,yes,no,,0,,no,no,no
wpn_ak47_qolflux_l_npc_pap,raw\sound\wpn\pap\pap_flux_left.LN65.pc.snd.wav,wpn_ak47_qolflux_r_npc_pap,loaded,bus_fx,grp_weapon,snp_wpn_3p,,84,0,75,75,25,900,900,allon,default,allon,default,8,4,priority,priority,-34,34,85,90,0.25,1,3d,default,nonlooping,pitch,1,0,0,0,0,0.25,no,no,left_shot,4000,,no,,,yes,no,no,0,0,yes,no,,0,,no,no,no
wpn_ak47_qolflux_r_npc_pap,raw\sound\wpn\pap\pap_flux_right.LN65.pc.snd.wav,wpn_ak47_fire_npc,loaded,bus_fx,grp_weapon,snp_wpn_3p,,84,0,75,75,25,900,900,allon,default,allon,default,8,4,priority,priority,-34,34,85,90,0.25,1,3d,default,nonlooping,pitch,1,0,0,0,0,0.25,no,no,right_shot,4000,,no,,,yes,no,no,0,0,yes,no,,0,,no,no,no
wpn_ak47_qolflux_l_plr_pap,raw\sound\wpn\pap\pap_flux_left.LN65.pc.snd.wav,wpn_ak47_qolflux_r_plr_pap,loaded,bus_fx,grp_weapon,snp_wpn_3p,,84,0,75,75,25,900,900,allon,default,allon,default,8,4,priority,priority,-34,34,85,90,0.25,1,3d,default,nonlooping,pitch,1,0,0,0,0,0.25,no,no,left_shot,4000,,no,,,yes,no,no,0,0,yes,no,,0,,no,no,no
wpn_ak47_qolflux_r_plr_pap,raw\sound\wpn\pap\pap_flux_right.LN65.pc.snd.wav,wpn_ak47_fire_plr,loaded,bus_fx,grp_weapon,snp_wpn_3p,,84,0,75,75,25,900,900,allon,default,allon,default,8,4,priority,priority,-34,34,85,90,0.25,1,3d,default,nonlooping,pitch,1,0,0,0,0,0.25,no,no,right_shot,4000,,no,,,yes,no,no,0,0,yes,no,,0,,no,no,no
wpn_an94_qolflux_l_npc_pap,raw\sound\wpn\pap\pap_flux_left.LN65.pc.snd.wav,wpn_an94_qolflux_r_npc_pap,loaded,bus_fx,grp_weapon,snp_wpn_3p,,84,0,75,75,25,900,900,allon,default,allon,default,8,4,priority,priority,-34,34,85,90,0.25,1,3d,default,nonlooping,pitch,1,0,0,0,0,0.25,no,no,left_shot,4000,,no,,,yes,no,no,0,0,yes,no,,0,,no,no,no
wpn_an94_qolflux_r_npc_pap,raw\sound\wpn\pap\pap_flux_right.LN65.pc.snd.wav,wpn_an94_fire_npc,loaded,bus_fx,grp_weapon,snp_wpn_3p,,84,0,75,75,25,900,900,allon,default,allon,default,8,4,priority,priority,-34,34,85,90,0.25,1,3d,default,nonlooping,pitch,1,0,0,0,0,0.25,no,no,right_shot,4000,,no,,,yes,no,no,0,0,yes,no,,0,,no,no,no
wpn_an94_qolflux_l_plr_pap,raw\sound\wpn\pap\pap_flux_left.LN65.pc.snd.wav,wpn_an94_qolflux_r_plr_pap,loaded,bus_fx,grp_weapon,snp_wpn_3p,,84,0,75,75,25,900,900,allon,default,allon,default,8,4,priority,priority,-34,34,85,90,0.25,1,3d,default,nonlooping,pitch,1,0,0,0,0,0.25,no,no,left_shot,4000,,no,,,yes,no,no,0,0,yes,no,,0,,no,no,no
wpn_an94_qolflux_r_plr_pap,raw\sound\wpn\pap\pap_flux_right.LN65.pc.snd.wav,wpn_an94_fire_plr,loaded,bus_fx,grp_weapon,snp_wpn_3p,,84,0,75,75,25,900,900,allon,default,allon,default,8,4,priority,priority,-34,34,85,90,0.25,1,3d,default,nonlooping,pitch,1,0,0,0,0,0.25,no,no,right_shot,4000,,no,,,yes,no,no,0,0,yes,no,,0,,no,no,no
wpn_as50qol_qolflux_l_npc_pap,raw\sound\wpn\pap\pap_flux_left.LN65.pc.snd.wav,wpn_as50qol_qolflux_r_npc_pap,loaded,bus_fx,grp_weapon,snp_wpn_3p,,84,0,75,75,25,900,900,allon,default,allon,default,8,4,priority,priority,-34,34,85,90,0.25,1,3d,default,nonlooping,pitch,1,0,0,0,0,0.25,no,no,left_shot,4000,,no,,,yes,no,no,0,0,yes,no,,0,,no,no,no
wpn_as50qol_qolflux_r_npc_pap,raw\sound\wpn\pap\pap_flux_right.LN65.pc.snd.wav,wpn_as50qol_fire_npc,loaded,bus_fx,grp_weapon,snp_wpn_3p,,84,0,75,75,25,900,900,allon,default,allon,default,8,4,priority,priority,-34,34,85,90,0.25,1,3d,default,nonlooping,pitch,1,0,0,0,0,0.25,no,no,right_shot,4000,,no,,,yes,no,no,0,0,yes,no,,0,,no,no,no
wpn_as50qol_qolflux_l_plr_pap,raw\sound\wpn\pap\pap_flux_left.LN65.pc.snd.wav,wpn_as50qol_qolflux_r_plr_pap,loaded,bus_fx,grp_weapon,snp_wpn_3p,,84,0,75,75,25,900,900,allon,default,allon,default,8,4,priority,priority,-34,34,85,90,0.25,1,3d,default,nonlooping,pitch,1,0,0,0,0,0.25,no,no,left_shot,4000,,no,,,yes,no,no,0,0,yes,no,,0,,no,no,no
wpn_as50qol_qolflux_r_plr_pap,raw\sound\wpn\pap\pap_flux_right.LN65.pc.snd.wav,wpn_as50qol_fire_plr,loaded,bus_fx,grp_weapon,snp_wpn_3p,,84,0,75,75,25,900,900,allon,default,allon,default,8,4,priority,priority,-34,34,85,90,0.25,1,3d,default,nonlooping,pitch,1,0,0,0,0,0.25,no,no,right_shot,4000,,no,,,yes,no,no,0,0,yes,no,,0,,no,no,no
wpn_barrettm82qol_qolflux_l_npc_pap,raw\sound\wpn\pap\pap_flux_left.LN65.pc.snd.wav,wpn_barrettm82qol_qolflux_r_npc_pap,loaded,bus_fx,grp_weapon,snp_wpn_3p,,84,0,75,75,25,900,900,allon,default,allon,default,8,4,priority,priority,-34,34,85,90,0.25,1,3d,default,nonlooping,pitch,1,0,0,0,0,0.25,no,no,left_shot,4000,,no,,,yes,no,no,0,0,yes,no,,0,,no,no,no
wpn_barrettm82qol_qolflux_r_npc_pap,raw\sound\wpn\pap\pap_flux_right.LN65.pc.snd.wav,wpn_barrettm82qol_fire_npc,loaded,bus_fx,grp_weapon,snp_wpn_3p,,84,0,75,75,25,900,900,allon,default,allon,default,8,4,priority,priority,-34,34,85,90,0.25,1,3d,default,nonlooping,pitch,1,0,0,0,0,0.25,no,no,right_shot,4000,,no,,,yes,no,no,0,0,yes,no,,0,,no,no,no
wpn_barrettm82qol_qolflux_l_plr_pap,raw\sound\wpn\pap\pap_flux_left.LN65.pc.snd.wav,wpn_barrettm82qol_qolflux_r_plr_pap,loaded,bus_fx,grp_weapon,snp_wpn_3p,,84,0,75,75,25,900,900,allon,default,allon,default,8,4,priority,priority,-34,34,85,90,0.25,1,3d,default,nonlooping,pitch,1,0,0,0,0,0.25,no,no,left_shot,4000,,no,,,yes,no,no,0,0,yes,no,,0,,no,no,no
wpn_barrettm82qol_qolflux_r_plr_pap,raw\sound\wpn\pap\pap_flux_right.LN65.pc.snd.wav,wpn_barrettm82qol_fire_plr,loaded,bus_fx,grp_weapon,snp_wpn_3p,,84,0,75,75,25,900,900,allon,default,allon,default,8,4,priority,priority,-34,34,85,90,0.25,1,3d,default,nonlooping,pitch,1,0,0,0,0,0.25,no,no,right_shot,4000,,no,,,yes,no,no,0,0,yes,no,,0,,no,no,no
wpn_evoskorpion_qolflux_l_npc_pap,raw\sound\wpn\pap\pap_flux_left.LN65.pc.snd.wav,wpn_evoskorpion_qolflux_r_npc_pap,loaded,bus_fx,grp_weapon,snp_wpn_3p,,84,0,75,75,25,900,900,allon,default,allon,default,8,4,priority,priority,-34,34,85,90,0.25,1,3d,default,nonlooping,pitch,1,0,0,0,0,0.25,no,no,left_shot,4000,,no,,,yes,no,no,0,0,yes,no,,0,,no,no,no
wpn_evoskorpion_qolflux_r_npc_pap,raw\sound\wpn\pap\pap_flux_right.LN65.pc.snd.wav,wpn_evoskorpion_fire_npc,loaded,bus_fx,grp_weapon,snp_wpn_3p,,84,0,75,75,25,900,900,allon,default,allon,default,8,4,priority,priority,-34,34,85,90,0.25,1,3d,default,nonlooping,pitch,1,0,0,0,0,0.25,no,no,right_shot,4000,,no,,,yes,no,no,0,0,yes,no,,0,,no,no,no
wpn_evoskorpion_qolflux_l_plr_pap,raw\sound\wpn\pap\pap_flux_left.LN65.pc.snd.wav,wpn_evoskorpion_qolflux_r_plr_pap,loaded,bus_fx,grp_weapon,snp_wpn_3p,,84,0,75,75,25,900,900,allon,default,allon,default,8,4,priority,priority,-34,34,85,90,0.25,1,3d,default,nonlooping,pitch,1,0,0,0,0,0.25,no,no,left_shot,4000,,no,,,yes,no,no,0,0,yes,no,,0,,no,no,no
wpn_evoskorpion_qolflux_r_plr_pap,raw\sound\wpn\pap\pap_flux_right.LN65.pc.snd.wav,wpn_evoskorpion_fire_plr,loaded,bus_fx,grp_weapon,snp_wpn_3p,,84,0,75,75,25,900,900,allon,default,allon,default,8,4,priority,priority,-34,34,85,90,0.25,1,3d,default,nonlooping,pitch,1,0,0,0,0,0.25,no,no,right_shot,4000,,no,,,yes,no,no,0,0,yes,no,,0,,no,no,no
wpn_hk416_qolflux_l_npc_pap,raw\sound\wpn\pap\pap_flux_left.LN65.pc.snd.wav,wpn_hk416_qolflux_r_npc_pap,loaded,bus_fx,grp_weapon,snp_wpn_3p,,84,0,75,75,25,900,900,allon,default,allon,default,8,4,priority,priority,-34,34,85,90,0.25,1,3d,default,nonlooping,pitch,1,0,0,0,0,0.25,no,no,left_shot,4000,,no,,,yes,no,no,0,0,yes,no,,0,,no,no,no
wpn_hk416_qolflux_r_npc_pap,raw\sound\wpn\pap\pap_flux_right.LN65.pc.snd.wav,wpn_hk416_fire_npc,loaded,bus_fx,grp_weapon,snp_wpn_3p,,84,0,75,75,25,900,900,allon,default,allon,default,8,4,priority,priority,-34,34,85,90,0.25,1,3d,default,nonlooping,pitch,1,0,0,0,0,0.25,no,no,right_shot,4000,,no,,,yes,no,no,0,0,yes,no,,0,,no,no,no
wpn_hk416_qolflux_l_plr_pap,raw\sound\wpn\pap\pap_flux_left.LN65.pc.snd.wav,wpn_hk416_qolflux_r_plr_pap,loaded,bus_fx,grp_weapon,snp_wpn_3p,,84,0,75,75,25,900,900,allon,default,allon,default,8,4,priority,priority,-34,34,85,90,0.25,1,3d,default,nonlooping,pitch,1,0,0,0,0,0.25,no,no,left_shot,4000,,no,,,yes,no,no,0,0,yes,no,,0,,no,no,no
wpn_hk416_qolflux_r_plr_pap,raw\sound\wpn\pap\pap_flux_right.LN65.pc.snd.wav,wpn_hk416_fire_plr,loaded,bus_fx,grp_weapon,snp_wpn_3p,,84,0,75,75,25,900,900,allon,default,allon,default,8,4,priority,priority,-34,34,85,90,0.25,1,3d,default,nonlooping,pitch,1,0,0,0,0,0.25,no,no,right_shot,4000,,no,,,yes,no,no,0,0,yes,no,,0,,no,no,no
wpn_insas_qolflux_l_npc_pap,raw\sound\wpn\pap\pap_flux_left.LN65.pc.snd.wav,wpn_insas_qolflux_r_npc_pap,loaded,bus_fx,grp_weapon,snp_wpn_3p,,84,0,75,75,25,900,900,allon,default,allon,default,8,4,priority,priority,-34,34,85,90,0.25,1,3d,default,nonlooping,pitch,1,0,0,0,0,0.25,no,no,left_shot,4000,,no,,,yes,no,no,0,0,yes,no,,0,,no,no,no
wpn_insas_qolflux_r_npc_pap,raw\sound\wpn\pap\pap_flux_right.LN65.pc.snd.wav,wpn_insas_fire_npc,loaded,bus_fx,grp_weapon,snp_wpn_3p,,84,0,75,75,25,900,900,allon,default,allon,default,8,4,priority,priority,-34,34,85,90,0.25,1,3d,default,nonlooping,pitch,1,0,0,0,0,0.25,no,no,right_shot,4000,,no,,,yes,no,no,0,0,yes,no,,0,,no,no,no
wpn_insas_qolflux_l_plr_pap,raw\sound\wpn\pap\pap_flux_left.LN65.pc.snd.wav,wpn_insas_qolflux_r_plr_pap,loaded,bus_fx,grp_weapon,snp_wpn_3p,,84,0,75,75,25,900,900,allon,default,allon,default,8,4,priority,priority,-34,34,85,90,0.25,1,3d,default,nonlooping,pitch,1,0,0,0,0,0.25,no,no,left_shot,4000,,no,,,yes,no,no,0,0,yes,no,,0,,no,no,no
wpn_insas_qolflux_r_plr_pap,raw\sound\wpn\pap\pap_flux_right.LN65.pc.snd.wav,wpn_insas_fire_plr,loaded,bus_fx,grp_weapon,snp_wpn_3p,,84,0,75,75,25,900,900,allon,default,allon,default,8,4,priority,priority,-34,34,85,90,0.25,1,3d,default,nonlooping,pitch,1,0,0,0,0,0.25,no,no,right_shot,4000,,no,,,yes,no,no,0,0,yes,no,,0,,no,no,no
wpn_judgeqol_qolflux_l_npc_pap,raw\sound\wpn\pap\pap_flux_left.LN65.pc.snd.wav,wpn_judgeqol_qolflux_r_npc_pap,loaded,bus_fx,grp_weapon,snp_wpn_3p,,84,0,75,75,25,900,900,allon,default,allon,default,8,4,priority,priority,-34,34,85,90,0.25,1,3d,default,nonlooping,pitch,1,0,0,0,0,0.25,no,no,left_shot,4000,,no,,,yes,no,no,0,0,yes,no,,0,,no,no,no
wpn_judgeqol_qolflux_r_npc_pap,raw\sound\wpn\pap\pap_flux_right.LN65.pc.snd.wav,wpn_judgeqol_fire_npc,loaded,bus_fx,grp_weapon,snp_wpn_3p,,84,0,75,75,25,900,900,allon,default,allon,default,8,4,priority,priority,-34,34,85,90,0.25,1,3d,default,nonlooping,pitch,1,0,0,0,0,0.25,no,no,right_shot,4000,,no,,,yes,no,no,0,0,yes,no,,0,,no,no,no
wpn_judgeqol_qolflux_l_plr_pap,raw\sound\wpn\pap\pap_flux_left.LN65.pc.snd.wav,wpn_judgeqol_qolflux_r_plr_pap,loaded,bus_fx,grp_weapon,snp_wpn_3p,,84,0,75,75,25,900,900,allon,default,allon,default,8,4,priority,priority,-34,34,85,90,0.25,1,3d,default,nonlooping,pitch,1,0,0,0,0,0.25,no,no,left_shot,4000,,no,,,yes,no,no,0,0,yes,no,,0,,no,no,no
wpn_judgeqol_qolflux_r_plr_pap,raw\sound\wpn\pap\pap_flux_right.LN65.pc.snd.wav,wpn_judgeqol_fire_plr,loaded,bus_fx,grp_weapon,snp_wpn_3p,,84,0,75,75,25,900,900,allon,default,allon,default,8,4,priority,priority,-34,34,85,90,0.25,1,3d,default,nonlooping,pitch,1,0,0,0,0,0.25,no,no,right_shot,4000,,no,,,yes,no,no,0,0,yes,no,,0,,no,no,no
wpn_ksg_qolflux_l_npc_pap,raw\sound\wpn\pap\pap_flux_left.LN65.pc.snd.wav,wpn_ksg_qolflux_r_npc_pap,loaded,bus_fx,grp_weapon,snp_wpn_3p,,84,0,75,75,25,900,900,allon,default,allon,default,8,4,priority,priority,-34,34,85,90,0.25,1,3d,default,nonlooping,pitch,1,0,0,0,0,0.25,no,no,left_shot,4000,,no,,,yes,no,no,0,0,yes,no,,0,,no,no,no
wpn_ksg_qolflux_r_npc_pap,raw\sound\wpn\pap\pap_flux_right.LN65.pc.snd.wav,wpn_ksg_fire_npc,loaded,bus_fx,grp_weapon,snp_wpn_3p,,84,0,75,75,25,900,900,allon,default,allon,default,8,4,priority,priority,-34,34,85,90,0.25,1,3d,default,nonlooping,pitch,1,0,0,0,0,0.25,no,no,right_shot,4000,,no,,,yes,no,no,0,0,yes,no,,0,,no,no,no
wpn_ksg_qolflux_l_plr_pap,raw\sound\wpn\pap\pap_flux_left.LN65.pc.snd.wav,wpn_ksg_qolflux_r_plr_pap,loaded,bus_fx,grp_weapon,snp_wpn_3p,,84,0,75,75,25,900,900,allon,default,allon,default,8,4,priority,priority,-34,34,85,90,0.25,1,3d,default,nonlooping,pitch,1,0,0,0,0,0.25,no,no,left_shot,4000,,no,,,yes,no,no,0,0,yes,no,,0,,no,no,no
wpn_ksg_qolflux_r_plr_pap,raw\sound\wpn\pap\pap_flux_right.LN65.pc.snd.wav,wpn_ksg_fire_plr,loaded,bus_fx,grp_weapon,snp_wpn_3p,,84,0,75,75,25,900,900,allon,default,allon,default,8,4,priority,priority,-34,34,85,90,0.25,1,3d,default,nonlooping,pitch,1,0,0,0,0,0.25,no,no,right_shot,4000,,no,,,yes,no,no,0,0,yes,no,,0,,no,no,no
wpn_lsat_qolflux_l_npc_pap,raw\sound\wpn\pap\pap_flux_left.LN65.pc.snd.wav,wpn_lsat_qolflux_r_npc_pap,loaded,bus_fx,grp_weapon,snp_wpn_3p,,84,0,75,75,25,900,900,allon,default,allon,default,8,4,priority,priority,-34,34,85,90,0.25,1,3d,default,nonlooping,pitch,1,0,0,0,0,0.25,no,no,left_shot,4000,,no,,,yes,no,no,0,0,yes,no,,0,,no,no,no
wpn_lsat_qolflux_r_npc_pap,raw\sound\wpn\pap\pap_flux_right.LN65.pc.snd.wav,wpn_lsat_fire_npc,loaded,bus_fx,grp_weapon,snp_wpn_3p,,84,0,75,75,25,900,900,allon,default,allon,default,8,4,priority,priority,-34,34,85,90,0.25,1,3d,default,nonlooping,pitch,1,0,0,0,0,0.25,no,no,right_shot,4000,,no,,,yes,no,no,0,0,yes,no,,0,,no,no,no
wpn_lsat_qolflux_l_plr_pap,raw\sound\wpn\pap\pap_flux_left.LN65.pc.snd.wav,wpn_lsat_qolflux_r_plr_pap,loaded,bus_fx,grp_weapon,snp_wpn_3p,,84,0,75,75,25,900,900,allon,default,allon,default,8,4,priority,priority,-34,34,85,90,0.25,1,3d,default,nonlooping,pitch,1,0,0,0,0,0.25,no,no,left_shot,4000,,no,,,yes,no,no,0,0,yes,no,,0,,no,no,no
wpn_lsat_qolflux_r_plr_pap,raw\sound\wpn\pap\pap_flux_right.LN65.pc.snd.wav,wpn_lsat_fire_plr,loaded,bus_fx,grp_weapon,snp_wpn_3p,,84,0,75,75,25,900,900,allon,default,allon,default,8,4,priority,priority,-34,34,85,90,0.25,1,3d,default,nonlooping,pitch,1,0,0,0,0,0.25,no,no,right_shot,4000,,no,,,yes,no,no,0,0,yes,no,,0,,no,no,no
wpn_m16qol_qolflux_l_npc_pap,raw\sound\wpn\pap\pap_flux_left.LN65.pc.snd.wav,wpn_m16qol_qolflux_r_npc_pap,loaded,bus_fx,grp_weapon,snp_wpn_3p,,84,0,75,75,25,900,900,allon,default,allon,default,8,4,priority,priority,-34,34,85,90,0.25,1,3d,default,nonlooping,pitch,1,0,0,0,0,0.25,no,no,left_shot,4000,,no,,,yes,no,no,0,0,yes,no,,0,,no,no,no
wpn_m16qol_qolflux_r_npc_pap,raw\sound\wpn\pap\pap_flux_right.LN65.pc.snd.wav,wpn_m16qol_fire_npc,loaded,bus_fx,grp_weapon,snp_wpn_3p,,84,0,75,75,25,900,900,allon,default,allon,default,8,4,priority,priority,-34,34,85,90,0.25,1,3d,default,nonlooping,pitch,1,0,0,0,0,0.25,no,no,right_shot,4000,,no,,,yes,no,no,0,0,yes,no,,0,,no,no,no
wpn_m16qol_qolflux_l_plr_pap,raw\sound\wpn\pap\pap_flux_left.LN65.pc.snd.wav,wpn_m16qol_qolflux_r_plr_pap,loaded,bus_fx,grp_weapon,snp_wpn_3p,,84,0,75,75,25,900,900,allon,default,allon,default,8,4,priority,priority,-34,34,85,90,0.25,1,3d,default,nonlooping,pitch,1,0,0,0,0,0.25,no,no,left_shot,4000,,no,,,yes,no,no,0,0,yes,no,,0,,no,no,no
wpn_m16qol_qolflux_r_plr_pap,raw\sound\wpn\pap\pap_flux_right.LN65.pc.snd.wav,wpn_m16qol_fire_plr,loaded,bus_fx,grp_weapon,snp_wpn_3p,,84,0,75,75,25,900,900,allon,default,allon,default,8,4,priority,priority,-34,34,85,90,0.25,1,3d,default,nonlooping,pitch,1,0,0,0,0,0.25,no,no,right_shot,4000,,no,,,yes,no,no,0,0,yes,no,,0,,no,no,no
wpn_mg08_qolflux_l_npc_pap,raw\sound\wpn\pap\pap_flux_left.LN65.pc.snd.wav,wpn_mg08_qolflux_r_npc_pap,loaded,bus_fx,grp_weapon,snp_wpn_3p,,84,0,75,75,25,900,900,allon,default,allon,default,8,4,priority,priority,-34,34,85,90,0.25,1,3d,default,nonlooping,pitch,1,0,0,0,0,0.25,no,no,left_shot,4000,,no,,,yes,no,no,0,0,yes,no,,0,,no,no,no
wpn_mg08_qolflux_r_npc_pap,raw\sound\wpn\pap\pap_flux_right.LN65.pc.snd.wav,wpn_mg08_fire_npc,loaded,bus_fx,grp_weapon,snp_wpn_3p,,84,0,75,75,25,900,900,allon,default,allon,default,8,4,priority,priority,-34,34,85,90,0.25,1,3d,default,nonlooping,pitch,1,0,0,0,0,0.25,no,no,right_shot,4000,,no,,,yes,no,no,0,0,yes,no,,0,,no,no,no
wpn_mg08_qolflux_l_plr_pap,raw\sound\wpn\pap\pap_flux_left.LN65.pc.snd.wav,wpn_mg08_qolflux_r_plr_pap,loaded,bus_fx,grp_weapon,snp_wpn_3p,,84,0,75,75,25,900,900,allon,default,allon,default,8,4,priority,priority,-34,34,85,90,0.25,1,3d,default,nonlooping,pitch,1,0,0,0,0,0.25,no,no,left_shot,4000,,no,,,yes,no,no,0,0,yes,no,,0,,no,no,no
wpn_mg08_qolflux_r_plr_pap,raw\sound\wpn\pap\pap_flux_right.LN65.pc.snd.wav,wpn_mg08_fire_plr,loaded,bus_fx,grp_weapon,snp_wpn_3p,,84,0,75,75,25,900,900,allon,default,allon,default,8,4,priority,priority,-34,34,85,90,0.25,1,3d,default,nonlooping,pitch,1,0,0,0,0,0.25,no,no,right_shot,4000,,no,,,yes,no,no,0,0,yes,no,,0,,no,no,no
wpn_mk48_qolflux_l_npc_pap,raw\sound\wpn\pap\pap_flux_left.LN65.pc.snd.wav,wpn_mk48_qolflux_r_npc_pap,loaded,bus_fx,grp_weapon,snp_wpn_3p,,84,0,75,75,25,900,900,allon,default,allon,default,8,4,priority,priority,-34,34,85,90,0.25,1,3d,default,nonlooping,pitch,1,0,0,0,0,0.25,no,no,left_shot,4000,,no,,,yes,no,no,0,0,yes,no,,0,,no,no,no
wpn_mk48_qolflux_r_npc_pap,raw\sound\wpn\pap\pap_flux_right.LN65.pc.snd.wav,wpn_mk48_fire_npc,loaded,bus_fx,grp_weapon,snp_wpn_3p,,84,0,75,75,25,900,900,allon,default,allon,default,8,4,priority,priority,-34,34,85,90,0.25,1,3d,default,nonlooping,pitch,1,0,0,0,0,0.25,no,no,right_shot,4000,,no,,,yes,no,no,0,0,yes,no,,0,,no,no,no
wpn_mk48_qolflux_l_plr_pap,raw\sound\wpn\pap\pap_flux_left.LN65.pc.snd.wav,wpn_mk48_qolflux_r_plr_pap,loaded,bus_fx,grp_weapon,snp_wpn_3p,,84,0,75,75,25,900,900,allon,default,allon,default,8,4,priority,priority,-34,34,85,90,0.25,1,3d,default,nonlooping,pitch,1,0,0,0,0,0.25,no,no,left_shot,4000,,no,,,yes,no,no,0,0,yes,no,,0,,no,no,no
wpn_mk48_qolflux_r_plr_pap,raw\sound\wpn\pap\pap_flux_right.LN65.pc.snd.wav,wpn_mk48_fire_plr,loaded,bus_fx,grp_weapon,snp_wpn_3p,,84,0,75,75,25,900,900,allon,default,allon,default,8,4,priority,priority,-34,34,85,90,0.25,1,3d,default,nonlooping,pitch,1,0,0,0,0,0.25,no,no,right_shot,4000,,no,,,yes,no,no,0,0,yes,no,,0,,no,no,no
wpn_mp40_qolflux_l_npc_pap,raw\sound\wpn\pap\pap_flux_left.LN65.pc.snd.wav,wpn_mp40_qolflux_r_npc_pap,loaded,bus_fx,grp_weapon,snp_wpn_3p,,84,0,75,75,25,900,900,allon,default,allon,default,8,4,priority,priority,-34,34,85,90,0.25,1,3d,default,nonlooping,pitch,1,0,0,0,0,0.25,no,no,left_shot,4000,,no,,,yes,no,no,0,0,yes,no,,0,,no,no,no
wpn_mp40_qolflux_r_npc_pap,raw\sound\wpn\pap\pap_flux_right.LN65.pc.snd.wav,wpn_mp40_fire_npc,loaded,bus_fx,grp_weapon,snp_wpn_3p,,84,0,75,75,25,900,900,allon,default,allon,default,8,4,priority,priority,-34,34,85,90,0.25,1,3d,default,nonlooping,pitch,1,0,0,0,0,0.25,no,no,right_shot,4000,,no,,,yes,no,no,0,0,yes,no,,0,,no,no,no
wpn_mp40_qolflux_l_plr_pap,raw\sound\wpn\pap\pap_flux_left.LN65.pc.snd.wav,wpn_mp40_qolflux_r_plr_pap,loaded,bus_fx,grp_weapon,snp_wpn_3p,,84,0,75,75,25,900,900,allon,default,allon,default,8,4,priority,priority,-34,34,85,90,0.25,1,3d,default,nonlooping,pitch,1,0,0,0,0,0.25,no,no,left_shot,4000,,no,,,yes,no,no,0,0,yes,no,,0,,no,no,no
wpn_mp40_qolflux_r_plr_pap,raw\sound\wpn\pap\pap_flux_right.LN65.pc.snd.wav,wpn_mp40_fire_plr,loaded,bus_fx,grp_weapon,snp_wpn_3p,,84,0,75,75,25,900,900,allon,default,allon,default,8,4,priority,priority,-34,34,85,90,0.25,1,3d,default,nonlooping,pitch,1,0,0,0,0,0.25,no,no,right_shot,4000,,no,,,yes,no,no,0,0,yes,no,,0,,no,no,no
wpn_mp7_qolflux_l_npc_pap,raw\sound\wpn\pap\pap_flux_left.LN65.pc.snd.wav,wpn_mp7_qolflux_r_npc_pap,loaded,bus_fx,grp_weapon,snp_wpn_3p,,84,0,75,75,25,900,900,allon,default,allon,default,8,4,priority,priority,-34,34,85,90,0.25,1,3d,default,nonlooping,pitch,1,0,0,0,0,0.25,no,no,left_shot,4000,,no,,,yes,no,no,0,0,yes,no,,0,,no,no,no
wpn_mp7_qolflux_r_npc_pap,raw\sound\wpn\pap\pap_flux_right.LN65.pc.snd.wav,wpn_mp7_fire_npc,loaded,bus_fx,grp_weapon,snp_wpn_3p,,84,0,75,75,25,900,900,allon,default,allon,default,8,4,priority,priority,-34,34,85,90,0.25,1,3d,default,nonlooping,pitch,1,0,0,0,0,0.25,no,no,right_shot,4000,,no,,,yes,no,no,0,0,yes,no,,0,,no,no,no
wpn_mp7_qolflux_l_plr_pap,raw\sound\wpn\pap\pap_flux_left.LN65.pc.snd.wav,wpn_mp7_qolflux_r_plr_pap,loaded,bus_fx,grp_weapon,snp_wpn_3p,,84,0,75,75,25,900,900,allon,default,allon,default,8,4,priority,priority,-34,34,85,90,0.25,1,3d,default,nonlooping,pitch,1,0,0,0,0,0.25,no,no,left_shot,4000,,no,,,yes,no,no,0,0,yes,no,,0,,no,no,no
wpn_mp7_qolflux_r_plr_pap,raw\sound\wpn\pap\pap_flux_right.LN65.pc.snd.wav,wpn_mp7_fire_plr,loaded,bus_fx,grp_weapon,snp_wpn_3p,,84,0,75,75,25,900,900,allon,default,allon,default,8,4,priority,priority,-34,34,85,90,0.25,1,3d,default,nonlooping,pitch,1,0,0,0,0,0.25,no,no,right_shot,4000,,no,,,yes,no,no,0,0,yes,no,,0,,no,no,no
wpn_pdw57_qolflux_l_npc_pap,raw\sound\wpn\pap\pap_flux_left.LN65.pc.snd.wav,wpn_pdw57_qolflux_r_npc_pap,loaded,bus_fx,grp_weapon,snp_wpn_3p,,84,0,75,75,25,900,900,allon,default,allon,default,8,4,priority,priority,-34,34,85,90,0.25,1,3d,default,nonlooping,pitch,1,0,0,0,0,0.25,no,no,left_shot,4000,,no,,,yes,no,no,0,0,yes,no,,0,,no,no,no
wpn_pdw57_qolflux_r_npc_pap,raw\sound\wpn\pap\pap_flux_right.LN65.pc.snd.wav,wpn_pdw57_fire_npc,loaded,bus_fx,grp_weapon,snp_wpn_3p,,84,0,75,75,25,900,900,allon,default,allon,default,8,4,priority,priority,-34,34,85,90,0.25,1,3d,default,nonlooping,pitch,1,0,0,0,0,0.25,no,no,right_shot,4000,,no,,,yes,no,no,0,0,yes,no,,0,,no,no,no
wpn_pdw57_qolflux_l_plr_pap,raw\sound\wpn\pap\pap_flux_left.LN65.pc.snd.wav,wpn_pdw57_qolflux_r_plr_pap,loaded,bus_fx,grp_weapon,snp_wpn_3p,,84,0,75,75,25,900,900,allon,default,allon,default,8,4,priority,priority,-34,34,85,90,0.25,1,3d,default,nonlooping,pitch,1,0,0,0,0,0.25,no,no,left_shot,4000,,no,,,yes,no,no,0,0,yes,no,,0,,no,no,no
wpn_pdw57_qolflux_r_plr_pap,raw\sound\wpn\pap\pap_flux_right.LN65.pc.snd.wav,wpn_pdw57_fire_plr,loaded,bus_fx,grp_weapon,snp_wpn_3p,,84,0,75,75,25,900,900,allon,default,allon,default,8,4,priority,priority,-34,34,85,90,0.25,1,3d,default,nonlooping,pitch,1,0,0,0,0,0.25,no,no,right_shot,4000,,no,,,yes,no,no,0,0,yes,no,,0,,no,no,no
wpn_peacekeeper_qolflux_l_npc_pap,raw\sound\wpn\pap\pap_flux_left.LN65.pc.snd.wav,wpn_peacekeeper_qolflux_r_npc_pap,loaded,bus_fx,grp_weapon,snp_wpn_3p,,84,0,75,75,25,900,900,allon,default,allon,default,8,4,priority,priority,-34,34,85,90,0.25,1,3d,default,nonlooping,pitch,1,0,0,0,0,0.25,no,no,left_shot,4000,,no,,,yes,no,no,0,0,yes,no,,0,,no,no,no
wpn_peacekeeper_qolflux_r_npc_pap,raw\sound\wpn\pap\pap_flux_right.LN65.pc.snd.wav,wpn_peacekeeper_fire_npc,loaded,bus_fx,grp_weapon,snp_wpn_3p,,84,0,75,75,25,900,900,allon,default,allon,default,8,4,priority,priority,-34,34,85,90,0.25,1,3d,default,nonlooping,pitch,1,0,0,0,0,0.25,no,no,right_shot,4000,,no,,,yes,no,no,0,0,yes,no,,0,,no,no,no
wpn_peacekeeper_qolflux_l_plr_pap,raw\sound\wpn\pap\pap_flux_left.LN65.pc.snd.wav,wpn_peacekeeper_qolflux_r_plr_pap,loaded,bus_fx,grp_weapon,snp_wpn_3p,,84,0,75,75,25,900,900,allon,default,allon,default,8,4,priority,priority,-34,34,85,90,0.25,1,3d,default,nonlooping,pitch,1,0,0,0,0,0.25,no,no,left_shot,4000,,no,,,yes,no,no,0,0,yes,no,,0,,no,no,no
wpn_peacekeeper_qolflux_r_plr_pap,raw\sound\wpn\pap\pap_flux_right.LN65.pc.snd.wav,wpn_peacekeeper_fire_plr,loaded,bus_fx,grp_weapon,snp_wpn_3p,,84,0,75,75,25,900,900,allon,default,allon,default,8,4,priority,priority,-34,34,85,90,0.25,1,3d,default,nonlooping,pitch,1,0,0,0,0,0.25,no,no,right_shot,4000,,no,,,yes,no,no,0,0,yes,no,,0,,no,no,no
wpn_qbb95_qolflux_l_npc_pap,raw\sound\wpn\pap\pap_flux_left.LN65.pc.snd.wav,wpn_qbb95_qolflux_r_npc_pap,loaded,bus_fx,grp_weapon,snp_wpn_3p,,84,0,75,75,25,900,900,allon,default,allon,default,8,4,priority,priority,-34,34,85,90,0.25,1,3d,default,nonlooping,pitch,1,0,0,0,0,0.25,no,no,left_shot,4000,,no,,,yes,no,no,0,0,yes,no,,0,,no,no,no
wpn_qbb95_qolflux_r_npc_pap,raw\sound\wpn\pap\pap_flux_right.LN65.pc.snd.wav,wpn_qbb95_fire_npc,loaded,bus_fx,grp_weapon,snp_wpn_3p,,84,0,75,75,25,900,900,allon,default,allon,default,8,4,priority,priority,-34,34,85,90,0.25,1,3d,default,nonlooping,pitch,1,0,0,0,0,0.25,no,no,right_shot,4000,,no,,,yes,no,no,0,0,yes,no,,0,,no,no,no
wpn_qbb95_qolflux_l_plr_pap,raw\sound\wpn\pap\pap_flux_left.LN65.pc.snd.wav,wpn_qbb95_qolflux_r_plr_pap,loaded,bus_fx,grp_weapon,snp_wpn_3p,,84,0,75,75,25,900,900,allon,default,allon,default,8,4,priority,priority,-34,34,85,90,0.25,1,3d,default,nonlooping,pitch,1,0,0,0,0,0.25,no,no,left_shot,4000,,no,,,yes,no,no,0,0,yes,no,,0,,no,no,no
wpn_qbb95_qolflux_r_plr_pap,raw\sound\wpn\pap\pap_flux_right.LN65.pc.snd.wav,wpn_qbb95_fire_plr,loaded,bus_fx,grp_weapon,snp_wpn_3p,,84,0,75,75,25,900,900,allon,default,allon,default,8,4,priority,priority,-34,34,85,90,0.25,1,3d,default,nonlooping,pitch,1,0,0,0,0,0.25,no,no,right_shot,4000,,no,,,yes,no,no,0,0,yes,no,,0,,no,no,no
wpn_rpd_qolflux_l_npc_pap,raw\sound\wpn\pap\pap_flux_left.LN65.pc.snd.wav,wpn_rpd_qolflux_r_npc_pap,loaded,bus_fx,grp_weapon,snp_wpn_3p,,84,0,75,75,25,900,900,allon,default,allon,default,8,4,priority,priority,-34,34,85,90,0.25,1,3d,default,nonlooping,pitch,1,0,0,0,0,0.25,no,no,left_shot,4000,,no,,,yes,no,no,0,0,yes,no,,0,,no,no,no
wpn_rpd_qolflux_r_npc_pap,raw\sound\wpn\pap\pap_flux_right.LN65.pc.snd.wav,wpn_rpd_fire_npc,loaded,bus_fx,grp_weapon,snp_wpn_3p,,84,0,75,75,25,900,900,allon,default,allon,default,8,4,priority,priority,-34,34,85,90,0.25,1,3d,default,nonlooping,pitch,1,0,0,0,0,0.25,no,no,right_shot,4000,,no,,,yes,no,no,0,0,yes,no,,0,,no,no,no
wpn_rpd_qolflux_l_plr_pap,raw\sound\wpn\pap\pap_flux_left.LN65.pc.snd.wav,wpn_rpd_qolflux_r_plr_pap,loaded,bus_fx,grp_weapon,snp_wpn_3p,,84,0,75,75,25,900,900,allon,default,allon,default,8,4,priority,priority,-34,34,85,90,0.25,1,3d,default,nonlooping,pitch,1,0,0,0,0,0.25,no,no,left_shot,4000,,no,,,yes,no,no,0,0,yes,no,,0,,no,no,no
wpn_rpd_qolflux_r_plr_pap,raw\sound\wpn\pap\pap_flux_right.LN65.pc.snd.wav,wpn_rpd_fire_plr,loaded,bus_fx,grp_weapon,snp_wpn_3p,,84,0,75,75,25,900,900,allon,default,allon,default,8,4,priority,priority,-34,34,85,90,0.25,1,3d,default,nonlooping,pitch,1,0,0,0,0,0.25,no,no,right_shot,4000,,no,,,yes,no,no,0,0,yes,no,,0,,no,no,no
wpn_rpg_qolflux_l_npc_pap,raw\sound\wpn\pap\pap_flux_left.LN65.pc.snd.wav,wpn_rpg_qolflux_r_npc_pap,loaded,bus_fx,grp_weapon,snp_wpn_3p,,84,0,75,75,25,900,900,allon,default,allon,default,8,4,priority,priority,-34,34,85,90,0.25,1,3d,default,nonlooping,pitch,1,0,0,0,0,0.25,no,no,left_shot,4000,,no,,,yes,no,no,0,0,yes,no,,0,,no,no,no
wpn_rpg_qolflux_r_npc_pap,raw\sound\wpn\pap\pap_flux_right.LN65.pc.snd.wav,wpn_rpg_fire_npc,loaded,bus_fx,grp_weapon,snp_wpn_3p,,84,0,75,75,25,900,900,allon,default,allon,default,8,4,priority,priority,-34,34,85,90,0.25,1,3d,default,nonlooping,pitch,1,0,0,0,0,0.25,no,no,right_shot,4000,,no,,,yes,no,no,0,0,yes,no,,0,,no,no,no
wpn_rpg_qolflux_l_plr_pap,raw\sound\wpn\pap\pap_flux_left.LN65.pc.snd.wav,wpn_rpg_qolflux_r_plr_pap,loaded,bus_fx,grp_weapon,snp_wpn_3p,,84,0,75,75,25,900,900,allon,default,allon,default,8,4,priority,priority,-34,34,85,90,0.25,1,3d,default,nonlooping,pitch,1,0,0,0,0,0.25,no,no,left_shot,4000,,no,,,yes,no,no,0,0,yes,no,,0,,no,no,no
wpn_rpg_qolflux_r_plr_pap,raw\sound\wpn\pap\pap_flux_right.LN65.pc.snd.wav,wpn_rpg_fire_plr,loaded,bus_fx,grp_weapon,snp_wpn_3p,,84,0,75,75,25,900,900,allon,default,allon,default,8,4,priority,priority,-34,34,85,90,0.25,1,3d,default,nonlooping,pitch,1,0,0,0,0,0.25,no,no,right_shot,4000,,no,,,yes,no,no,0,0,yes,no,,0,,no,no,no
wpn_sa58_qolflux_l_npc_pap,raw\sound\wpn\pap\pap_flux_left.LN65.pc.snd.wav,wpn_sa58_qolflux_r_npc_pap,loaded,bus_fx,grp_weapon,snp_wpn_3p,,84,0,75,75,25,900,900,allon,default,allon,default,8,4,priority,priority,-34,34,85,90,0.25,1,3d,default,nonlooping,pitch,1,0,0,0,0,0.25,no,no,left_shot,4000,,no,,,yes,no,no,0,0,yes,no,,0,,no,no,no
wpn_sa58_qolflux_r_npc_pap,raw\sound\wpn\pap\pap_flux_right.LN65.pc.snd.wav,wpn_sa58_fire_npc,loaded,bus_fx,grp_weapon,snp_wpn_3p,,84,0,75,75,25,900,900,allon,default,allon,default,8,4,priority,priority,-34,34,85,90,0.25,1,3d,default,nonlooping,pitch,1,0,0,0,0,0.25,no,no,right_shot,4000,,no,,,yes,no,no,0,0,yes,no,,0,,no,no,no
wpn_sa58_qolflux_l_plr_pap,raw\sound\wpn\pap\pap_flux_left.LN65.pc.snd.wav,wpn_sa58_qolflux_r_plr_pap,loaded,bus_fx,grp_weapon,snp_wpn_3p,,84,0,75,75,25,900,900,allon,default,allon,default,8,4,priority,priority,-34,34,85,90,0.25,1,3d,default,nonlooping,pitch,1,0,0,0,0,0.25,no,no,left_shot,4000,,no,,,yes,no,no,0,0,yes,no,,0,,no,no,no
wpn_sa58_qolflux_r_plr_pap,raw\sound\wpn\pap\pap_flux_right.LN65.pc.snd.wav,wpn_sa58_fire_plr,loaded,bus_fx,grp_weapon,snp_wpn_3p,,84,0,75,75,25,900,900,allon,default,allon,default,8,4,priority,priority,-34,34,85,90,0.25,1,3d,default,nonlooping,pitch,1,0,0,0,0,0.25,no,no,right_shot,4000,,no,,,yes,no,no,0,0,yes,no,,0,,no,no,no
wpn_saiga12qol_qolflux_l_npc_pap,raw\sound\wpn\pap\pap_flux_left.LN65.pc.snd.wav,wpn_saiga12qol_qolflux_r_npc_pap,loaded,bus_fx,grp_weapon,snp_wpn_3p,,84,0,75,75,25,900,900,allon,default,allon,default,8,4,priority,priority,-34,34,85,90,0.25,1,3d,default,nonlooping,pitch,1,0,0,0,0,0.25,no,no,left_shot,4000,,no,,,yes,no,no,0,0,yes,no,,0,,no,no,no
wpn_saiga12qol_qolflux_r_npc_pap,raw\sound\wpn\pap\pap_flux_right.LN65.pc.snd.wav,wpn_saiga12qol_fire_npc,loaded,bus_fx,grp_weapon,snp_wpn_3p,,84,0,75,75,25,900,900,allon,default,allon,default,8,4,priority,priority,-34,34,85,90,0.25,1,3d,default,nonlooping,pitch,1,0,0,0,0,0.25,no,no,right_shot,4000,,no,,,yes,no,no,0,0,yes,no,,0,,no,no,no
wpn_saiga12qol_qolflux_l_plr_pap,raw\sound\wpn\pap\pap_flux_left.LN65.pc.snd.wav,wpn_saiga12qol_qolflux_r_plr_pap,loaded,bus_fx,grp_weapon,snp_wpn_3p,,84,0,75,75,25,900,900,allon,default,allon,default,8,4,priority,priority,-34,34,85,90,0.25,1,3d,default,nonlooping,pitch,1,0,0,0,0,0.25,no,no,left_shot,4000,,no,,,yes,no,no,0,0,yes,no,,0,,no,no,no
wpn_saiga12qol_qolflux_r_plr_pap,raw\sound\wpn\pap\pap_flux_right.LN65.pc.snd.wav,wpn_saiga12qol_fire_plr,loaded,bus_fx,grp_weapon,snp_wpn_3p,,84,0,75,75,25,900,900,allon,default,allon,default,8,4,priority,priority,-34,34,85,90,0.25,1,3d,default,nonlooping,pitch,1,0,0,0,0,0.25,no,no,right_shot,4000,,no,,,yes,no,no,0,0,yes,no,,0,,no,no,no
wpn_saritchqol_qolflux_l_npc_pap,raw\sound\wpn\pap\pap_flux_left.LN65.pc.snd.wav,wpn_saritchqol_qolflux_r_npc_pap,loaded,bus_fx,grp_weapon,snp_wpn_3p,,84,0,75,75,25,900,900,allon,default,allon,default,8,4,priority,priority,-34,34,85,90,0.25,1,3d,default,nonlooping,pitch,1,0,0,0,0,0.25,no,no,left_shot,4000,,no,,,yes,no,no,0,0,yes,no,,0,,no,no,no
wpn_saritchqol_qolflux_r_npc_pap,raw\sound\wpn\pap\pap_flux_right.LN65.pc.snd.wav,wpn_saritchqol_fire_npc,loaded,bus_fx,grp_weapon,snp_wpn_3p,,84,0,75,75,25,900,900,allon,default,allon,default,8,4,priority,priority,-34,34,85,90,0.25,1,3d,default,nonlooping,pitch,1,0,0,0,0,0.25,no,no,right_shot,4000,,no,,,yes,no,no,0,0,yes,no,,0,,no,no,no
wpn_saritchqol_qolflux_l_plr_pap,raw\sound\wpn\pap\pap_flux_left.LN65.pc.snd.wav,wpn_saritchqol_qolflux_r_plr_pap,loaded,bus_fx,grp_weapon,snp_wpn_3p,,84,0,75,75,25,900,900,allon,default,allon,default,8,4,priority,priority,-34,34,85,90,0.25,1,3d,default,nonlooping,pitch,1,0,0,0,0,0.25,no,no,left_shot,4000,,no,,,yes,no,no,0,0,yes,no,,0,,no,no,no
wpn_saritchqol_qolflux_r_plr_pap,raw\sound\wpn\pap\pap_flux_right.LN65.pc.snd.wav,wpn_saritchqol_fire_plr,loaded,bus_fx,grp_weapon,snp_wpn_3p,,84,0,75,75,25,900,900,allon,default,allon,default,8,4,priority,priority,-34,34,85,90,0.25,1,3d,default,nonlooping,pitch,1,0,0,0,0,0.25,no,no,right_shot,4000,,no,,,yes,no,no,0,0,yes,no,,0,,no,no,no
wpn_scar_qolflux_l_npc_pap,raw\sound\wpn\pap\pap_flux_left.LN65.pc.snd.wav,wpn_scar_qolflux_r_npc_pap,loaded,bus_fx,grp_weapon,snp_wpn_3p,,84,0,75,75,25,900,900,allon,default,allon,default,8,4,priority,priority,-34,34,85,90,0.25,1,3d,default,nonlooping,pitch,1,0,0,0,0,0.25,no,no,left_shot,4000,,no,,,yes,no,no,0,0,yes,no,,0,,no,no,no
wpn_scar_qolflux_r_npc_pap,raw\sound\wpn\pap\pap_flux_right.LN65.pc.snd.wav,wpn_scar_fire_npc,loaded,bus_fx,grp_weapon,snp_wpn_3p,,84,0,75,75,25,900,900,allon,default,allon,default,8,4,priority,priority,-34,34,85,90,0.25,1,3d,default,nonlooping,pitch,1,0,0,0,0,0.25,no,no,right_shot,4000,,no,,,yes,no,no,0,0,yes,no,,0,,no,no,no
wpn_scar_qolflux_l_plr_pap,raw\sound\wpn\pap\pap_flux_left.LN65.pc.snd.wav,wpn_scar_qolflux_r_plr_pap,loaded,bus_fx,grp_weapon,snp_wpn_3p,,84,0,75,75,25,900,900,allon,default,allon,default,8,4,priority,priority,-34,34,85,90,0.25,1,3d,default,nonlooping,pitch,1,0,0,0,0,0.25,no,no,left_shot,4000,,no,,,yes,no,no,0,0,yes,no,,0,,no,no,no
wpn_scar_qolflux_r_plr_pap,raw\sound\wpn\pap\pap_flux_right.LN65.pc.snd.wav,wpn_scar_fire_plr,loaded,bus_fx,grp_weapon,snp_wpn_3p,,84,0,75,75,25,900,900,allon,default,allon,default,8,4,priority,priority,-34,34,85,90,0.25,1,3d,default,nonlooping,pitch,1,0,0,0,0,0.25,no,no,right_shot,4000,,no,,,yes,no,no,0,0,yes,no,,0,,no,no,no
wpn_sig556_qolflux_l_npc_pap,raw\sound\wpn\pap\pap_flux_left.LN65.pc.snd.wav,wpn_sig556_qolflux_r_npc_pap,loaded,bus_fx,grp_weapon,snp_wpn_3p,,84,0,75,75,25,900,900,allon,default,allon,default,8,4,priority,priority,-34,34,85,90,0.25,1,3d,default,nonlooping,pitch,1,0,0,0,0,0.25,no,no,left_shot,4000,,no,,,yes,no,no,0,0,yes,no,,0,,no,no,no
wpn_sig556_qolflux_r_npc_pap,raw\sound\wpn\pap\pap_flux_right.LN65.pc.snd.wav,wpn_sig556_fire_npc,loaded,bus_fx,grp_weapon,snp_wpn_3p,,84,0,75,75,25,900,900,allon,default,allon,default,8,4,priority,priority,-34,34,85,90,0.25,1,3d,default,nonlooping,pitch,1,0,0,0,0,0.25,no,no,right_shot,4000,,no,,,yes,no,no,0,0,yes,no,,0,,no,no,no
wpn_sig556_qolflux_l_plr_pap,raw\sound\wpn\pap\pap_flux_left.LN65.pc.snd.wav,wpn_sig556_qolflux_r_plr_pap,loaded,bus_fx,grp_weapon,snp_wpn_3p,,84,0,75,75,25,900,900,allon,default,allon,default,8,4,priority,priority,-34,34,85,90,0.25,1,3d,default,nonlooping,pitch,1,0,0,0,0,0.25,no,no,left_shot,4000,,no,,,yes,no,no,0,0,yes,no,,0,,no,no,no
wpn_sig556_qolflux_r_plr_pap,raw\sound\wpn\pap\pap_flux_right.LN65.pc.snd.wav,wpn_sig556_fire_plr,loaded,bus_fx,grp_weapon,snp_wpn_3p,,84,0,75,75,25,900,900,allon,default,allon,default,8,4,priority,priority,-34,34,85,90,0.25,1,3d,default,nonlooping,pitch,1,0,0,0,0,0.25,no,no,right_shot,4000,,no,,,yes,no,no,0,0,yes,no,,0,,no,no,no
wpn_svu_qolflux_l_npc_pap,raw\sound\wpn\pap\pap_flux_left.LN65.pc.snd.wav,wpn_svu_qolflux_r_npc_pap,loaded,bus_fx,grp_weapon,snp_wpn_3p,,84,0,75,75,25,900,900,allon,default,allon,default,8,4,priority,priority,-34,34,85,90,0.25,1,3d,default,nonlooping,pitch,1,0,0,0,0,0.25,no,no,left_shot,4000,,no,,,yes,no,no,0,0,yes,no,,0,,no,no,no
wpn_svu_qolflux_r_npc_pap,raw\sound\wpn\pap\pap_flux_right.LN65.pc.snd.wav,wpn_svu_fire_npc,loaded,bus_fx,grp_weapon,snp_wpn_3p,,84,0,75,75,25,900,900,allon,default,allon,default,8,4,priority,priority,-34,34,85,90,0.25,1,3d,default,nonlooping,pitch,1,0,0,0,0,0.25,no,no,right_shot,4000,,no,,,yes,no,no,0,0,yes,no,,0,,no,no,no
wpn_svu_qolflux_l_plr_pap,raw\sound\wpn\pap\pap_flux_left.LN65.pc.snd.wav,wpn_svu_qolflux_r_plr_pap,loaded,bus_fx,grp_weapon,snp_wpn_3p,,84,0,75,75,25,900,900,allon,default,allon,default,8,4,priority,priority,-34,34,85,90,0.25,1,3d,default,nonlooping,pitch,1,0,0,0,0,0.25,no,no,left_shot,4000,,no,,,yes,no,no,0,0,yes,no,,0,,no,no,no
wpn_svu_qolflux_r_plr_pap,raw\sound\wpn\pap\pap_flux_right.LN65.pc.snd.wav,wpn_svu_fire_plr,loaded,bus_fx,grp_weapon,snp_wpn_3p,,84,0,75,75,25,900,900,allon,default,allon,default,8,4,priority,priority,-34,34,85,90,0.25,1,3d,default,nonlooping,pitch,1,0,0,0,0,0.25,no,no,right_shot,4000,,no,,,yes,no,no,0,0,yes,no,,0,,no,no,no
wpn_tar21qol_qolflux_l_npc_pap,raw\sound\wpn\pap\pap_flux_left.LN65.pc.snd.wav,wpn_tar21qol_qolflux_r_npc_pap,loaded,bus_fx,grp_weapon,snp_wpn_3p,,84,0,75,75,25,900,900,allon,default,allon,default,8,4,priority,priority,-34,34,85,90,0.25,1,3d,default,nonlooping,pitch,1,0,0,0,0,0.25,no,no,left_shot,4000,,no,,,yes,no,no,0,0,yes,no,,0,,no,no,no
wpn_tar21qol_qolflux_r_npc_pap,raw\sound\wpn\pap\pap_flux_right.LN65.pc.snd.wav,wpn_tar21qol_fire_npc,loaded,bus_fx,grp_weapon,snp_wpn_3p,,84,0,75,75,25,900,900,allon,default,allon,default,8,4,priority,priority,-34,34,85,90,0.25,1,3d,default,nonlooping,pitch,1,0,0,0,0,0.25,no,no,right_shot,4000,,no,,,yes,no,no,0,0,yes,no,,0,,no,no,no
wpn_tar21qol_qolflux_l_plr_pap,raw\sound\wpn\pap\pap_flux_left.LN65.pc.snd.wav,wpn_tar21qol_qolflux_r_plr_pap,loaded,bus_fx,grp_weapon,snp_wpn_3p,,84,0,75,75,25,900,900,allon,default,allon,default,8,4,priority,priority,-34,34,85,90,0.25,1,3d,default,nonlooping,pitch,1,0,0,0,0,0.25,no,no,left_shot,4000,,no,,,yes,no,no,0,0,yes,no,,0,,no,no,no
wpn_tar21qol_qolflux_r_plr_pap,raw\sound\wpn\pap\pap_flux_right.LN65.pc.snd.wav,wpn_tar21qol_fire_plr,loaded,bus_fx,grp_weapon,snp_wpn_3p,,84,0,75,75,25,900,900,allon,default,allon,default,8,4,priority,priority,-34,34,85,90,0.25,1,3d,default,nonlooping,pitch,1,0,0,0,0,0.25,no,no,right_shot,4000,,no,,,yes,no,no,0,0,yes,no,,0,,no,no,no
wpn_tommy_qolflux_l_npc_pap,raw\sound\wpn\pap\pap_flux_left.LN65.pc.snd.wav,wpn_tommy_qolflux_r_npc_pap,loaded,bus_fx,grp_weapon,snp_wpn_3p,,84,0,75,75,25,900,900,allon,default,allon,default,8,4,priority,priority,-34,34,85,90,0.25,1,3d,default,nonlooping,pitch,1,0,0,0,0,0.25,no,no,left_shot,4000,,no,,,yes,no,no,0,0,yes,no,,0,,no,no,no
wpn_tommy_qolflux_r_npc_pap,raw\sound\wpn\pap\pap_flux_right.LN65.pc.snd.wav,wpn_tommy_fire_npc,loaded,bus_fx,grp_weapon,snp_wpn_3p,,84,0,75,75,25,900,900,allon,default,allon,default,8,4,priority,priority,-34,34,85,90,0.25,1,3d,default,nonlooping,pitch,1,0,0,0,0,0.25,no,no,right_shot,4000,,no,,,yes,no,no,0,0,yes,no,,0,,no,no,no
wpn_tommy_qolflux_l_plr_pap,raw\sound\wpn\pap\pap_flux_left.LN65.pc.snd.wav,wpn_tommy_qolflux_r_plr_pap,loaded,bus_fx,grp_weapon,snp_wpn_3p,,84,0,75,75,25,900,900,allon,default,allon,default,8,4,priority,priority,-34,34,85,90,0.25,1,3d,default,nonlooping,pitch,1,0,0,0,0,0.25,no,no,left_shot,4000,,no,,,yes,no,no,0,0,yes,no,,0,,no,no,no
wpn_tommy_qolflux_r_plr_pap,raw\sound\wpn\pap\pap_flux_right.LN65.pc.snd.wav,wpn_tommy_fire_plr,loaded,bus_fx,grp_weapon,snp_wpn_3p,,84,0,75,75,25,900,900,allon,default,allon,default,8,4,priority,priority,-34,34,85,90,0.25,1,3d,default,nonlooping,pitch,1,0,0,0,0,0.25,no,no,right_shot,4000,,no,,,yes,no,no,0,0,yes,no,,0,,no,no,no
wpn_type95_qolflux_l_npc_pap,raw\sound\wpn\pap\pap_flux_left.LN65.pc.snd.wav,wpn_type95_qolflux_r_npc_pap,loaded,bus_fx,grp_weapon,snp_wpn_3p,,84,0,75,75,25,900,900,allon,default,allon,default,8,4,priority,priority,-34,34,85,90,0.25,1,3d,default,nonlooping,pitch,1,0,0,0,0,0.25,no,no,left_shot,4000,,no,,,yes,no,no,0,0,yes,no,,0,,no,no,no
wpn_type95_qolflux_r_npc_pap,raw\sound\wpn\pap\pap_flux_right.LN65.pc.snd.wav,wpn_type95_fire_npc,loaded,bus_fx,grp_weapon,snp_wpn_3p,,84,0,75,75,25,900,900,allon,default,allon,default,8,4,priority,priority,-34,34,85,90,0.25,1,3d,default,nonlooping,pitch,1,0,0,0,0,0.25,no,no,right_shot,4000,,no,,,yes,no,no,0,0,yes,no,,0,,no,no,no
wpn_type95_qolflux_l_plr_pap,raw\sound\wpn\pap\pap_flux_left.LN65.pc.snd.wav,wpn_type95_qolflux_r_plr_pap,loaded,bus_fx,grp_weapon,snp_wpn_3p,,84,0,75,75,25,900,900,allon,default,allon,default,8,4,priority,priority,-34,34,85,90,0.25,1,3d,default,nonlooping,pitch,1,0,0,0,0,0.25,no,no,left_shot,4000,,no,,,yes,no,no,0,0,yes,no,,0,,no,no,no
wpn_type95_qolflux_r_plr_pap,raw\sound\wpn\pap\pap_flux_right.LN65.pc.snd.wav,wpn_type95_fire_plr,loaded,bus_fx,grp_weapon,snp_wpn_3p,,84,0,75,75,25,900,900,allon,default,allon,default,8,4,priority,priority,-34,34,85,90,0.25,1,3d,default,nonlooping,pitch,1,0,0,0,0,0.25,no,no,right_shot,4000,,no,,,yes,no,no,0,0,yes,no,,0,,no,no,no
wpn_uzi_qolflux_l_npc_pap,raw\sound\wpn\pap\pap_flux_left.LN65.pc.snd.wav,wpn_uzi_qolflux_r_npc_pap,loaded,bus_fx,grp_weapon,snp_wpn_3p,,84,0,75,75,25,900,900,allon,default,allon,default,8,4,priority,priority,-34,34,85,90,0.25,1,3d,default,nonlooping,pitch,1,0,0,0,0,0.25,no,no,left_shot,4000,,no,,,yes,no,no,0,0,yes,no,,0,,no,no,no
wpn_uzi_qolflux_r_npc_pap,raw\sound\wpn\pap\pap_flux_right.LN65.pc.snd.wav,wpn_uzi_fire_npc,loaded,bus_fx,grp_weapon,snp_wpn_3p,,84,0,75,75,25,900,900,allon,default,allon,default,8,4,priority,priority,-34,34,85,90,0.25,1,3d,default,nonlooping,pitch,1,0,0,0,0,0.25,no,no,right_shot,4000,,no,,,yes,no,no,0,0,yes,no,,0,,no,no,no
wpn_uzi_qolflux_l_plr_pap,raw\sound\wpn\pap\pap_flux_left.LN65.pc.snd.wav,wpn_uzi_qolflux_r_plr_pap,loaded,bus_fx,grp_weapon,snp_wpn_3p,,84,0,75,75,25,900,900,allon,default,allon,default,8,4,priority,priority,-34,34,85,90,0.25,1,3d,default,nonlooping,pitch,1,0,0,0,0,0.25,no,no,left_shot,4000,,no,,,yes,no,no,0,0,yes,no,,0,,no,no,no
wpn_uzi_qolflux_r_plr_pap,raw\sound\wpn\pap\pap_flux_right.LN65.pc.snd.wav,wpn_uzi_fire_plr,loaded,bus_fx,grp_weapon,snp_wpn_3p,,84,0,75,75,25,900,900,allon,default,allon,default,8,4,priority,priority,-34,34,85,90,0.25,1,3d,default,nonlooping,pitch,1,0,0,0,0,0.25,no,no,right_shot,4000,,no,,,yes,no,no,0,0,yes,no,,0,,no,no,no
wpn_vector_qolflux_l_npc_pap,raw\sound\wpn\pap\pap_flux_left.LN65.pc.snd.wav,wpn_vector_qolflux_r_npc_pap,loaded,bus_fx,grp_weapon,snp_wpn_3p,,84,0,75,75,25,900,900,allon,default,allon,default,8,4,priority,priority,-34,34,85,90,0.25,1,3d,default,nonlooping,pitch,1,0,0,0,0,0.25,no,no,left_shot,4000,,no,,,yes,no,no,0,0,yes,no,,0,,no,no,no
wpn_vector_qolflux_r_npc_pap,raw\sound\wpn\pap\pap_flux_right.LN65.pc.snd.wav,wpn_vector_fire_npc,loaded,bus_fx,grp_weapon,snp_wpn_3p,,84,0,75,75,25,900,900,allon,default,allon,default,8,4,priority,priority,-34,34,85,90,0.25,1,3d,default,nonlooping,pitch,1,0,0,0,0,0.25,no,no,right_shot,4000,,no,,,yes,no,no,0,0,yes,no,,0,,no,no,no
wpn_vector_qolflux_l_plr_pap,raw\sound\wpn\pap\pap_flux_left.LN65.pc.snd.wav,wpn_vector_qolflux_r_plr_pap,loaded,bus_fx,grp_weapon,snp_wpn_3p,,84,0,75,75,25,900,900,allon,default,allon,default,8,4,priority,priority,-34,34,85,90,0.25,1,3d,default,nonlooping,pitch,1,0,0,0,0,0.25,no,no,left_shot,4000,,no,,,yes,no,no,0,0,yes,no,,0,,no,no,no
wpn_vector_qolflux_r_plr_pap,raw\sound\wpn\pap\pap_flux_right.LN65.pc.snd.wav,wpn_vector_fire_plr,loaded,bus_fx,grp_weapon,snp_wpn_3p,,84,0,75,75,25,900,900,allon,default,allon,default,8,4,priority,priority,-34,34,85,90,0.25,1,3d,default,nonlooping,pitch,1,0,0,0,0,0.25,no,no,right_shot,4000,,no,,,yes,no,no,0,0,yes,no,,0,,no,no,no
wpn_vulcan_qolflux_l_npc_pap,raw\sound\wpn\pap\pap_flux_left.LN65.pc.snd.wav,wpn_vulcan_qolflux_r_npc_pap,loaded,bus_fx,grp_weapon,snp_wpn_3p,,84,0,75,75,25,900,900,allon,default,allon,default,8,4,priority,priority,-34,34,85,90,0.25,1,3d,default,nonlooping,pitch,1,0,0,0,0,0.25,no,no,left_shot,4000,,no,,,yes,no,no,0,0,yes,no,,0,,no,no,no
wpn_vulcan_qolflux_r_npc_pap,raw\sound\wpn\pap\pap_flux_right.LN65.pc.snd.wav,,loaded,bus_fx,grp_weapon,snp_wpn_3p,,84,0,75,75,25,900,900,allon,default,allon,default,8,4,priority,priority,-34,34,85,90,0.25,1,3d,default,nonlooping,pitch,1,0,0,0,0,0.25,no,no,right_shot,4000,,no,,,yes,no,no,0,0,yes,no,,0,,no,no,no
wpn_vulcan_qolflux_l_plr_pap,raw\sound\wpn\pap\pap_flux_left.LN65.pc.snd.wav,wpn_vulcan_qolflux_r_plr_pap,loaded,bus_fx,grp_weapon,snp_wpn_3p,,84,0,75,75,25,900,900,allon,default,allon,default,8,4,priority,priority,-34,34,85,90,0.25,1,3d,default,nonlooping,pitch,1,0,0,0,0,0.25,no,no,left_shot,4000,,no,,,yes,no,no,0,0,yes,no,,0,,no,no,no
wpn_vulcan_qolflux_r_plr_pap,raw\sound\wpn\pap\pap_flux_right.LN65.pc.snd.wav,,loaded,bus_fx,grp_weapon,snp_wpn_3p,,84,0,75,75,25,900,900,allon,default,allon,default,8,4,priority,priority,-34,34,85,90,0.25,1,3d,default,nonlooping,pitch,1,0,0,0,0,0.25,no,no,right_shot,4000,,no,,,yes,no,no,0,0,yes,no,,0,,no,no,no
wpn_xm8_qolflux_l_npc_pap,raw\sound\wpn\pap\pap_flux_left.LN65.pc.snd.wav,wpn_xm8_qolflux_r_npc_pap,loaded,bus_fx,grp_weapon,snp_wpn_3p,,84,0,75,75,25,900,900,allon,default,allon,default,8,4,priority,priority,-34,34,85,90,0.25,1,3d,default,nonlooping,pitch,1,0,0,0,0,0.25,no,no,left_shot,4000,,no,,,yes,no,no,0,0,yes,no,,0,,no,no,no
wpn_xm8_qolflux_r_npc_pap,raw\sound\wpn\pap\pap_flux_right.LN65.pc.snd.wav,wpn_xm8_fire_npc,loaded,bus_fx,grp_weapon,snp_wpn_3p,,84,0,75,75,25,900,900,allon,default,allon,default,8,4,priority,priority,-34,34,85,90,0.25,1,3d,default,nonlooping,pitch,1,0,0,0,0,0.25,no,no,right_shot,4000,,no,,,yes,no,no,0,0,yes,no,,0,,no,no,no
wpn_xm8_qolflux_l_plr_pap,raw\sound\wpn\pap\pap_flux_left.LN65.pc.snd.wav,wpn_xm8_qolflux_r_plr_pap,loaded,bus_fx,grp_weapon,snp_wpn_3p,,84,0,75,75,25,900,900,allon,default,allon,default,8,4,priority,priority,-34,34,85,90,0.25,1,3d,default,nonlooping,pitch,1,0,0,0,0,0.25,no,no,left_shot,4000,,no,,,yes,no,no,0,0,yes,no,,0,,no,no,no
wpn_xm8_qolflux_r_plr_pap,raw\sound\wpn\pap\pap_flux_right.LN65.pc.snd.wav,wpn_xm8_fire_plr,loaded,bus_fx,grp_weapon,snp_wpn_3p,,84,0,75,75,25,900,900,allon,default,allon,default,8,4,priority,priority,-34,34,85,90,0.25,1,3d,default,nonlooping,pitch,1,0,0,0,0,0.25,no,no,right_shot,4000,,no,,,yes,no,no,0,0,yes,no,,0,,no,no,no
wpn_as50_fire_plr_pap,raw\sound\wpn\pap\pap_shot_st.LN65.pc.snd.wav,wpn_as50_qolflux_l_plr_pap,loaded,bus_hdrfx,grp_weapon,snp_wpn_1p,,70,0,87,87,0,5000,5000,allon,default,allon,default,1,8,oldest,oldest,0,0,90,90,0.25,1,2d,wpn_all,nonlooping,,1,0,0,0,0,0.25,no,no,none,0,,no,,,yes,no,no,0,0,yes,no,,0,,no,no,no
wpn_as50_qolflux_l_plr_pap,raw\sound\wpn\pap\pap_flux_left.LN65.pc.snd.wav,wpn_as50_qolflux_r_plr_pap,loaded,bus_fx,grp_weapon,snp_wpn_3p,,84,0,75,75,25,900,900,allon,default,allon,default,8,4,priority,priority,-34,34,85,90,0.25,1,3d,default,nonlooping,pitch,1,0,0,0,0,0.25,no,no,left_shot,4000,,no,,,yes,no,no,0,0,yes,no,,0,,no,no,no
wpn_as50_qolflux_r_plr_pap,raw\sound\wpn\pap\pap_flux_right.LN65.pc.snd.wav,wpn_as50_fire_plr,loaded,bus_fx,grp_weapon,snp_wpn_3p,,84,0,75,75,25,900,900,allon,default,allon,default,8,4,priority,priority,-34,34,85,90,0.25,1,3d,default,nonlooping,pitch,1,0,0,0,0,0.25,no,no,right_shot,4000,,no,,,yes,no,no,0,0,yes,no,,0,,no,no,no
wpn_as50_fire_npc_pap,raw\sound\wpn\pap\pap_shot_st.LN65.pc.snd.wav,wpn_as50_qolflux_l_npc_pap,loaded,bus_fx,grp_weapon,snp_wpn_3p,,80,0,82,82,75,1250,1250,allon,default,allon,default,10,3,priority,oldest,-100,100,50,90,0.35,1,3d,default,nonlooping,pitch,1,0,0,0,0,0.25,no,no,none,0,,no,,,yes,no,no,0,0,yes,no,,0,,no,no,no
wpn_as50_qolflux_l_npc_pap,raw\sound\wpn\pap\pap_flux_left.LN65.pc.snd.wav,wpn_as50_qolflux_r_npc_pap,loaded,bus_fx,grp_weapon,snp_wpn_3p,,84,0,75,75,25,900,900,allon,default,allon,default,8,4,priority,priority,-34,34,85,90,0.25,1,3d,default,nonlooping,pitch,1,0,0,0,0,0.25,no,no,left_shot,4000,,no,,,yes,no,no,0,0,yes,no,,0,,no,no,no
wpn_as50_qolflux_r_npc_pap,raw\sound\wpn\pap\pap_flux_right.LN65.pc.snd.wav,wpn_as50_fire_npc,loaded,bus_fx,grp_weapon,snp_wpn_3p,,84,0,75,75,25,900,900,allon,default,allon,default,8,4,priority,priority,-34,34,85,90,0.25,1,3d,default,nonlooping,pitch,1,0,0,0,0,0.25,no,no,right_shot,4000,,no,,,yes,no,no,0,0,yes,no,,0,,no,no,no
wpn_m32_fire_plr_pap,raw\sound\wpn\pap\pap_shot_st.LN65.pc.snd.wav,wpn_m32_qolflux_l_plr_pap,loaded,bus_hdrfx,grp_weapon,snp_wpn_1p,,70,0,87,87,0,5000,5000,allon,default,allon,default,1,8,oldest,oldest,0,0,90,90,0.25,1,2d,wpn_all,nonlooping,,1,0,0,0,0,0.25,no,no,none,0,,no,,,yes,no,no,0,0,yes,no,,0,,no,no,no
wpn_m32_qolflux_l_plr_pap,raw\sound\wpn\pap\pap_flux_left.LN65.pc.snd.wav,wpn_m32_qolflux_r_plr_pap,loaded,bus_fx,grp_weapon,snp_wpn_3p,,84,0,75,75,25,900,900,allon,default,allon,default,8,4,priority,priority,-34,34,85,90,0.25,1,3d,default,nonlooping,pitch,1,0,0,0,0,0.25,no,no,left_shot,4000,,no,,,yes,no,no,0,0,yes,no,,0,,no,no,no
wpn_m32_qolflux_r_plr_pap,raw\sound\wpn\pap\pap_flux_right.LN65.pc.snd.wav,wpn_m32_fire_plr,loaded,bus_fx,grp_weapon,snp_wpn_3p,,84,0,75,75,25,900,900,allon,default,allon,default,8,4,priority,priority,-34,34,85,90,0.25,1,3d,default,nonlooping,pitch,1,0,0,0,0,0.25,no,no,right_shot,4000,,no,,,yes,no,no,0,0,yes,no,,0,,no,no,no
wpn_m32_fire_npc_pap,raw\sound\wpn\pap\pap_shot_st.LN65.pc.snd.wav,wpn_m32_qolflux_l_npc_pap,loaded,bus_fx,grp_weapon,snp_wpn_3p,,80,0,82,82,75,1250,1250,allon,default,allon,default,10,3,priority,oldest,-100,100,50,90,0.35,1,3d,default,nonlooping,pitch,1,0,0,0,0,0.25,no,no,none,0,,no,,,yes,no,no,0,0,yes,no,,0,,no,no,no
wpn_m32_qolflux_l_npc_pap,raw\sound\wpn\pap\pap_flux_left.LN65.pc.snd.wav,wpn_m32_qolflux_r_npc_pap,loaded,bus_fx,grp_weapon,snp_wpn_3p,,84,0,75,75,25,900,900,allon,default,allon,default,8,4,priority,priority,-34,34,85,90,0.25,1,3d,default,nonlooping,pitch,1,0,0,0,0,0.25,no,no,left_shot,4000,,no,,,yes,no,no,0,0,yes,no,,0,,no,no,no
wpn_m32_qolflux_r_npc_pap,raw\sound\wpn\pap\pap_flux_right.LN65.pc.snd.wav,wpn_m32_fire_npc,loaded,bus_fx,grp_weapon,snp_wpn_3p,,84,0,75,75,25,900,900,allon,default,allon,default,8,4,priority,priority,-34,34,85,90,0.25,1,3d,default,nonlooping,pitch,1,0,0,0,0,0.25,no,no,right_shot,4000,,no,,,yes,no,no,0,0,yes,no,,0,,no,no,no
wpn_dragunov_fire_plr_pap,raw\sound\wpn\pap\pap_shot_st.LN65.pc.snd.wav,wpn_dragunov_qolflux_l_plr_pap,loaded,bus_hdrfx,grp_weapon,snp_wpn_1p,,70,0,87,87,0,5000,5000,allon,default,allon,default,1,8,oldest,oldest,0,0,90,90,0.25,1,2d,wpn_all,nonlooping,,1,0,0,0,0,0.25,no,no,none,0,,no,,,yes,no,no,0,0,yes,no,,0,,no,no,no
wpn_dragunov_qolflux_l_plr_pap,raw\sound\wpn\pap\pap_flux_left.LN65.pc.snd.wav,wpn_dragunov_qolflux_r_plr_pap,loaded,bus_fx,grp_weapon,snp_wpn_3p,,84,0,75,75,25,900,900,allon,default,allon,default,8,4,priority,priority,-34,34,85,90,0.25,1,3d,default,nonlooping,pitch,1,0,0,0,0,0.25,no,no,left_shot,4000,,no,,,yes,no,no,0,0,yes,no,,0,,no,no,no
wpn_dragunov_qolflux_r_plr_pap,raw\sound\wpn\pap\pap_flux_right.LN65.pc.snd.wav,wpn_dragunov_fire_plr,loaded,bus_fx,grp_weapon,snp_wpn_3p,,84,0,75,75,25,900,900,allon,default,allon,default,8,4,priority,priority,-34,34,85,90,0.25,1,3d,default,nonlooping,pitch,1,0,0,0,0,0.25,no,no,right_shot,4000,,no,,,yes,no,no,0,0,yes,no,,0,,no,no,no
wpn_dragunov_fire_npc_pap,raw\sound\wpn\pap\pap_shot_st.LN65.pc.snd.wav,wpn_dragunov_qolflux_l_npc_pap,loaded,bus_fx,grp_weapon,snp_wpn_3p,,80,0,82,82,75,1250,1250,allon,default,allon,default,10,3,priority,oldest,-100,100,50,90,0.35,1,3d,default,nonlooping,pitch,1,0,0,0,0,0.25,no,no,none,0,,no,,,yes,no,no,0,0,yes,no,,0,,no,no,no
wpn_dragunov_qolflux_l_npc_pap,raw\sound\wpn\pap\pap_flux_left.LN65.pc.snd.wav,wpn_dragunov_qolflux_r_npc_pap,loaded,bus_fx,grp_weapon,snp_wpn_3p,,84,0,75,75,25,900,900,allon,default,allon,default,8,4,priority,priority,-34,34,85,90,0.25,1,3d,default,nonlooping,pitch,1,0,0,0,0,0.25,no,no,left_shot,4000,,no,,,yes,no,no,0,0,yes,no,,0,,no,no,no
wpn_dragunov_qolflux_r_npc_pap,raw\sound\wpn\pap\pap_flux_right.LN65.pc.snd.wav,wpn_dragunov_fire_npc,loaded,bus_fx,grp_weapon,snp_wpn_3p,,84,0,75,75,25,900,900,allon,default,allon,default,8,4,priority,priority,-34,34,85,90,0.25,1,3d,default,nonlooping,pitch,1,0,0,0,0,0.25,no,no,right_shot,4000,,no,,,yes,no,no,0,0,yes,no,,0,,no,no,no
wpn_dragunov_fire_dist,raw\sound\wpn\dist_guns\rif\wpn_rif_dist_00.LN65.pc.snd.wav.wav,wpn_dragunov_fire_npc_decay,loaded,bus_fx,grp_weapon,snp_wpn_3p,@934dbb8c,80,0,85,85,900,6000,12500,sindelay,default,sindelay,allon,6,3,priority,oldest,-300,300,90,40,0.25,1,3d,default,nonlooping,variant,1,0,0,0,0,0.25,no,no,none,0,,no,,,yes,no,no,0,0,yes,no,,0,,no,no,no
wpn_dragunov_fire_dist,raw\sound\wpn\dist_guns\rif\wpn_rif_dist_01.LN65.pc.snd.wav.wav,wpn_dragunov_fire_npc_decay,loaded,bus_fx,grp_weapon,snp_wpn_3p,@934dbb8c,80,0,85,85,900,6000,12500,sindelay,default,sindelay,allon,6,3,priority,oldest,-300,300,90,40,0.25,1,3d,default,nonlooping,variant,1,0,0,0,0,0.25,no,no,none,0,,no,,,yes,no,no,0,0,yes,no,,0,,no,no,no
wpn_dragunov_fire_npc,raw\sound\wpn\sniper\ballista\plr\shot\wpn_ballista_fire_plr.LN65.pc.snd.wav.wav,wpn_dragunov_lfe_npc,loaded,bus_fx,grp_weapon,snp_wpn_3p,,65,0,90,90,900,900,901,cosdelay,alloff,cosdelay,default,6,2,priority,oldest,-88,84,20,90,0.25,0.8,3d,default,nonlooping,pitch,1,0,0,0,0,0.25,no,no,none,0,,no,,,yes,no,no,0,0,yes,no,,0,,no,no,no
wpn_dragunov_fire_npc_decay,raw\sound\wpn\sniper\decay\ext\wpn_sniper_decay_ext.LN65.pc.snd.wav.wav,wpn_dragunov_flux_npc_l,loaded,bus_fx,grp_weapon,snp_wpn_3p,,55,0,80,80,50,900,900,allon,default,rcurve1,default,3,1,priority,oldest,-100,100,20,70,0.15,1,3d,quad,nonlooping,,1,0,0,0,0,0.25,no,no,none,0,,no,ringoff_plr,outdoor,yes,no,no,0,0,yes,no,,0,,no,no,no
wpn_dragunov_fire_npc_decay,raw\sound\wpn\sniper\decay\int\wpn_rifle_decay_int.LN65.pc.snd.wav.wav,wpn_dragunov_flux_npc_l,loaded,bus_fx,grp_weapon,snp_wpn_3p,,55,0,80,80,50,900,900,allon,default,rcurve1,default,3,1,priority,oldest,-100,100,20,70,0.15,1,3d,quad,nonlooping,,1,0,0,0,0,0.25,no,no,none,0,,no,ringoff_plr,indoor,yes,no,no,0,0,yes,no,,0,,no,no,no
wpn_dragunov_fire_plr,raw\sound\wpn\sniper\ballista\plr\shot\wpn_ballista_fire_plr.LN65.pc.snd.wav.wav,wpn_dragunov_lfe,loaded,bus_fx,grp_weapon,snp_wpn_1p,@d5b16432,70,0,94,94,0,5000,5000,allon,default,allon,default,2,8,oldest,oldest,0,0,90,90,0.25,1,2d,quad,nonlooping,,1,0,0,0,0,0.25,no,no,none,0,,no,,,yes,no,no,0,0,yes,no,,0,,no,no,no
wpn_dragunov_fire_plr_decay,raw\sound\wpn\sniper\decay\ext\wpn_sniper_decay_ext.LN65.pc.snd.wav.wav,wpn_dragunov_flux_plr_l,loaded,bus_fx,grp_weapon,snp_wpn_1p,,55,0,85,85,0,5000,5000,allon,default,allon,default,3,8,oldest,oldest,-50,50,90,90,0.25,1,2d,quad,nonlooping,,1,0,0,0,0,0.25,no,no,none,0,,no,ringoff_plr,outdoor,yes,no,no,0,0,yes,no,,0,,no,no,no
wpn_dragunov_fire_plr_decay,raw\sound\wpn\sniper\decay\int\wpn_rifle_decay_int.LN65.pc.snd.wav.wav,wpn_dragunov_flux_plr_l,loaded,bus_fx,grp_weapon,snp_wpn_1p,,55,0,85,85,0,5000,5000,allon,default,allon,default,3,8,oldest,oldest,-50,50,90,90,0.25,1,2d,quad,nonlooping,,1,0,0,0,0,0.25,no,no,none,0,,no,ringoff_plr,indoor,yes,no,no,0,0,yes,no,,0,,no,no,no
wpn_dragunov_flux_npc_l,raw\sound\wpn\sniper\sniper_flux\wpn_sniper_flux_l.LN65.pc.snd.wav.wav,wpn_dragunov_flux_npc_r,loaded,bus_fx,grp_weapon,snp_wpn_3p,,60,0,78,81,25,7500,10000,allon,default,allon,default,8,8,oldest,oldest,-300,300,20,90,0.25,1,3d,default,nonlooping,pitch,1,250,25,250,80,0.2,no,no,left_shot,7000,,no,,,yes,no,no,0,0,yes,no,,0,,no,no,no
wpn_dragunov_flux_npc_r,raw\sound\wpn\sniper\sniper_flux\wpn_sniper_flux_r.LN65.pc.snd.wav.wav,,loaded,bus_fx,grp_weapon,snp_wpn_3p,,60,0,78,81,25,7500,10000,allon,default,allon,default,8,8,oldest,oldest,-300,300,20,90,0.25,1,3d,default,nonlooping,pitch,1,250,25,250,80,0.2,no,no,right_shot,7000,,no,,,yes,no,no,0,0,yes,no,,0,,no,no,no
wpn_dragunov_flux_plr_l,raw\sound\wpn\sniper\sniper_flux\wpn_sniper_flux_l.LN65.pc.snd.wav.wav,wpn_dragunov_flux_plr_r,loaded,bus_fx,grp_weapon,snp_wpn_3p,,60,0,68,71,50,4000,4250,allon,default,allon,default,8,8,oldest,oldest,-300,300,20,90,0.25,1,3d,default,nonlooping,pitch,1,250,25,250,80,0.2,no,no,left_shot,7000,,no,ringoff_plr,outdoor,yes,no,no,0,0,yes,no,,0,,no,no,no
wpn_dragunov_flux_plr_r,raw\sound\wpn\sniper\sniper_flux\wpn_sniper_flux_r.LN65.pc.snd.wav.wav,,loaded,bus_fx,grp_weapon,snp_wpn_3p,,60,0,68,71,50,4000,4250,allon,default,allon,default,8,8,oldest,oldest,-300,300,20,90,0.25,1,3d,default,nonlooping,pitch,1,250,25,250,80,0.2,no,no,right_shot,7000,,no,ringoff_plr,outdoor,yes,no,no,0,0,yes,no,,0,,no,no,no
wpn_dragunov_lfe,raw\sound\wpn\sniper\dsr\plr\lfe\wpn_dsr_fire_lfe.LN65.pc.snd.wav.wav,wpn_dragunov_fire_plr_decay,loaded,bus_hdrfx,grp_wpn_lfe,snp_wpn_1p,,0,0,90,90,0,5000,5000,allon,default,allon,default,1,2,priority,oldest,0,0,85,90,0.25,1,2d,lfe,nonlooping,,1,0,0,0,0,0.25,no,no,none,0,,no,,,no,no,no,0,0,yes,no,,0,,no,no,no
wpn_dragunov_lfe_npc,raw\sound\wpn\sniper\dsr\plr\lfe\wpn_dsr_fire_lfe.LN65.pc.snd.wav.wav,wpn_dragunov_fire_dist,loaded,bus_hdrfx,grp_wpn_lfe,snp_wpn_3p,,0,0,88,88,25,225,225,allon,default,allon,default,1,1,priority,oldest,0,0,40,90,0.25,0.75,3d,lfe,nonlooping,,1,0,0,0,0,0.25,no,no,none,0,,no,,,no,no,no,0,0,yes,no,,0,,no,no,no
fly_dragunov_bolt_back,raw\sound\wpn\sniper\reload\fly_sniper_bb.LN65.pc.snd.wav.wav,prj_brass_impact_plr_large_dirt,loaded,bus_fx,grp_foley,snp_foley,,30,0,86,89,0,5000,5000,allon,default,allon,default,8,8,priority,oldest,-88,84,70,70,0.25,1,2d,front,nonlooping,,1,0,0,0,0,0.25,no,yes,none,0,,no,,,yes,no,no,0,0,yes,no,,0,,no,no,no
fly_dragunov_bolt_forward,raw\sound\wpn\sniper\reload\fly_sniper_bf.LN65.pc.snd.wav.wav,,loaded,bus_fx,grp_foley,snp_foley,,30,0,86,89,0,5000,5000,allon,default,allon,default,8,8,priority,oldest,-88,84,70,70,0.25,1,2d,front,nonlooping,,1,0,0,0,0,0.25,no,yes,none,0,,no,,,yes,no,no,0,0,yes,no,,0,,no,no,no
fly_dragunov_mag_in,raw\sound\wpn\sniper\reload\fly_sniper_mag_in.LN65.pc.snd.wav.wav,,loaded,bus_fx,grp_foley,snp_foley,,30,0,86,89,0,5000,5000,allon,default,allon,default,8,8,priority,oldest,-88,84,70,70,0.25,1,2d,front,nonlooping,,1,0,0,0,0,0.25,no,yes,none,0,,no,,,yes,no,no,0,0,yes,no,,0,,no,no,no
fly_dragunov_mag_out,raw\sound\wpn\sniper\reload\fly_sniper_mag_out.LN65.pc.snd.wav.wav,,loaded,bus_fx,grp_foley,snp_foley,,30,0,86,89,0,5000,5000,allon,default,allon,default,8,8,priority,oldest,-88,84,70,70,0.25,1,2d,front,nonlooping,,1,0,0,0,0,0.25,no,yes,none,0,,no,,,yes,no,no,0,0,yes,no,,0,,no,no,no
zmqol_betty_plant_plr,raw\sound\mpl\betty\betty_deploy.LN65.pc.snd.wav,fly_gear_plant_plr,loaded,bus_fx,grp_foley,snp_foley,,80,0,77,79,200,500,500,allon,default,allon,default,3,8,oldest,oldest,-182,165,90,90,0.25,1,3d,default,nonlooping,,1,0,25,50,85,0.1,no,yes,none,0,,no,,,yes,no,no,0,0,yes,no,,0,,no,no,no
zmqol_betty_plant_npc,raw\sound\mpl\betty\betty_deploy.LN65.pc.snd.wav,fly_gear_plant_npc,loaded,bus_fx,grp_foley,snp_foley,,80,0,77,79,200,500,500,allon,default,allon,default,3,8,oldest,oldest,-182,165,90,90,0.25,1,3d,default,nonlooping,,1,0,25,50,85,0.1,no,yes,none,0,,no,,,yes,no,no,0,0,yes,no,,0,,no,no,no
zmqol_betty_jump,raw\sound\mpl\betty\betty_trigger.LN65.pc.snd.wav,,loaded,bus_fx,grp_explosion,snp_explosion,@be1a36a0,50,0,94,94,250,1200,1200,allon,default,allon,default,3,1,priority,reject,-100,100,40,95,0.25,1,3d,default,nonlooping,,1,0,50,300,80,0.2,yes,no,none,0,,no,,,yes,no,no,0,0,yes,no,,0,,no,no,no
fly_mgun_rld_combine,raw\sound\wpn\wavegun\wpn_micro_rld_join.wav,,loaded,bus_fx,grp_foley,snp_foley,,78,0,94,94,0,5000,5000,allon,default,allon,default,8,8,priority,oldest,-88,84,70,70,0.25,1,2d,default,nonlooping,,1,0,0,0,0,0.25,no,yes,none,0,,no,,,yes,no,no,0,0,yes,no,,0,,no,no,no
fly_mgun_rld_left_end,raw\sound\wpn\wavegun\wpn_micro_rld_left_end.wav,,loaded,bus_fx,grp_foley,snp_foley,,78,0,94,94,0,5000,5000,allon,default,allon,default,8,8,priority,oldest,-88,84,70,70,0.25,1,2d,default,nonlooping,,1,0,0,0,0,0.25,no,yes,none,0,,no,,,yes,no,no,0,0,yes,no,,0,,no,no,no
fly_mgun_rld_left_mag_in,raw\sound\wpn\wavegun\wpn_micro_rld_left_mag_in.wav,,loaded,bus_fx,grp_foley,snp_foley,,78,0,94,94,0,5000,5000,allon,default,allon,default,8,8,priority,oldest,-88,84,70,70,0.25,1,2d,default,nonlooping,,1,0,0,0,0,0.25,no,yes,none,0,,no,,,yes,no,no,0,0,yes,no,,0,,no,no,no
fly_mgun_rld_left_start,raw\sound\wpn\wavegun\wpn_micro_rld_left_start.wav,,loaded,bus_fx,grp_foley,snp_foley,,78,0,94,94,0,5000,5000,allon,default,allon,default,8,8,priority,oldest,-88,84,70,70,0.25,1,2d,default,nonlooping,,1,0,0,0,0,0.25,no,yes,none,0,,no,,,yes,no,no,0,0,yes,no,,0,,no,no,no
fly_mgun_rld_rifle_futz,raw\sound\wpn\wavegun\wpn_micro_rld_rifle_futz.wav,,loaded,bus_fx,grp_foley,snp_foley,,78,0,94,94,0,5000,5000,allon,default,allon,default,8,8,priority,oldest,-88,84,70,70,0.25,1,2d,default,nonlooping,,1,0,0,0,0,0.25,no,yes,none,0,,no,,,yes,no,no,0,0,yes,no,,0,,no,no,no
fly_mgun_rld_rifle_mag_in,raw\sound\wpn\wavegun\wpn_micro_rld_rifle_mag_in.wav,,loaded,bus_fx,grp_foley,snp_foley,,78,0,94,94,0,5000,5000,allon,default,allon,default,8,8,priority,oldest,-88,84,70,70,0.25,1,2d,default,nonlooping,,1,0,0,0,0,0.25,no,yes,none,0,,no,,,yes,no,no,0,0,yes,no,,0,,no,no,no
fly_mgun_rld_rifle_mag_out,raw\sound\wpn\wavegun\wpn_micro_rld_rifle_mag_out.wav,,loaded,bus_fx,grp_foley,snp_foley,,78,0,94,94,0,5000,5000,allon,default,allon,default,8,8,priority,oldest,-88,84,70,70,0.25,1,2d,default,nonlooping,,1,0,0,0,0,0.25,no,yes,none,0,,no,,,yes,no,no,0,0,yes,no,,0,,no,no,no
fly_mgun_rld_rifle_power_up,raw\sound\wpn\wavegun\wpn_micro_rld_rifle_power_up.wav,,loaded,bus_fx,grp_foley,snp_foley,,78,0,94,94,0,5000,5000,allon,default,allon,default,8,8,priority,oldest,-88,84,70,70,0.25,1,2d,default,nonlooping,,1,0,0,0,0,0.25,no,yes,none,0,,no,,,yes,no,no,0,0,yes,no,,0,,no,no,no
fly_mgun_rld_rifle_reload_npc_2,raw\sound\wpn\wavegun\fly_mgun_rld_rifle_reload_npc_2_9a9527a3.wav,,loaded,bus_fx,grp_foley,snp_foley,,78,0,94,94,0,5000,5000,allon,default,allon,default,8,8,priority,oldest,-88,84,70,70,0.25,1,2d,default,nonlooping,,1,0,0,0,0,0.25,no,yes,none,0,,no,,,yes,no,no,0,0,yes,no,,0,,no,no,no
fly_mgun_rld_rifle_start,raw\sound\wpn\wavegun\wpn_micro_rld_rifle_start.wav,,loaded,bus_fx,grp_foley,snp_foley,,78,0,94,94,0,5000,5000,allon,default,allon,default,8,8,priority,oldest,-88,84,70,70,0.25,1,2d,default,nonlooping,,1,0,0,0,0,0.25,no,yes,none,0,,no,,,yes,no,no,0,0,yes,no,,0,,no,no,no
fly_mgun_rld_right_end,raw\sound\wpn\wavegun\wpn_micro_rld_right_end.wav,,loaded,bus_fx,grp_foley,snp_foley,,78,0,94,94,0,5000,5000,allon,default,allon,default,8,8,priority,oldest,-88,84,70,70,0.25,1,2d,default,nonlooping,,1,0,0,0,0,0.25,no,yes,none,0,,no,,,yes,no,no,0,0,yes,no,,0,,no,no,no
fly_mgun_rld_right_mag_in,raw\sound\wpn\wavegun\wpn_micro_rld_right_mag_in.wav,,loaded,bus_fx,grp_foley,snp_foley,,78,0,94,94,0,5000,5000,allon,default,allon,default,8,8,priority,oldest,-88,84,70,70,0.25,1,2d,default,nonlooping,,1,0,0,0,0,0.25,no,yes,none,0,,no,,,yes,no,no,0,0,yes,no,,0,,no,no,no
fly_mgun_rld_right_start,raw\sound\wpn\wavegun\wpn_micro_rld_right_start.wav,,loaded,bus_fx,grp_foley,snp_foley,,78,0,94,94,0,5000,5000,allon,default,allon,default,8,8,priority,oldest,-88,84,70,70,0.25,1,2d,default,nonlooping,,1,0,0,0,0,0.25,no,yes,none,0,,no,,,yes,no,no,0,0,yes,no,,0,,no,no,no
fly_mgun_rld_separate,raw\sound\wpn\wavegun\wpn_micro_rld_separate.wav,,loaded,bus_fx,grp_foley,snp_foley,,78,0,94,94,0,5000,5000,allon,default,allon,default,8,8,priority,oldest,-88,84,70,70,0.25,1,2d,default,nonlooping,,1,0,0,0,0,0.25,no,yes,none,0,,no,,,yes,no,no,0,0,yes,no,,0,,no,no,no
wpn_imp_mgun_dual,raw\sound\wpn\wavegun\big_00.wav,wpn_mgun_dual_sizzle,loaded,bus_hdrfx,grp_set_piece,snp_hdrfx,,88,0,91,91,100,425,425,allon,default,allon,default,8,8,priority,oldest,0,0,80,90,0.25,1,3d,default,nonlooping,,1,250,25,50,99,0.25,no,yes,none,0,,no,,,no,no,no,0,0,yes,no,,0,,no,no,no
wpn_imp_mgun_dual,raw\sound\wpn\wavegun\big_01.wav,,loaded,bus_hdrfx,grp_set_piece,snp_hdrfx,,88,0,91,91,100,425,425,allon,default,allon,default,8,8,priority,oldest,0,0,80,90,0.25,1,3d,default,nonlooping,,1,250,25,50,99,0.25,no,yes,none,0,,no,,,no,no,no,0,0,yes,no,,0,,no,no,no
wpn_mgun_1straise_npc,raw\sound\wpn\wavegun\rattle_00.wav,,loaded,bus_fx,grp_foley,snp_foley,,82,0,91,93,75,500,500,allon,default,allon,default,4,8,priority,oldest,-88,84,15,30,0.25,1,3d,default,nonlooping,,1,0,0,0,0,0.25,no,yes,none,0,,no,,,yes,no,no,0,0,yes,no,,0,,no,no,no
wpn_mgun_1straise_npc,raw\sound\wpn\wavegun\rattle_01.wav,,loaded,bus_fx,grp_foley,snp_foley,,82,0,91,93,75,500,500,allon,default,allon,default,4,8,priority,oldest,-88,84,15,30,0.25,1,3d,default,nonlooping,,1,0,0,0,0,0.25,no,yes,none,0,,no,,,yes,no,no,0,0,yes,no,,0,,no,no,no
wpn_mgun_1straise_npc,raw\sound\wpn\wavegun\rattle_02.wav,,loaded,bus_fx,grp_foley,snp_foley,,82,0,91,93,75,500,500,allon,default,allon,default,4,8,priority,oldest,-88,84,15,30,0.25,1,3d,default,nonlooping,,1,0,0,0,0,0.25,no,yes,none,0,,no,,,yes,no,no,0,0,yes,no,,0,,no,no,no
wpn_mgun_1straise_npc,raw\sound\wpn\wavegun\rattle_03.wav,,loaded,bus_fx,grp_foley,snp_foley,,82,0,91,93,75,500,500,allon,default,allon,default,4,8,priority,oldest,-88,84,15,30,0.25,1,3d,default,nonlooping,,1,0,0,0,0,0.25,no,yes,none,0,,no,,,yes,no,no,0,0,yes,no,,0,,no,no,no
wpn_mgun_1straise_npc,raw\sound\wpn\wavegun\rattle_04.wav,,loaded,bus_fx,grp_foley,snp_foley,,82,0,91,93,75,500,500,allon,default,allon,default,4,8,priority,oldest,-88,84,15,30,0.25,1,3d,default,nonlooping,,1,0,0,0,0,0.25,no,yes,none,0,,no,,,yes,no,no,0,0,yes,no,,0,,no,no,no
wpn_mgun_1straise_plr,raw\sound\wpn\wavegun\wpn_mgun_1straise_plr_1dd976bf.wav,,loaded,bus_fx,grp_foley,snp_foley,,78,0,95,95,0,5000,5000,allon,default,allon,default,8,8,priority,oldest,-88,84,70,70,0.25,1,2d,default,nonlooping,,1,0,0,0,0,0.25,no,yes,none,0,,no,,,yes,no,no,0,0,yes,no,,0,,no,no,no
wpn_mgun_1straise_plr,raw\sound\wpn\wavegun\wpn_mgun_1straise_plr_ab7dea7e.wav,,loaded,bus_fx,grp_foley,snp_foley,,78,0,95,95,0,5000,5000,allon,default,allon,default,8,8,priority,oldest,-88,84,70,70,0.25,1,2d,default,nonlooping,,1,0,0,0,0,0.25,no,yes,none,0,,no,,,yes,no,no,0,0,yes,no,,0,,no,no,no
wpn_mgun_1straise_plr,raw\sound\wpn\wavegun\wpn_mgun_1straise_plr_39225e3d.wav,,loaded,bus_fx,grp_foley,snp_foley,,78,0,95,95,0,5000,5000,allon,default,allon,default,8,8,priority,oldest,-88,84,70,70,0.25,1,2d,default,nonlooping,,1,0,0,0,0,0.25,no,yes,none,0,,no,,,yes,no,no,0,0,yes,no,,0,,no,no,no
wpn_mgun_1straise_plr,raw\sound\wpn\wavegun\wpn_mgun_1straise_plr_c6c6d1fc.wav,,loaded,bus_fx,grp_foley,snp_foley,,78,0,95,95,0,5000,5000,allon,default,allon,default,8,8,priority,oldest,-88,84,70,70,0.25,1,2d,default,nonlooping,,1,0,0,0,0,0.25,no,yes,none,0,,no,,,yes,no,no,0,0,yes,no,,0,,no,no,no
wpn_mgun_1straise_plr,raw\sound\wpn\wavegun\wpn_mgun_1straise_plr_546b45bb.wav,,loaded,bus_fx,grp_foley,snp_foley,,78,0,95,95,0,5000,5000,allon,default,allon,default,8,8,priority,oldest,-88,84,70,70,0.25,1,2d,default,nonlooping,,1,0,0,0,0,0.25,no,yes,none,0,,no,,,yes,no,no,0,0,yes,no,,0,,no,no,no
wpn_mgun_dryfire_npc,raw\sound\wpn\wavegun\dry_fire_00.wav,,loaded,bus_fx,grp_weapon,snp_wpn_3p,,70,0,85,85,900,900,901,cosdelay,alloff,cosdelay,default,8,2,priority,oldest,-100,100,50,90,0.25,0.8,3d,default,nonlooping,pitch,1,0,0,0,0,0.25,no,no,none,0,,no,,,yes,no,no,0,0,yes,no,,0,,no,no,no
wpn_mgun_dryfire_plr,raw\sound\wpn\wavegun\wpn_mgun_dryfire_plr_dry_fire_00.wav,,loaded,bus_fx,grp_weapon,snp_wpn_1p,,70,0,93,93,0,5000,5000,allon,default,allon,default,2,8,oldest,oldest,0,0,90,90,0.25,1,2d,front_mostly,nonlooping,,1,0,0,0,0,0.25,no,no,none,0,,no,,,yes,no,no,0,0,yes,no,,0,,no,no,no
wpn_mgun_dual_dryfire_npc,raw\sound\wpn\wavegun\wpn_mgun_dual_dryfire_npc_c720252d.wav,,loaded,bus_fx,grp_weapon,snp_wpn_3p,,65,0,88,88,900,900,901,cosdelay,alloff,cosdelay,default,6,2,priority,oldest,-88,84,20,90,0.25,0.8,3d,default,nonlooping,pitch,1,0,0,0,0,0.25,no,no,none,0,,no,,,yes,no,no,0,0,yes,no,,0,,no,no,no
wpn_mgun_dual_dryfire_plr_lh,raw\sound\wpn\wavegun\wpn_mgun_dual_dryfire_plr_lh_e58164d8.wav,,loaded,bus_fx,grp_weapon,snp_wpn_1p,,70,0,88,88,0,5000,5000,allon,default,allon,default,2,8,oldest,oldest,0,0,90,90,0.25,1,2d,wpn_left,nonlooping,,1,0,0,0,0,0.25,no,no,none,0,,no,,,yes,no,no,0,0,yes,no,,0,,no,no,no
wpn_mgun_dual_dryfire_plr_rh,raw\sound\wpn\wavegun\wpn_mgun_dual_dryfire_plr_lh_e58164d8.wav,,loaded,bus_fx,grp_weapon,snp_wpn_1p,,70,0,88,88,0,5000,5000,allon,default,allon,default,2,8,oldest,oldest,0,0,90,90,0.25,1,2d,wpn_right,nonlooping,,1,0,0,0,0,0.25,no,no,none,0,,no,,,yes,no,no,0,0,yes,no,,0,,no,no,no
wpn_mgun_dual_fire_last_npc,raw\sound\wpn\wavegun\microwave_shot.wav,wpn_mgun_dual_flux_l_npc,loaded,bus_fx,grp_weapon,snp_wpn_3p,,65,0,95,95,250,3500,4000,cosdelay,alloff,cosdelay,default,6,2,priority,oldest,-88,84,20,90,0.25,0.8,3d,default,nonlooping,pitch,1,0,0,0,0,0.3,no,no,none,0,,no,,,yes,no,no,0,0,yes,no,,0,,no,no,no
wpn_mgun_dual_fire_last_plr_lh,raw\sound\wpn\wavegun\wpn_mgun_dual_fire_last_plr_lh_microwave_shot.wav,wpn_mgun_dual_fire_plr_rear,loaded,bus_fx,grp_weapon,snp_wpn_1p,@3feaef6f,70,0,92,92,0,5000,5000,allon,default,allon,default,2,8,oldest,oldest,0,0,90,90,0.25,1,2d,wpn_left,nonlooping,,1,0,0,0,0,0.25,no,no,none,0,,no,,,yes,no,no,0,0,yes,no,,0,,no,no,no
wpn_mgun_dual_fire_last_plr_rh,raw\sound\wpn\wavegun\wpn_mgun_dual_fire_last_plr_rh_8c1e8a21.wav,,loaded,bus_fx,grp_weapon,snp_wpn_1p,@3feaef6f,70,0,92,92,0,5000,5000,allon,default,allon,default,2,8,oldest,oldest,0,0,90,90,0.25,1,2d,wpn_right,nonlooping,,1,0,0,0,0,0.25,no,no,none,0,,no,,,yes,no,no,0,0,yes,no,,0,,no,no,no
wpn_mgun_dual_fire_npc,raw\sound\wpn\wavegun\wpn_mgun_dual_fire_npc_d053198c.wav,,loaded,bus_fx,grp_weapon,snp_wpn_3p,,65,0,95,95,250,3500,4000,cosdelay,alloff,cosdelay,default,6,2,priority,oldest,-88,84,20,90,0.25,0.8,3d,default,nonlooping,pitch,1,0,0,0,0,0.3,no,no,none,0,,no,,,yes,no,no,0,0,yes,no,,0,,no,no,no
wpn_mgun_dual_fire_plr_lh,raw\sound\wpn\wavegun\wpn_mgun_dual_fire_last_plr_rh_8c1e8a21.wav,,loaded,bus_fx,grp_weapon,snp_wpn_1p,@3feaef6f,70,0,95,95,0,5000,5000,allon,default,allon,default,2,8,oldest,oldest,0,0,90,90,0.25,1,2d,wpn_left,nonlooping,,1,0,0,0,0,0.25,no,no,none,0,,no,,,yes,no,no,0,0,yes,no,,0,,no,no,no
wpn_mgun_dual_fire_plr_rear,raw\sound\wpn\wavegun\microwave_shot_rear.wav,wpn_mgun_dual_flux_l_plr,loaded,bus_fx,grp_weapon,snp_wpn_1p,,70,0,95,95,0,5000,5000,allon,default,allon,default,2,8,oldest,oldest,0,0,90,90,0.25,1,2d,back,nonlooping,,1,0,0,0,0,0.25,no,no,none,0,,no,,,yes,no,no,0,0,yes,no,,0,,no,no,no
wpn_mgun_dual_fire_plr_rh,raw\sound\wpn\wavegun\wpn_mgun_dual_fire_last_plr_rh_8c1e8a21.wav,,loaded,bus_fx,grp_weapon,snp_wpn_1p,@3feaef6f,70,0,95,95,0,5000,5000,allon,default,allon,default,2,8,oldest,oldest,0,0,90,90,0.25,1,2d,wpn_right,nonlooping,,1,0,0,0,0,0.25,no,no,none,0,,no,,,yes,no,no,0,0,yes,no,,0,,no,no,no
wpn_mgun_dual_flux_l_npc,raw\sound\wpn\wavegun\microwave_flux_l.wav,wpn_mgun_dual_flux_r_plr,loaded,bus_fx,grp_weapon,snp_wpn_3p,,84,0,75,75,25,900,900,allon,default,allon,default,8,4,priority,priority,-34,34,85,90,0.25,1,3d,default,nonlooping,pitch,1,0,0,0,0,0.25,no,no,left_shot,4000,,no,,,yes,no,no,0,0,yes,no,,0,,no,no,no
wpn_mgun_dual_flux_l_plr,raw\sound\wpn\wavegun\wpn_mgun_dual_flux_l_plr_7472956b.wav,,loaded,bus_fx,grp_weapon,snp_wpn_3p,,84,0,75,75,25,900,900,allon,default,allon,default,8,4,priority,priority,-34,34,85,90,0.25,1,3d,default,nonlooping,pitch,1,0,0,0,0,0.25,no,no,left_shot,4000,,no,,,yes,no,no,0,0,yes,no,,0,,no,no,no
wpn_mgun_dual_flux_r_plr,raw\sound\wpn\wavegun\wpn_mgun_dual_flux_r_plr_c64d4be5.wav,,loaded,bus_fx,grp_weapon,snp_wpn_3p,,84,0,75,75,25,900,900,allon,default,allon,default,8,4,priority,priority,-34,34,85,90,0.25,1,3d,default,nonlooping,pitch,1,0,0,0,0,0.25,no,no,right_shot,4000,,no,,,yes,no,no,0,0,yes,no,,0,,no,no,no
wpn_mgun_dual_impact,raw\sound\wpn\wavegun\proj_impact.wav,,loaded,bus_hdrfx,grp_set_piece,snp_hdrfx,,88,0,91,91,100,1250,1250,allon,default,allon,default,8,8,priority,oldest,-182,165,80,90,0.25,1,3d,default,nonlooping,,1,0,25,50,99,0.25,no,yes,none,0,,no,,,no,no,no,0,0,yes,no,,0,,no,no,no
wpn_mgun_dual_proj_loop,raw\sound\wpn\wavegun\proj_loop.wav,,loaded,bus_hdrfx,grp_set_piece,snp_hdrfx,,88,0,91,91,100,350,350,allon,default,allon,default,8,8,priority,oldest,0,0,25,35,0.25,1,3d,default,looping,,1,0,25,50,99,0.25,no,yes,none,0,,no,,,no,no,no,0,0,yes,no,,0,,no,no,no
wpn_mgun_dual_sizzle,raw\sound\wpn\wavegun\sizzle_00.wav,,loaded,bus_hdrfx,grp_set_piece,snp_hdrfx,,88,0,91,91,50,190,190,allon,default,allon,default,8,8,priority,oldest,0,0,10,20,0.25,1,3d,default,nonlooping,,1,290,25,50,99,0.25,no,yes,none,0,,no,,,no,no,no,0,0,yes,no,,0,,no,no,no
wpn_mgun_explode_zombie,raw\sound\wpn\wavegun\wpn_mgun_explode_zombie_8a417db0.wav,,loaded,bus_hdrfx,grp_set_piece,snp_hdrfx,,88,0,95,95,250,1250,1250,allon,default,allon,default,8,8,priority,oldest,-182,165,80,90,0.25,1,3d,default,nonlooping,,1,0,25,50,99,0.25,no,no,none,0,,no,,,no,no,no,0,0,yes,no,,0,,no,no,no
wpn_mgun_explode_zombie,raw\sound\wpn\wavegun\wpn_mgun_explode_zombie_17e5f16f.wav,,loaded,bus_hdrfx,grp_set_piece,snp_hdrfx,,88,0,95,95,250,1250,1250,allon,default,allon,default,8,8,priority,oldest,-182,165,80,90,0.25,1,3d,default,nonlooping,,1,0,25,50,99,0.25,no,no,none,0,,no,,,no,no,no,0,0,yes,no,,0,,no,no,no
wpn_mgun_explode_zombie,raw\sound\wpn\wavegun\wpn_mgun_explode_zombie_a58a652e.wav,,loaded,bus_hdrfx,grp_set_piece,snp_hdrfx,,88,0,95,95,250,1250,1250,allon,default,allon,default,8,8,priority,oldest,-182,165,80,90,0.25,1,3d,default,nonlooping,,1,0,25,50,99,0.25,no,no,none,0,,no,,,no,no,no,0,0,yes,no,,0,,no,no,no
wpn_mgun_fire_npc,raw\sound\wpn\wavegun\microwave_rifle_shot.wav,wpn_mgun_fire_npc_lfe,loaded,bus_hdrfx,grp_set_piece,snp_hdrfx,,88,0,91,91,50,775,1050,allon,default,allon,default,8,8,priority,oldest,0,0,80,90,0.25,1,3d,default,nonlooping,,1,0,25,150,93,0.25,no,no,none,0,,no,,,no,no,no,0,0,yes,no,,0,,no,no,no
wpn_mgun_fire_npc_last,raw\sound\wpn\wavegun\wpn_mgun_fire_npc_last_42d7beca.wav,,loaded,bus_hdrfx,grp_set_piece,snp_hdrfx,,88,0,91,91,50,775,1050,allon,default,allon,default,8,8,priority,oldest,0,0,80,90,0.25,1,3d,default,nonlooping,,1,0,25,150,93,0.25,no,no,none,0,,no,,,no,no,no,0,0,yes,no,,0,,no,no,no
wpn_mgun_fire_npc_lfe,raw\sound\wpn\wavegun\wpn_mgun_fire_npc_lfe_c36117fb.wav,wpn_mgun_flux_left,loaded,bus_hdrfx,grp_set_piece,snp_hdrfx,,0,0,91,91,750,2000,2250,allon,default,allon,default,8,8,priority,oldest,0,0,99,100,0,1,3d,lfe,nonlooping,,1,0,0,0,0,0,no,no,none,0,,no,,,no,no,no,0,0,yes,no,,0,,no,no,no
wpn_mgun_fire_plr,raw\sound\wpn\wavegun\wpn_mgun_fire_plr_microwave_rifle_shot.wav,wpn_mgun_fire_rear,loaded,bus_hdrfx,grp_set_piece,snp_hdrfx,,95,0,93,93,0,5000,5000,allon,default,allon,default,8,8,priority,oldest,0,0,100,100,0.25,1,2d,wpn_all,nonlooping,,1,0,0,0,0,0.25,no,yes,none,0,,no,,,no,no,no,0,0,yes,no,,0,,no,no,no
wpn_mgun_fire_plr_last,raw\sound\wpn\wavegun\wpn_mgun_fire_plr_last_0d77ffdf.wav,,loaded,bus_hdrfx,grp_set_piece,snp_hdrfx,,95,0,93,93,0,5000,5000,allon,default,allon,default,8,8,priority,oldest,0,0,100,100,0.25,1,2d,wpn_all,nonlooping,,1,0,0,0,0,0.25,no,yes,none,0,,no,,,no,no,no,0,0,yes,no,,0,,no,no,no
wpn_mgun_fire_rear,raw\sound\wpn\wavegun\wpn_mgun_fire_rear_a00fad34.wav,,loaded,bus_hdrfx,grp_set_piece,snp_hdrfx,,95,0,88,88,0,5000,5000,allon,default,allon,default,8,8,priority,oldest,0,0,80,90,0.25,1,2d,wpn_rear,nonlooping,,1,200,0,0,0,0.25,no,yes,none,0,,no,,,no,no,no,0,0,yes,no,,0,,no,no,no
wpn_mgun_flux_left,raw\sound\wpn\wavegun\wpn_mgun_dual_flux_l_plr_7472956b.wav,wpn_mgun_flux_right,loaded,bus_hdrfx,grp_set_piece,snp_hdrfx,,88,0,93,95,75,1000,1000,allon,default,allon,default,8,3,priority,oldest,-182,195,75,85,0.25,1,3d,default,nonlooping,,1,0,25,75,86,0.4,no,no,left_shot,6000,,no,,,no,no,no,0,0,yes,no,,0,,no,no,no
wpn_mgun_flux_right,raw\sound\wpn\wavegun\wpn_mgun_dual_flux_r_plr_c64d4be5.wav,,loaded,bus_hdrfx,grp_set_piece,snp_hdrfx,,88,0,93,95,75,1000,1000,allon,default,allon,default,8,3,priority,oldest,-175,200,75,85,0.25,1,3d,default,nonlooping,,1,50,25,75,86,0.4,no,no,right_shot,6000,,no,,,no,no,no,0,0,yes,no,,0,,no,no,no
wpn_mgun_pickup_npc,raw\sound\wpn\wavegun\pickup_00.wav,,loaded,bus_fx,grp_foley,snp_foley,,82,0,85,87,75,500,500,allon,default,allon,default,8,1,priority,reject,-88,84,15,30,0.25,1,3d,default,nonlooping,,1,0,0,0,0,0.25,no,yes,none,0,,no,,,yes,no,no,0,0,yes,no,,0,,no,no,no
wpn_mgun_pickup_npc,raw\sound\wpn\wavegun\pickup_01.wav,,loaded,bus_fx,grp_foley,snp_foley,,82,0,85,87,75,500,500,allon,default,allon,default,8,1,priority,reject,-88,84,15,30,0.25,1,3d,default,nonlooping,,1,0,0,0,0,0.25,no,yes,none,0,,no,,,yes,no,no,0,0,yes,no,,0,,no,no,no
wpn_mgun_pickup_npc,raw\sound\wpn\wavegun\pickup_02.wav,,loaded,bus_fx,grp_foley,snp_foley,,82,0,85,87,75,500,500,allon,default,allon,default,8,1,priority,reject,-88,84,15,30,0.25,1,3d,default,nonlooping,,1,0,0,0,0,0.25,no,yes,none,0,,no,,,yes,no,no,0,0,yes,no,,0,,no,no,no
wpn_mgun_pickup_plr,raw\sound\wpn\wavegun\wpn_mgun_pickup_plr_17062001.wav,,loaded,bus_fx,grp_foley,snp_foley,,78,0,85,87,0,5000,5000,allon,default,allon,default,1,8,reject,oldest,-88,84,70,70,0.25,1,2d,default,nonlooping,,1,0,0,0,0,0.25,no,yes,none,0,,no,,,yes,no,no,0,0,yes,no,,0,,no,no,no
wpn_mgun_pickup_plr,raw\sound\wpn\wavegun\wpn_mgun_pickup_plr_a4aa93c0.wav,,loaded,bus_fx,grp_foley,snp_foley,,78,0,85,87,0,5000,5000,allon,default,allon,default,1,8,reject,oldest,-88,84,70,70,0.25,1,2d,default,nonlooping,,1,0,0,0,0,0.25,no,yes,none,0,,no,,,yes,no,no,0,0,yes,no,,0,,no,no,no
wpn_mgun_pickup_plr,raw\sound\wpn\wavegun\wpn_mgun_pickup_plr_324f077f.wav,,loaded,bus_fx,grp_foley,snp_foley,,78,0,85,87,0,5000,5000,allon,default,allon,default,1,8,reject,oldest,-88,84,70,70,0.25,1,2d,default,nonlooping,,1,0,0,0,0,0.25,no,yes,none,0,,no,,,yes,no,no,0,0,yes,no,,0,,no,no,no
wpn_mgun_raise_npc,raw\sound\wpn\wavegun\wpn_mgun_1straise_plr_1dd976bf.wav,,loaded,bus_fx,grp_foley,snp_foley,,82,0,91,93,75,500,500,allon,default,allon,default,4,8,priority,oldest,-88,84,15,30,0.25,1,3d,default,nonlooping,,1,0,0,0,0,0.25,no,yes,none,0,,no,,,yes,no,no,0,0,yes,no,,0,,no,no,no
wpn_mgun_raise_npc,raw\sound\wpn\wavegun\wpn_mgun_1straise_plr_ab7dea7e.wav,,loaded,bus_fx,grp_foley,snp_foley,,82,0,91,93,75,500,500,allon,default,allon,default,4,8,priority,oldest,-88,84,15,30,0.25,1,3d,default,nonlooping,,1,0,0,0,0,0.25,no,yes,none,0,,no,,,yes,no,no,0,0,yes,no,,0,,no,no,no
wpn_mgun_raise_npc,raw\sound\wpn\wavegun\wpn_mgun_1straise_plr_39225e3d.wav,,loaded,bus_fx,grp_foley,snp_foley,,82,0,91,93,75,500,500,allon,default,allon,default,4,8,priority,oldest,-88,84,15,30,0.25,1,3d,default,nonlooping,,1,0,0,0,0,0.25,no,yes,none,0,,no,,,yes,no,no,0,0,yes,no,,0,,no,no,no
wpn_mgun_raise_npc,raw\sound\wpn\wavegun\wpn_mgun_1straise_plr_c6c6d1fc.wav,,loaded,bus_fx,grp_foley,snp_foley,,82,0,91,93,75,500,500,allon,default,allon,default,4,8,priority,oldest,-88,84,15,30,0.25,1,3d,default,nonlooping,,1,0,0,0,0,0.25,no,yes,none,0,,no,,,yes,no,no,0,0,yes,no,,0,,no,no,no
wpn_mgun_raise_npc,raw\sound\wpn\wavegun\wpn_mgun_1straise_plr_546b45bb.wav,,loaded,bus_fx,grp_foley,snp_foley,,82,0,91,93,75,500,500,allon,default,allon,default,4,8,priority,oldest,-88,84,15,30,0.25,1,3d,default,nonlooping,,1,0,0,0,0,0.25,no,yes,none,0,,no,,,yes,no,no,0,0,yes,no,,0,,no,no,no
wpn_mgun_raise_plr,raw\sound\wpn\wavegun\wpn_mgun_1straise_plr_1dd976bf.wav,,loaded,bus_fx,grp_foley,snp_foley,,78,0,95,95,0,5000,5000,allon,default,allon,default,8,8,priority,oldest,-88,84,70,70,0.25,1,2d,default,nonlooping,,1,0,0,0,0,0.25,no,yes,none,0,,no,,,yes,no,no,0,0,yes,no,,0,,no,no,no
wpn_mgun_raise_plr,raw\sound\wpn\wavegun\wpn_mgun_1straise_plr_ab7dea7e.wav,,loaded,bus_fx,grp_foley,snp_foley,,78,0,95,95,0,5000,5000,allon,default,allon,default,8,8,priority,oldest,-88,84,70,70,0.25,1,2d,default,nonlooping,,1,0,0,0,0,0.25,no,yes,none,0,,no,,,yes,no,no,0,0,yes,no,,0,,no,no,no
wpn_mgun_raise_plr,raw\sound\wpn\wavegun\wpn_mgun_1straise_plr_39225e3d.wav,,loaded,bus_fx,grp_foley,snp_foley,,78,0,95,95,0,5000,5000,allon,default,allon,default,8,8,priority,oldest,-88,84,70,70,0.25,1,2d,default,nonlooping,,1,0,0,0,0,0.25,no,yes,none,0,,no,,,yes,no,no,0,0,yes,no,,0,,no,no,no
wpn_mgun_raise_plr,raw\sound\wpn\wavegun\wpn_mgun_1straise_plr_c6c6d1fc.wav,,loaded,bus_fx,grp_foley,snp_foley,,78,0,95,95,0,5000,5000,allon,default,allon,default,8,8,priority,oldest,-88,84,70,70,0.25,1,2d,default,nonlooping,,1,0,0,0,0,0.25,no,yes,none,0,,no,,,yes,no,no,0,0,yes,no,,0,,no,no,no
wpn_mgun_raise_plr,raw\sound\wpn\wavegun\wpn_mgun_1straise_plr_546b45bb.wav,,loaded,bus_fx,grp_foley,snp_foley,,78,0,95,95,0,5000,5000,allon,default,allon,default,8,8,priority,oldest,-88,84,70,70,0.25,1,2d,default,nonlooping,,1,0,0,0,0,0.25,no,yes,none,0,,no,,,yes,no,no,0,0,yes,no,,0,,no,no,no
zmqol_bank_withdraw,raw\sound\zmb\vault\bank_withdraw.LN65.pc.snd.wav,,loaded,bus_hdrfx,grp_hdrfx,snp_hdrfx,,19.234,0,83,83,0,5000,5000,allon,default,allon,default,8,8,priority,oldest,0,0,95,100,0,1,2d,front,nonlooping,,1,0,0,0,0,0,no,yes,none,0,,no,,,yes,no,no,0,0,yes,no,,0,,no,no,no
zmqol_bank_deposit,raw\sound\zmb\vault\bank_deposit.LN65.pc.snd.wav,,loaded,bus_hdrfx,grp_hdrfx,snp_hdrfx,,19.234,0,83,83,0,5000,5000,allon,default,allon,default,8,8,priority,oldest,0,0,95,100,0,1,2d,front,nonlooping,,1,0,0,0,0,0,no,yes,none,0,,no,,,yes,no,no,0,0,yes,no,,0,,no,no,no
zmqol_locker_open,raw\sound\zmb\level\zm_buried\locker\takeout.LN65.pc.snd.wav,,loaded,bus_hdrfx,grp_hdrfx,snp_hdrfx,,19.234,0,88,88,0,5000,5000,allon,default,allon,default,8,8,priority,oldest,0,0,95,100,0,1,2d,front,nonlooping,,1,0,0,0,0,0,no,yes,none,0,,no,,,yes,no,no,0,0,yes,no,,0,,no,no,no
zmqol_locker_close,raw\sound\zmb\level\zm_buried\locker\putin.LN65.pc.snd.wav,,loaded,bus_hdrfx,grp_hdrfx,snp_hdrfx,,19.234,0,88,88,0,5000,5000,allon,default,allon,default,8,8,priority,oldest,0,0,95,100,0,1,2d,front,nonlooping,,1,0,0,0,0,0,no,yes,none,0,,no,,,yes,no,no,0,0,yes,no,,0,,no,no,no
zmqol_ww_appear,raw\sound\zmb\level\zm_highrise\ww\ww_pop2.LN65.pc.snd.wav,,loaded,bus_hdrfx,grp_hdrfx,snp_scripted_moment,,60,0,79,79,450,1775,1775,allon,default,allon,default,8,8,priority,oldest,0,0,95,100,0.25,1,3d,default,nonlooping,,1,0,0,0,0,0,no,no,none,0,,no,,,no,no,no,0,0,yes,no,,0,,no,no,no
zmqol_ww_disappear,raw\sound\zmb\level\zm_highrise\ww\ww_pop.LN65.pc.snd.wav,,loaded,bus_hdrfx,grp_hdrfx,snp_scripted_moment,,60,0,79,79,450,1775,1775,allon,default,allon,default,8,8,priority,oldest,0,0,95,100,0.25,1,3d,default,nonlooping,,1,0,0,0,0,0,no,no,none,0,,no,,,no,no,no,0,0,yes,no,,0,,no,no,no
zmqol_phd_jingle,raw\sound\mus\zombie\perksacola\mus_phd_jingle.SN55.pc.snd.flac,,streamed,bus_fx,grp_ambience,snp_x3,@866cadbc,70,0,84,84,125,550,750,allon,default,allon,default,6,8,priority,oldest,-50,50,10,50,0,1,3d,default,nonlooping,,1,0,0,0,0,0.65,no,yes,none,0,,no,,,yes,no,no,0,0,yes,no,,0,,no,no,no
zmqol_phd_sting,raw\sound\mus\zombie\perksacola\mus_phd_sting.SN55.pc.snd.flac,,streamed,bus_fx,grp_ambience,snp_x3,@866cadbc,70,0,84,84,125,550,750,allon,default,allon,default,6,8,priority,oldest,-50,50,10,50,0,1,3d,default,nonlooping,,1,0,0,0,0,0.65,no,yes,none,0,,no,,,yes,no,no,0,0,yes,no,,0,,no,no,no
